student_1_id,student_2_id,course_similarity,gpa_similarity,commitment_similarity,age_similarity,year_similarity,shared_courses,simulated_probability,successful_collaboration
282,543,0.4,0.78,0.25,0.8333,0.75,2,0.42782172122058776,1
817,276,0.2,0.345,0.5,0.5833,1.0,1,0.4174165143356394,0
482,55,0.4,0.505,0.25,0.75,0.75,2,0.4295963810204216,1
6,268,0.2,0.835,0.5,0.25,0.75,1,0.45536568178725995,1
586,661,0.2,0.51,0.5,0.8333,0.25,1,0.42372903555360286,0
969,769,0.2,0.77,1.0,0.8333,0.75,1,0.5785629916919142,1
378,349,0.2,0.775,0.25,0.6667,1.0,1,0.43411384211776166,1
232,749,0.6,0.485,0.75,0.8333,0.5,3,0.55537303671177,1
340,743,0.4,0.84,0.0,0.5833,0.5,2,0.4888252236626355,1
64,690,0.2,0.71,0.5,0.6667,1.0,1,0.5158214603792564,1
844,364,0.2,0.57,0.25,0.8333,0.5,1,0.3001957835550988,0
232,41,0.2,0.635,0.75,0.75,1.0,1,0.6142265551785333,0
336,399,0.2,0.735,0.75,0.3333,0.0,1,0.3301415586365955,0
131,858,0.2,0.325,0.0,0.6667,0.25,1,0.23985933296780249,0
625,812,0.2,1.0,0.5,0.25,0.5,1,0.39915851404357894,0
112,553,0.2,0.69,0.25,0.75,1.0,1,0.37944869796312464,1
143,775,0.2,0.74,0.5,1.0,0.5,1,0.565386577915071,1
437,800,0.2,0.715,1.0,0.5833,1.0,1,0.6648873943525089,0
764,218,0.2,0.77,0.75,0.3333,1.0,1,0.4363191492020885,1
799,199,0.2,0.805,1.0,1.0,0.25,1,0.5442718562162522,1
105,684,0.2,0.48,0.5,0.6667,0.5,1,0.3677825649981706,0
170,413,0.4,0.9,1.0,0.6667,1.0,2,0.7629137427011883,1
800,673,0.2,0.925,0.5,0.75,1.0,1,0.4780323338959846,0
149,549,0.2,0.95,0.25,0.6667,0.75,1,0.4833761519118853,0
583,255,0.2,0.965,0.25,0.5,0.75,1,0.34163637037627964,0
121,469,0.4,0.865,0.75,1.0,0.5,2,0.6800083232785816,0
317,576,0.2,0.905,0.25,0.25,0.25,1,0.4168563024322568,0
226,334,0.2,0.82,0.75,0.8333,0.75,1,0.5828593119289627,0
973,533,0.2,0.77,0.25,0.6667,1.0,1,0.3523746124000239,0
368,558,0.2,0.965,0.0,0.5,0.5,1,0.3600608378449265,0
437,101,0.2,0.845,0.5,0.75,0.5,1,0.4911523240068766,0
195,827,0.2,0.925,0.75,0.5833,0.5,1,0.520280926950119,0
124,258,0.2,0.71,1.0,0.4167,1.0,1,0.6468315678549422,0
876,31,0.2,0.565,0.75,0.4167,0.25,1,0.485425992351804,1
83,301,0.2,0.785,0.75,0.6667,0.75,1,0.5528924044897163,1
454,658,0.2,0.275,1.0,0.3333,0.75,1,0.4618069925877119,1
287,277,0.2,0.965,1.0,0.4167,0.75,1,0.4947835808463669,0
413,782,0.4,0.57,0.5,0.5833,0.5,2,0.551433260594079,0
945,394,0.6,0.555,0.5,0.25,0.5,3,0.6078680111880528,0
691,547,0.2,0.865,0.75,0.75,0.75,1,0.49980981544726805,0
92,960,0.2,0.57,0.5,0.75,0.5,1,0.3420331342133779,0
367,733,0.2,0.69,0.5,1.0,0.25,1,0.5196222090888746,1
938,985,0.2,0.825,0.25,0.75,0.25,1,0.3465124599765439,0
618,168,0.2,0.09,0.75,0.8333,0.75,1,0.33942288844440816,1
1000,354,0.2,0.29,0.5,1.0,0.0,1,0.3236962216515306,1
459,77,0.2,0.835,0.75,1.0,0.25,1,0.596030108672196,1
292,55,0.4,0.91,0.5,0.5833,1.0,2,0.5271315017088334,1
810,512,0.2,0.995,0.5,0.75,1.0,1,0.5627052712938052,1
841,604,0.2,0.865,0.5,0.5833,0.75,1,0.4753287992455405,1
449,240,0.2,0.585,0.0,0.8333,0.75,1,0.3776556911427088,0
490,717,0.2,0.45,0.5,0.25,0.5,1,0.259717788998275,0
531,799,0.2,0.62,0.5,0.3333,1.0,1,0.49285113250873114,0
459,960,0.2,0.855,0.75,0.75,0.0,1,0.39173018331341075,1
584,154,0.2,0.71,0.5,0.75,0.75,1,0.507997929204795,0
336,582,0.4,0.47,1.0,0.75,0.75,2,0.6100860886110613,1
609,978,0.2,0.245,0.5,0.6667,1.0,1,0.3163069634233809,0
560,889,0.4,0.47,0.0,1.0,1.0,2,0.33373325686616734,1
299,664,0.2,0.795,0.25,0.25,0.25,1,0.23774763467630344,0
645,68,0.4,0.665,1.0,0.9167,0.5,2,0.6808741509211275,1
830,770,0.2,0.68,0.5,0.3333,0.25,1,0.44791374338716194,0
366,946,0.2,0.535,0.25,0.75,0.75,1,0.30855845927488945,0
673,192,0.2,0.72,0.5,0.5833,0.75,1,0.3515735784547096,0
591,201,0.2,0.72,1.0,0.8333,1.0,1,0.6201114322027443,0
810,659,0.4,0.78,0.75,0.6667,0.25,2,0.5625981334254948,0
905,31,0.4,0.49,0.75,0.3333,0.75,2,0.562044022539134,0
351,873,0.2,0.225,0.75,0.5833,0.75,1,0.40948586082387334,1
201,144,0.2,0.46,0.25,0.75,1.0,1,0.357103985825879,0
654,253,0.2,0.37,0.0,0.9167,0.5,1,0.30395980373090487,1
401,851,0.2,0.765,0.25,0.9167,0.75,1,0.49719457401483824,0
984,924,0.2,0.68,0.75,0.6667,0.75,1,0.5959242368957318,0
169,267,0.2,0.78,0.5,0.3333,0.75,1,0.34625138958643265,0
227,890,0.2,0.695,0.5,0.9167,0.25,1,0.4648395356104828,1
401,379,0.2,0.85,0.25,0.6667,0.25,1,0.33483084358939424,0
792,697,0.4,0.725,1.0,0.3333,1.0,2,0.6095409500540226,1
301,465,0.2,0.975,0.5,0.25,0.75,1,0.37275452632720446,0
208,110,0.2,0.85,0.5,0.6667,0.75,1,0.41748917424340914,1
430,488,0.2,0.73,0.75,0.8333,0.5,1,0.5558983333365253,0
17,983,0.2,0.815,0.75,0.9167,0.25,1,0.5305741598226941,0
90,37,0.2,0.385,0.75,0.25,0.25,1,0.4305167414454513,1
133,241,0.4,0.135,0.75,1.0,0.75,2,0.6116904376063582,1
357,412,0.2,0.63,0.75,0.3333,0.5,1,0.37788790455666965,1
792,598,0.2,0.42,0.75,0.9167,0.75,1,0.4984578871195207,0
433,988,0.2,0.86,0.25,0.4167,0.5,1,0.3359119522354043,0
515,132,0.2,0.905,0.75,0.8333,0.25,1,0.47248834283531477,0
135,659,0.2,0.905,0.25,0.4167,0.5,1,0.4453943469146153,0
103,291,0.2,0.96,1.0,0.6667,0.75,1,0.576322485913579,0
228,434,0.2,0.89,1.0,0.3333,0.5,1,0.5366308717579674,0
154,765,0.2,0.375,1.0,0.8333,0.75,1,0.4458530764295706,1
786,483,0.2,1.0,0.25,0.8333,1.0,1,0.45663507147115656,0
182,806,0.2,0.925,0.0,0.75,0.75,1,0.30488304033853364,0
984,124,0.2,0.61,0.25,0.5833,0.5,1,0.3714140602945871,1
454,807,0.2,0.16,0.25,0.5833,0.5,1,0.31826887079999366,1
191,980,0.2,0.83,0.75,1.0,0.25,1,0.5845722031684029,1
104,751,0.2,0.61,0.5,0.8333,1.0,1,0.465250010685031,1
809,592,0.2,0.31,0.75,1.0,1.0,1,0.5851397959210302,1
885,583,0.2,0.68,1.0,0.9167,0.25,1,0.5363439894588485,0
818,858,0.2,0.735,0.0,0.4167,0.75,1,0.39142948409826583,0
834,788,0.2,0.685,1.0,0.8333,0.5,1,0.47416755785524134,1
661,84,0.2,0.465,0.5,0.3333,0.75,1,0.4460145455358415,0
921,951,0.2,0.18,0.5,0.3333,1.0,1,0.43884849689121436,1
143,55,0.2,0.695,1.0,0.8333,0.25,1,0.46561318322574696,0
449,955,0.2,0.16,0.5,0.9167,0.5,1,0.32040477005653284,0
765,748,0.2,0.47,0.25,0.5833,0.75,1,0.2891478445056424,0
390,346,0.2,0.525,0.5,0.3333,1.0,1,0.3587603815009422,1
682,831,0.6,0.53,1.0,0.4167,0.5,3,0.6214630333862435,1
538,144,0.4,0.6,0.25,0.9167,1.0,2,0.5885557978838021,0
132,18,0.4,0.975,0.5,0.75,0.75,2,0.64924827638751,1
359,739,0.2,0.89,0.5,0.5,0.75,1,0.4395991243118734,0
583,611,0.2,0.58,0.5,0.4167,0.75,1,0.3777177551940133,0
598,509,0.4,0.965,1.0,0.75,0.5,2,0.7444487289444932,0
563,335,0.2,0.895,0.75,0.6667,0.25,1,0.5013478653363744,1
761,798,0.2,0.695,1.0,0.75,0.5,1,0.49048411242015,1
494,953,0.2,0.495,0.75,1.0,0.75,1,0.42751307955750795,1
285,62,0.2,0.57,1.0,0.75,0.0,1,0.42377036738256635,0
605,23,0.4,0.855,0.75,0.5833,0.5,2,0.5665482283821721,1
787,656,0.6,0.78,0.75,0.3333,0.5,3,0.6181247237619253,1
529,44,0.2,0.74,0.75,0.9167,0.5,1,0.529044526639475,1
44,419,0.2,0.505,0.5,1.0,0.75,1,0.446342625888685,1
180,117,0.2,0.93,0.25,0.6667,0.25,1,0.41448294863902574,1
774,70,0.2,0.775,0.75,0.9167,0.75,1,0.6094406788725846,1
733,577,0.2,0.875,0.75,0.9167,0.0,1,0.5418774463664501,0
262,626,0.2,0.995,0.75,0.9167,1.0,1,0.630189843253249,1
755,706,0.6,0.6,0.0,0.9167,0.5,3,0.5650781740906656,0
843,933,0.2,0.9,0.75,0.6667,0.5,1,0.4719927436023097,0
819,86,0.2,0.94,0.5,0.75,0.0,1,0.36804214687552594,0
86,1000,0.2,0.985,0.0,0.75,0.0,1,0.2916413630880702,1
560,951,0.4,0.215,0.5,0.75,0.75,2,0.4470503314348513,1
165,777,0.2,0.43,0.75,1.0,0.25,1,0.3810485779215267,0
535,526,0.2,0.315,0.75,0.9167,0.75,1,0.5289091139970754,1
449,955,0.2,0.16,0.5,0.9167,0.5,1,0.27297680486425724,1
390,577,0.4,0.53,1.0,0.8333,0.25,2,0.5148556067805823,0
913,512,0.4,0.71,1.0,0.6667,0.5,2,0.6680380925624702,1
603,364,0.2,0.88,0.25,0.8333,0.5,1,0.35369745308843553,1
828,708,0.4,0.515,1.0,0.9167,0.5,2,0.6395622745558436,1
818,880,0.2,0.925,0.75,0.5833,1.0,1,0.6255423114148246,0
560,255,0.2,0.54,0.25,0.5833,0.25,1,0.3509009863079062,0
141,265,0.6,0.715,0.75,0.8333,0.5,3,0.6471177042882497,1
116,601,0.2,0.35,0.25,0.75,1.0,1,0.4492119454692135,0
487,737,0.2,0.97,1.0,0.5,1.0,1,0.6070264998293556,1
45,941,0.2,0.775,0.75,0.1667,0.25,1,0.3763225056976342,0
97,411,0.2,0.955,0.0,0.75,0.75,1,0.3397401432093365,0
170,369,0.2,0.85,0.5,0.5,0.25,1,0.4887858163657014,1
326,666,0.2,0.61,0.75,0.5,0.5,1,0.3653131598726539,1
980,930,0.2,0.91,0.25,0.75,0.0,1,0.3998971530241543,0
473,854,0.4,0.505,0.75,0.75,0.75,2,0.5834805906198326,1
232,860,0.4,0.595,1.0,0.5,0.75,2,0.5895396070816331,1
716,999,0.2,0.63,0.25,0.25,1.0,1,0.3783539177117163,0
563,451,0.2,0.525,0.0,0.8333,0.5,1,0.25440315738545327,0
322,823,0.2,0.53,0.5,1.0,0.5,1,0.46648132075265125,1
490,370,0.2,0.965,0.5,1.0,0.25,1,0.42402930041699244,0
614,58,0.2,0.88,0.75,0.6667,0.5,1,0.4919665855084481,1
995,595,0.4,0.385,1.0,0.5833,0.25,2,0.501123550400328,1
56,112,0.2,0.77,0.75,0.5833,0.5,1,0.4706280769762754,1
623,356,0.4,0.99,0.75,0.9167,0.5,2,0.5834504231723433,1
180,156,0.2,0.965,0.0,0.5,1.0,1,0.33357246521270856,0
818,463,0.2,0.38,0.25,0.5833,0.75,1,0.31846639665295773,0
727,103,0.2,0.61,0.5,0.6667,0.25,1,0.3066300314088304,0
832,436,0.2,0.98,0.75,0.6667,0.0,1,0.3963979379178207,0
998,839,0.2,0.445,0.25,1.0,0.5,1,0.38636160208106585,1
527,180,0.2,0.695,0.5,0.9167,0.75,1,0.43787258964287745,1
770,239,0.2,0.205,0.75,0.5,0.5,1,0.3989425379101915,0
771,973,0.2,0.145,0.25,0.25,0.75,1,0.21792095030419395,1
199,158,0.2,0.845,0.25,0.6667,0.0,1,0.4228509525384385,0
749,504,0.2,0.66,0.75,0.6667,0.25,1,0.4946044193638638,0
462,449,0.2,0.835,0.75,0.8333,0.75,1,0.6313140772353912,1
840,75,0.2,0.525,0.5,0.6667,0.75,1,0.5049678500049305,1
262,337,0.2,0.81,0.75,0.9167,0.5,1,0.5736216369631016,1
396,624,0.2,0.69,0.25,0.8333,0.0,1,0.42819599152211274,0
339,869,0.2,0.67,0.25,0.5,0.25,1,0.26390367806121195,0
650,759,0.2,0.115,0.75,0.0833,1.0,1,0.313847392985079,1
901,371,0.2,0.905,0.75,0.1667,1.0,1,0.5576068055253585,1
635,223,0.2,0.825,0.75,0.8333,1.0,1,0.5646472908195507,0
525,677,0.6,0.98,0.0,0.5833,0.5,3,0.44642135489781715,0
159,907,0.6,0.66,0.75,0.25,0.75,3,0.7038449626033517,1
63,314,0.2,0.68,1.0,0.8333,1.0,1,0.713971534127718,1
281,860,0.2,0.605,0.75,0.6667,0.75,1,0.48980282781991924,1
747,613,0.2,0.775,0.25,0.75,0.0,1,0.34183940492227527,0
812,106,0.2,0.635,0.25,0.5833,0.75,1,0.30126957521883535,1
563,512,0.2,0.76,0.75,0.9167,1.0,1,0.4791867124746698,0
51,729,0.2,0.775,0.25,0.3333,1.0,1,0.4076948129061547,0
172,150,0.2,0.945,0.25,0.5,0.5,1,0.30847531700846864,0
709,535,0.2,0.54,0.5,0.9167,1.0,1,0.4548579635174709,1
521,862,0.2,0.755,0.5,0.0833,0.75,1,0.427855817449192,0
382,393,0.2,0.785,1.0,1.0,0.5,1,0.6571219170882411,1
523,774,0.2,0.705,0.75,0.9167,1.0,1,0.4743929360731972,0
432,802,0.2,0.445,0.75,0.9167,0.0,1,0.4761350278783357,0
657,142,0.2,0.28,0.25,0.75,0.0,1,0.19849748223254365,0
693,810,0.2,0.645,0.75,0.5,0.75,1,0.4087816285414535,1
18,469,0.2,0.645,0.75,0.9167,0.25,1,0.5479802154010487,1
187,4,0.2,0.915,0.75,0.9167,1.0,1,0.5704316563698199,0
603,389,0.2,0.835,0.25,0.6667,1.0,1,0.4219269749863314,1
706,48,0.2,0.45,0.75,0.5833,0.5,1,0.4305123317302031,0
685,400,0.4,0.81,0.5,0.9167,0.25,2,0.507586360063363,1
307,889,0.2,0.77,0.0,0.1667,0.25,1,0.15447834947371297,1
966,231,0.2,0.635,0.5,0.5833,0.75,1,0.5309363123974093,1
634,481,0.2,0.205,0.0,0.9167,0.25,1,0.13581153308092467,0
377,792,0.2,0.435,0.75,0.8333,0.5,1,0.4784195677808058,1
471,804,0.2,0.695,1.0,0.75,0.25,1,0.437335326445035,1
801,630,0.2,0.45,0.5,0.9167,0.5,1,0.32869956998956856,1
535,592,0.2,0.825,1.0,0.8333,0.25,1,0.5738935613665537,0
567,876,0.2,0.65,0.75,0.5833,0.0,1,0.32449887205995975,0
378,957,0.2,0.935,0.5,0.6667,1.0,1,0.4397600420259613,1
473,370,0.2,0.4,0.25,0.3333,0.0,1,0.2029528803850662,0
472,499,0.2,0.1,0.5,0.8333,0.75,1,0.3697136304706147,0
690,817,0.4,0.755,0.75,0.0833,0.5,2,0.5860371364596203,1
963,142,0.2,0.22,0.5,0.1667,1.0,1,0.3418184909449088,1
831,725,0.2,0.48,0.75,1.0,0.0,1,0.515828289502417,0
974,55,0.2,0.865,0.5,0.75,0.5,1,0.4516216314012961,1
498,533,0.2,0.49,1.0,0.75,0.25,1,0.5338899302263854,0
530,188,0.2,0.435,1.0,1.0,1.0,1,0.5274335528147924,1
383,7,0.6,0.445,1.0,0.0833,0.5,3,0.6113740649180279,1
626,183,0.2,0.77,0.75,0.4167,0.5,1,0.5434381011316506,0
112,836,0.2,0.52,0.75,0.9167,0.75,1,0.543557451419493,1
438,83,0.2,0.855,0.75,0.9167,0.75,1,0.6119263064696072,1
372,233,0.2,0.87,0.75,0.5,0.75,1,0.6124008544339843,0
336,716,0.4,0.36,0.75,0.3333,0.25,2,0.41843711369962006,0
145,817,0.2,0.66,0.75,0.1667,0.75,1,0.4716673951010451,1
790,743,0.4,0.85,1.0,0.8333,0.5,2,0.7255192286400844,1
71,480,0.2,0.175,1.0,0.5,1.0,1,0.5847303722750693,1
369,449,0.2,0.77,0.0,0.6667,0.5,1,0.26337671618583486,0
941,156,0.4,0.885,1.0,1.0,0.25,2,0.6518853722362812,1
199,603,0.2,0.95,0.5,0.8333,0.0,1,0.44042073784802765,0
646,993,0.2,0.905,0.0,0.6667,0.75,1,0.42738193125533364,1
457,836,0.2,0.34,0.75,0.5833,0.5,1,0.4156967001232683,1
52,403,0.2,0.675,0.25,0.6667,0.25,1,0.3074412168231393,0
506,645,0.4,0.945,0.25,0.8333,0.25,2,0.5125474345694085,0
798,520,0.4,0.725,0.5,0.75,0.5,2,0.6070307573495809,1
722,966,0.4,0.77,0.75,0.0833,0.5,2,0.5103670423823254,1
416,735,0.2,0.755,0.75,0.8333,0.5,1,0.5382765016289787,0
699,182,0.2,0.76,0.75,0.3333,1.0,1,0.6144721784172208,0
328,114,0.2,0.055,0.75,0.25,0.75,1,0.3432021196106058,0
929,900,0.2,0.33,1.0,0.5,1.0,1,0.4989049044946022,0
33,449,0.4,0.535,0.25,1.0,1.0,2,0.4592539098915844,0
865,133,0.4,0.31,0.75,0.0,0.75,2,0.46173911803209855,0
295,981,0.2,0.915,0.5,0.8333,0.5,1,0.511087684382857,1
285,357,0.2,0.175,0.75,0.75,1.0,1,0.3939613013531085,1
292,66,0.2,0.68,0.75,0.8333,0.5,1,0.4172317302137034,1
914,179,0.2,0.99,0.75,0.3333,0.5,1,0.5912988709757379,1
383,703,0.2,0.99,0.75,0.4167,1.0,1,0.5710864412922675,1
592,14,0.2,0.875,0.5,0.75,1.0,1,0.5400750640321099,1
735,450,0.4,0.93,0.75,0.1667,1.0,2,0.5991701298528432,1
912,980,0.2,0.785,1.0,0.9167,0.75,1,0.5579807920023984,1
9,906,0.2,0.93,0.75,0.8333,0.75,1,0.6041729688535115,1
456,118,0.2,0.87,0.25,1.0,0.0,1,0.2911668218987481,0
176,70,0.2,0.445,1.0,0.8333,0.0,1,0.4505943286390668,0
445,109,0.2,0.315,1.0,0.6667,0.5,1,0.5484805109811791,1
348,940,0.2,0.48,0.5,0.6667,0.5,1,0.3409366360121223,0
340,985,0.2,0.955,0.75,0.5,0.25,1,0.5621635797485587,0
630,302,0.2,0.585,0.75,1.0,0.75,1,0.5375809155217719,0
859,235,0.2,0.27,0.5,0.0833,0.5,1,0.23088405602229442,0
369,592,0.2,0.58,0.5,0.0833,0.0,1,0.3208186938788596,1
450,510,0.2,0.5,0.75,0.9167,1.0,1,0.506005051254163,0
481,306,0.2,0.82,0.75,0.1667,1.0,1,0.4827940216868954,0
805,30,0.2,0.92,0.0,0.5,0.75,1,0.2957341295003019,0
376,416,0.2,0.73,0.75,0.5833,0.25,1,0.47176600923537926,1
862,428,0.2,0.57,1.0,0.25,1.0,1,0.6087869210387952,0
718,404,0.2,0.965,0.5,0.1667,0.5,1,0.5023923108306105,1
371,62,0.2,0.85,0.75,0.25,0.5,1,0.4306393390613996,1
261,308,0.2,0.89,0.5,0.6667,0.0,1,0.43637541726973317,0
582,427,0.2,0.69,0.5,0.4167,0.75,1,0.3939279810746552,1
395,138,0.2,0.29,1.0,0.8333,0.25,1,0.46859797581026585,0
262,222,0.4,0.885,0.75,0.5833,0.75,2,0.6707460927101011,1
753,505,0.2,0.62,0.5,0.6667,0.25,1,0.47949870874751915,0
585,700,0.2,0.88,1.0,0.3333,0.5,1,0.5213832517189826,1
970,472,0.2,0.385,0.75,0.75,0.75,1,0.5700716631382644,1
835,36,0.2,0.685,0.25,0.25,0.5,1,0.3820333624624079,1
869,685,0.2,0.765,0.5,0.8333,1.0,1,0.5088803999285523,1
274,379,0.2,0.26,0.5,0.6667,0.5,1,0.43338342049077827,0
816,465,0.2,0.83,0.5,0.9167,0.5,1,0.45144532635156287,0
738,817,0.2,1.0,0.75,0.9167,0.5,1,0.6572428794161247,0
991,246,0.2,0.73,1.0,0.5,0.75,1,0.5518172273795587,0
954,746,0.2,0.44,0.5,0.5,1.0,1,0.4399294469012629,0
549,715,0.2,0.705,1.0,0.3333,0.5,1,0.6007317457483997,1
940,963,0.2,0.82,1.0,0.6667,0.5,1,0.5309398994696819,1
779,409,0.2,0.625,0.5,0.6667,0.5,1,0.4346089094451001,1
590,391,0.2,0.38,0.75,0.9167,0.5,1,0.4455849775834188,0
874,945,0.2,0.695,1.0,0.25,1.0,1,0.5071558250986729,1
246,377,0.2,0.505,0.25,0.5833,0.75,1,0.4069639276990361,0
667,558,0.2,0.7,0.5,0.9167,0.75,1,0.49337424222262705,1
698,926,0.2,0.635,1.0,0.6667,0.5,1,0.4455343944114262,0
703,749,0.4,0.885,1.0,0.9167,0.75,2,0.633816384500984,0
124,82,0.4,0.9,0.25,0.5833,0.5,2,0.439502067716553,0
918,181,0.2,0.435,0.75,0.5833,0.0,1,0.3776691142028274,0
667,912,0.2,0.735,0.75,0.8333,0.75,1,0.5718225220281711,1
816,350,0.2,0.29,1.0,0.3333,0.75,1,0.5568924161094008,0
592,441,0.2,0.525,1.0,0.8333,1.0,1,0.5721410001116524,1
699,183,0.2,0.78,0.75,0.25,0.75,1,0.5303976449489944,1
200,123,0.2,0.23,0.75,0.6667,0.0,1,0.35375452479015257,0
204,125,0.2,0.785,0.5,0.75,1.0,1,0.43737312099051984,0
158,531,0.2,0.27,0.75,0.6667,0.75,1,0.5047830896669111,1
191,590,0.2,0.41,1.0,0.5833,0.75,1,0.5700808697378152,0
676,700,0.2,0.525,0.75,0.75,1.0,1,0.46389173047176685,1
790,835,0.2,0.86,1.0,1.0,0.0,1,0.5475387885970465,0
623,179,0.4,0.48,0.25,0.75,0.25,2,0.29478483463425853,0
520,359,0.2,0.64,0.75,0.75,0.5,1,0.5828985745828725,1
94,930,0.2,0.17,0.75,0.9167,0.75,1,0.3694609861076282,0
124,783,0.4,0.36,0.25,0.4167,0.5,2,0.36930327772457266,1
102,15,0.2,0.95,0.5,0.1667,0.25,1,0.387448439230742,1
813,863,0.2,0.97,0.25,0.9167,0.25,1,0.4307233726733056,0
157,146,0.2,0.21,0.75,0.5,0.25,1,0.46445680785385646,0
521,18,0.2,0.565,0.75,0.3333,0.75,1,0.48752808707554723,0
158,355,0.2,0.905,0.25,0.75,0.25,1,0.390292619273647,0
387,188,0.2,0.755,0.75,1.0,0.5,1,0.5949605771428762,0
399,249,0.4,0.375,0.5,0.8333,1.0,2,0.5912032256547941,0
740,491,0.2,0.98,0.75,0.6667,0.75,1,0.6290686498694689,1
876,664,0.2,0.785,0.25,0.4167,0.25,1,0.24986807364280914,1
794,395,0.2,0.375,0.75,0.1667,1.0,1,0.37532295618965117,0
585,849,0.2,0.935,0.5,0.1667,0.75,1,0.4809390247796873,0
258,583,0.2,0.69,1.0,0.6667,0.75,1,0.4897142944754394,1
69,378,0.4,0.59,0.25,0.0833,0.75,2,0.3116255906810151,0
785,941,0.2,0.985,0.75,0.6667,0.0,1,0.5165660869047357,1
584,956,0.2,0.62,0.75,0.5,0.5,1,0.49460505368012786,0
446,1000,0.2,0.635,0.5,0.9167,0.25,1,0.3485791421763056,1
99,140,0.2,0.665,1.0,1.0,0.75,1,0.6505428279960639,1
970,636,0.4,0.85,0.25,0.5,0.5,2,0.430706734154757,0
416,38,0.2,0.98,0.25,0.8333,0.0,1,0.38610893876268126,0
169,437,0.2,0.325,0.75,0.9167,0.5,1,0.45602989930211957,0
617,789,0.2,0.635,1.0,0.4167,0.75,1,0.4789948566565687,1
243,861,0.4,0.495,1.0,0.6667,0.0,2,0.5784004919003984,1
208,119,0.4,0.97,0.5,0.5833,0.5,2,0.5593535810454123,0
525,689,0.2,0.295,1.0,0.5833,1.0,1,0.5775962422442998,0
601,71,0.2,0.895,0.75,0.75,0.5,1,0.4971445694001987,1
575,476,0.2,0.925,0.5,0.3333,0.25,1,0.3812086443265831,1
251,362,0.2,0.66,0.25,0.9167,0.5,1,0.3461169449803704,1
583,713,0.2,0.485,0.75,0.1667,0.25,1,0.35795138569405704,1
380,608,0.2,0.675,1.0,0.5833,0.5,1,0.5327703298482536,1
584,782,0.2,0.995,0.75,0.9167,0.5,1,0.5254998385317983,1
264,805,0.4,0.725,0.5,0.8333,0.0,2,0.39167878652052157,0
951,618,0.4,0.97,0.75,0.8333,0.75,2,0.6691476525899592,0
232,589,0.4,0.985,0.75,0.6667,0.75,2,0.7131035057581055,0
575,176,0.2,0.395,0.75,0.3333,0.75,1,0.3643008287485373,1
590,686,0.4,0.77,0.75,0.6667,0.75,2,0.6681844837695041,1
133,63,0.2,0.45,0.25,0.4167,1.0,1,0.3899243894251244,1
140,798,0.2,0.865,0.5,0.1667,0.5,1,0.3243797482145431,0
473,342,0.2,0.495,0.25,0.3333,0.75,1,0.3967743359277879,0
195,339,0.2,0.53,0.25,0.6667,1.0,1,0.40514005578485407,0
625,224,0.2,0.825,0.75,0.9167,0.75,1,0.6467963667177921,1
162,956,0.2,0.505,0.5,0.8333,1.0,1,0.4982297015071835,1
879,255,0.2,0.76,0.75,0.8333,0.25,1,0.428810560466688,0
821,674,0.2,0.79,0.5,0.9167,1.0,1,0.4944190121445521,0
908,825,0.2,0.725,0.5,0.6667,0.5,1,0.4611837186194518,0
310,213,0.2,0.75,1.0,0.9167,1.0,1,0.7024644779374256,1
970,49,0.2,0.915,0.75,0.9167,0.75,1,0.5040939045411155,0
186,460,0.2,0.37,0.75,0.6667,0.75,1,0.5149912903987975,0
221,210,0.2,0.86,0.5,0.25,0.25,1,0.45956294353300464,1
480,452,0.2,0.36,0.25,1.0,0.75,1,0.2850441627115954,0
146,795,0.2,0.61,0.25,0.9167,0.0,1,0.3213476240612157,0
323,256,0.2,0.175,0.25,0.75,0.75,1,0.398479000849117,1
178,933,0.2,0.685,0.75,0.5833,0.75,1,0.44974606941031836,0
829,760,0.2,0.83,0.75,0.0833,0.5,1,0.5097626540818836,0
903,383,0.2,0.175,0.75,0.0833,1.0,1,0.31377793820283806,0
905,560,0.2,0.73,0.25,0.4167,0.75,1,0.36118398999936474,0
940,488,0.2,0.685,0.5,1.0,0.75,1,0.5111886227072213,0
329,845,0.2,0.71,0.75,0.8333,1.0,1,0.5094200210945605,1
883,188,0.4,0.59,1.0,0.8333,0.75,2,0.7419618616624322,1
158,808,0.2,0.88,0.75,0.75,0.0,1,0.5100276517110481,0
66,185,0.2,0.665,1.0,0.9167,0.75,1,0.527530367650774,0
758,151,0.2,0.84,0.75,0.4167,1.0,1,0.6246008630338392,1
613,326,0.4,0.78,0.75,0.4167,0.25,2,0.5782137301482999,0
392,871,0.2,0.535,1.0,0.8333,0.25,1,0.6102028043919171,0
595,945,0.2,0.685,0.5,0.3333,0.75,1,0.38219872466168336,1
387,785,0.2,0.56,0.75,0.75,0.75,1,0.5029973680441897,1
429,83,0.2,0.815,0.75,0.9167,0.5,1,0.6085844508829228,1
670,378,0.2,0.665,0.75,0.9167,0.75,1,0.5484609237222787,0
155,607,0.4,0.59,0.25,0.9167,0.5,2,0.4098375063923383,1
947,886,0.4,0.87,0.75,0.6667,0.75,2,0.7106800488795892,0
326,324,0.2,0.645,0.25,0.8333,0.25,1,0.3990701677740225,0
412,239,0.2,0.695,1.0,0.75,0.75,1,0.5714283289974387,1
741,304,0.2,0.83,0.75,0.8333,0.75,1,0.5831460610257768,0
44,442,0.2,0.77,0.75,0.9167,0.25,1,0.4750666422021357,1
210,742,0.2,0.565,0.0,0.4167,0.5,1,0.17781382991647016,0
871,156,0.2,0.43,0.75,0.4167,0.5,1,0.34254224309110165,0
549,512,0.2,0.865,0.75,0.4167,0.25,1,0.5622067887637964,1
742,133,0.2,0.195,0.25,0.6667,1.0,1,0.28196230507641185,0
792,883,0.2,0.84,0.75,0.6667,0.75,1,0.5751735662440078,1
779,417,0.2,0.98,0.75,0.4167,0.0,1,0.4737955026599919,0
754,563,0.2,0.625,0.25,0.5833,0.25,1,0.2235604787293271,1
62,462,0.4,0.805,1.0,0.3333,0.25,2,0.5687015154736964,0
250,879,0.2,0.25,0.5,0.5833,0.75,1,0.32125768326000925,0
904,983,0.2,0.7,0.25,0.3333,1.0,1,0.32159932700647437,0
935,831,0.2,0.925,0.5,0.9167,0.5,1,0.5354285068153611,0
182,408,0.2,0.475,0.5,0.9167,0.25,1,0.38389515956275894,1
566,313,0.4,0.12,1.0,0.5833,0.75,2,0.6543564484539204,1
554,870,0.2,0.925,0.5,0.5833,0.5,1,0.4537003622983244,0
494,505,0.2,0.835,1.0,0.4167,0.5,1,0.5240485490616739,0
670,833,0.2,0.855,1.0,0.1667,1.0,1,0.5282002078833614,0
472,941,0.2,0.855,1.0,1.0,0.25,1,0.5838835954290533,1
994,608,0.2,0.65,0.5,0.5833,0.25,1,0.36962985031419304,0
750,155,0.4,0.945,0.75,0.5833,0.5,2,0.6378790406614381,1
783,175,0.2,0.705,0.5,0.8333,0.75,1,0.49140711146753674,1
580,913,0.2,0.45,0.25,1.0,0.75,1,0.4754848190583403,1
446,644,0.2,0.885,0.75,0.8333,0.75,1,0.5858723872009404,0
292,416,0.2,0.495,1.0,0.3333,0.75,1,0.46773992205629944,0
860,470,0.2,0.27,0.75,0.75,0.5,1,0.43679751018244606,0
390,300,0.4,0.575,0.75,0.3333,1.0,2,0.6223611467413305,1
272,297,0.4,0.335,1.0,0.4167,0.75,2,0.5401274192313497,0
176,122,0.2,0.86,0.75,0.8333,0.25,1,0.571968853501722,0
470,41,0.2,0.31,1.0,0.5,0.25,1,0.4308415239456516,1
184,278,0.2,0.865,0.75,0.6667,0.0,1,0.47084825739616726,1
153,948,0.2,0.5,0.75,0.4167,0.75,1,0.5511962686119649,0
126,49,0.2,0.245,1.0,0.5,0.5,1,0.4129352390637745,0
323,955,0.2,0.2,0.75,0.9167,0.25,1,0.39926404177683356,1
702,805,0.2,0.865,0.5,0.4167,0.5,1,0.39155606067354287,0
231,321,0.2,0.745,0.75,0.9167,0.5,1,0.42214132821246825,0
993,141,0.2,0.845,0.75,0.8333,0.75,1,0.5100739717844381,0
171,719,0.4,0.595,0.75,0.8333,1.0,2,0.6858598943845224,0
176,186,0.2,0.75,0.75,0.75,0.0,1,0.47189118693559373,1
730,880,0.4,0.785,0.25,0.6667,0.5,2,0.4194455630931305,1
460,69,0.4,0.705,0.25,0.9167,1.0,2,0.43086782551525277,0
874,750,0.2,0.77,0.5,0.6667,0.5,1,0.39632931926985826,0
865,473,0.2,0.91,0.75,0.3333,0.75,1,0.4361464981550085,0
187,438,0.2,0.79,0.75,0.9167,1.0,1,0.6649378176126399,1
911,180,0.2,0.78,0.75,0.9167,0.5,1,0.5885870123243462,1
365,436,0.2,0.28,0.5,0.75,0.0,1,0.3591118150329086,1
90,753,0.2,0.81,0.75,0.75,1.0,1,0.559838162962635,0
995,928,0.4,0.745,0.75,0.9167,0.25,2,0.5442110100410258,0
810,30,0.4,0.575,0.25,0.8333,0.5,2,0.47997874618788244,1
568,349,0.4,0.535,0.5,0.5833,0.5,2,0.46951811218123884,0
927,295,0.2,0.84,0.25,0.75,0.25,1,0.3025402374424802,1
575,933,0.2,0.275,0.75,0.6667,1.0,1,0.5507883423562874,0
760,114,0.2,0.805,1.0,0.8333,0.5,1,0.652597404187226,1
554,193,0.2,0.765,1.0,0.6667,0.5,1,0.5892795501310167,0
337,769,0.2,0.945,0.5,0.9167,0.5,1,0.5045398996441377,1
989,269,0.2,0.785,0.25,0.5833,0.75,1,0.47866810747970856,0
654,31,0.2,0.39,0.0,0.1667,0.75,1,0.17215400903964506,0
504,855,0.2,0.86,1.0,0.8333,0.0,1,0.5500841173693334,1
867,171,0.2,0.84,0.75,0.8333,0.0,1,0.5435089026638361,1
92,644,0.4,0.895,0.5,1.0,1.0,2,0.6850617825642122,1
11,255,0.2,0.91,0.75,0.5833,1.0,1,0.6540351894331708,1
588,61,0.2,0.84,0.25,0.9167,0.75,1,0.47318688929068864,1
473,212,0.2,0.835,0.75,1.0,0.0,1,0.4728421843494159,0
979,299,0.4,0.945,0.75,0.4167,0.25,2,0.5459925523615764,1
191,366,0.2,0.49,0.25,0.1667,0.5,1,0.25201347121395756,0
182,534,0.2,0.755,0.25,0.6667,1.0,1,0.3388613606788382,0
700,423,0.2,0.525,0.75,0.8333,0.5,1,0.39488867969239044,0
639,714,0.2,0.93,0.5,0.6667,0.25,1,0.4285354376848037,0
838,651,0.2,0.27,0.75,0.8333,1.0,1,0.5751392227274374,1
999,383,0.2,0.315,0.0,0.9167,0.25,1,0.33658691226428705,1
271,147,0.2,0.755,0.0,0.6667,0.75,1,0.33224127997234226,1
894,105,0.2,0.715,0.5,0.5833,0.75,1,0.3982394245936871,1
877,724,0.2,0.685,0.5,0.5833,0.25,1,0.3385058971678587,0
795,739,0.2,0.815,0.25,1.0,0.0,1,0.4178833220437168,1
198,525,0.2,0.41,1.0,0.75,0.75,1,0.6066809314443404,0
626,36,0.2,0.785,0.5,0.4167,0.75,1,0.48425223505671744,1
565,659,0.2,0.645,0.25,0.9167,0.0,1,0.24597667129084053,0
732,631,0.4,0.91,0.75,0.9167,0.5,2,0.5875832758658986,0
182,383,0.2,0.74,0.0,0.9167,0.0,1,0.19829572418429814,0
148,190,0.2,0.815,0.75,0.25,0.75,1,0.4476725212544036,1
409,460,0.4,0.91,1.0,0.5833,0.75,2,0.7187217142939533,1
36,33,0.2,0.82,1.0,0.6667,1.0,1,0.6385813636839706,0
818,577,0.2,0.87,1.0,0.4167,0.5,1,0.6453093698041503,1
771,798,0.2,0.92,0.75,0.25,0.5,1,0.3874214577292629,0
390,580,0.4,0.085,0.0,0.8333,0.75,2,0.23933128964073125,0
508,146,0.2,0.825,0.25,0.75,0.5,1,0.3283775739669059,1
584,172,0.2,0.905,1.0,0.5,0.75,1,0.6001815302487361,0
314,251,0.4,0.435,0.0,0.5833,1.0,2,0.36499246297030685,0
954,925,0.2,0.375,0.75,0.9167,0.5,1,0.3917689249105261,1
571,25,0.2,0.215,0.75,0.5,0.75,1,0.5188522678772727,0
902,415,0.4,0.41,1.0,0.9167,0.75,2,0.7368435444626928,1
811,900,0.2,0.205,0.75,0.6667,0.75,1,0.5215801842353713,1
930,10,0.4,0.915,1.0,0.5833,1.0,2,0.7056199776183351,1
1000,91,0.2,0.365,0.25,0.5,1.0,1,0.44259413749658333,1
299,635,0.2,0.85,0.75,0.9167,0.75,1,0.6309441551507321,1
460,968,0.2,0.81,0.75,1.0,0.75,1,0.6541167855248939,1
152,732,0.2,0.49,0.75,1.0,0.75,1,0.5871365923430448,1
504,703,0.4,0.545,0.75,0.5833,0.0,2,0.5753400844838376,1
255,813,0.2,0.855,1.0,0.5833,0.0,1,0.4749181619211685,0
5,4,0.2,0.905,0.0,0.8333,1.0,1,0.40231159474297207,0
241,143,0.2,0.75,0.75,0.75,0.75,1,0.5671021963573577,1
690,545,0.2,0.84,0.5,0.3333,0.25,1,0.47834419158776764,0
966,876,0.2,0.83,1.0,0.5833,0.25,1,0.6111501562013343,1
492,265,0.2,0.62,0.5,0.3333,0.5,1,0.3590315749289749,1
251,976,0.2,0.585,0.5,0.4167,0.75,1,0.39855384092223933,0
711,266,0.4,0.825,0.75,0.5833,0.5,2,0.5455252177602775,1
209,332,0.2,0.87,0.0,0.8333,0.75,1,0.42135782738085614,1
17,830,0.2,0.97,1.0,0.9167,0.25,1,0.5200258294569552,0
933,94,0.4,0.885,1.0,0.5833,0.5,2,0.6888236660334404,1
35,544,0.2,0.78,0.5,0.5,0.25,1,0.366330123813148,0
509,269,0.4,0.445,0.25,0.8333,0.75,2,0.48534543486827864,0
302,90,0.2,0.895,0.75,0.8333,1.0,1,0.5169740723236724,1
355,579,0.2,0.245,0.75,0.75,0.5,1,0.33282978386709794,0
535,147,0.2,0.245,0.5,1.0,0.5,1,0.3834062469104915,1
230,979,0.2,0.425,1.0,0.8333,0.25,1,0.5650593461738586,0
8,375,0.2,0.67,0.75,0.8333,1.0,1,0.5511741170441784,0
174,168,0.2,0.185,0.75,1.0,0.25,1,0.5082902510134135,0
130,846,0.2,0.945,0.75,0.6667,0.5,1,0.517689460839299,0
315,55,0.2,0.47,0.5,0.9167,0.75,1,0.4036177123708401,0
756,770,0.2,0.535,0.5,0.9167,0.75,1,0.42317606561247545,1
589,805,0.2,0.735,0.25,0.8333,0.5,1,0.32049350760637507,0
885,515,0.2,0.495,0.5,0.4167,0.0,1,0.3821783103459628,0
284,601,0.2,0.775,0.75,0.5833,0.75,1,0.5773541501029961,1
868,101,0.2,0.785,1.0,0.5833,0.25,1,0.5943917349457093,0
673,768,0.2,0.605,0.25,0.6667,0.75,1,0.330713178204092,0
884,31,0.2,0.965,0.25,0.5833,0.5,1,0.3192727728477613,0
762,974,0.2,0.96,0.5,1.0,0.25,1,0.4795785170553385,1
108,609,0.2,0.7,0.75,0.9167,0.25,1,0.47851436224514066,0
51,83,0.2,0.92,1.0,0.5,1.0,1,0.5358930890673217,1
604,843,0.2,0.655,0.75,0.5,1.0,1,0.509076954188835,0
842,537,0.2,0.82,0.75,0.9167,0.0,1,0.4479013508798714,1
10,644,0.2,0.61,0.75,0.9167,0.5,1,0.42476606587445925,1
536,763,0.2,0.56,0.75,0.9167,1.0,1,0.4438626230664162,1
109,437,0.2,0.23,1.0,0.8333,0.5,1,0.4033280748184395,0
694,611,0.4,0.79,1.0,0.75,0.5,2,0.7293230533572556,1
858,233,0.4,0.75,0.5,0.75,0.75,2,0.4555636761298906,0
109,922,0.2,0.73,1.0,0.6667,1.0,1,0.6867576523360224,1
741,734,0.2,0.68,0.75,0.75,0.5,1,0.5043081951831824,0
191,167,0.2,0.86,0.5,0.75,0.75,1,0.578055574870468,1
600,39,0.2,0.885,0.25,0.9167,0.25,1,0.44978840318637225,1
767,963,0.2,1.0,0.5,0.3333,0.25,1,0.48882437574047133,1
223,203,0.2,0.72,0.75,0.9167,0.75,1,0.5149657353687594,0
665,536,0.2,0.91,0.5,0.75,0.75,1,0.5448687505990679,0
592,141,0.2,0.975,0.75,0.5,1.0,1,0.5214616795507511,0
324,879,0.2,0.19,0.5,1.0,0.75,1,0.3542266316515963,1
318,564,0.2,0.56,0.5,0.75,1.0,1,0.3821430445514208,1
937,885,0.2,0.91,0.75,0.5,0.0,1,0.37623341783406694,0
460,930,0.4,0.785,0.25,0.9167,0.75,2,0.5054558585857091,0
101,350,0.2,0.84,0.0,0.8333,0.0,1,0.26178611736118396,1
473,165,0.2,0.85,0.75,0.75,0.75,1,0.49041654994242195,1
158,303,0.2,0.695,0.75,0.75,1.0,1,0.6041035774539691,1
668,493,0.2,0.15,0.0,0.6667,0.25,1,0.20048172805265774,0
236,493,0.2,0.985,0.0,0.6667,0.0,1,0.3273358942739071,1
516,867,0.2,0.73,1.0,0.5,0.5,1,0.5043635248924461,1
52,166,0.2,0.955,0.75,0.4167,0.0,1,0.46494449776643265,1
790,770,0.6,0.595,1.0,0.8333,0.25,3,0.6664654475099612,1
257,140,0.2,0.205,1.0,0.1667,0.75,1,0.35447711937743365,0
745,562,0.4,0.365,0.5,0.6667,0.5,2,0.5497990265334352,1
688,711,0.2,0.72,0.75,0.4167,1.0,1,0.4232119094522761,1
7,356,0.4,0.54,0.25,0.75,0.75,2,0.5111413542410722,0
967,855,0.2,0.875,0.5,1.0,1.0,1,0.5570468246519608,1
461,440,0.2,0.78,0.25,0.8333,0.75,1,0.5081389467545933,0
699,672,0.6,0.04,0.25,0.8333,0.25,3,0.4644033284975127,1
724,181,0.2,0.85,0.25,0.0,0.25,1,0.23008823952629115,0
117,296,0.2,0.71,0.75,0.75,0.75,1,0.4776409733252968,0
222,826,0.2,0.89,0.25,1.0,0.5,1,0.5255584384804742,1
34,299,0.2,0.545,0.25,0.8333,0.25,1,0.3492405043385692,1
884,828,0.2,0.265,0.25,0.5,0.75,1,0.2953639176486577,0
760,408,0.2,0.99,1.0,1.0,1.0,1,0.7297464164638937,1
506,185,0.2,0.975,0.75,0.5833,0.25,1,0.5052636281138345,1
121,842,0.2,0.56,0.5,1.0,0.25,1,0.391523339125825,1
129,851,0.4,0.59,0.5,0.5,0.75,2,0.4845894169189428,1
176,465,0.2,0.62,0.75,0.3333,0.75,1,0.5414325270912118,0
312,365,0.2,0.825,0.75,0.75,0.0,1,0.5616960981568828,0
272,639,0.2,0.995,0.25,0.75,1.0,1,0.5165337135592131,0
174,46,0.2,0.195,0.75,1.0,0.5,1,0.45587805797193875,0
945,106,0.2,0.795,0.75,0.5833,0.75,1,0.5330889491007188,0
846,968,0.2,0.34,0.5,0.9167,0.25,1,0.33252861552077045,0
635,34,0.2,0.695,0.5,0.75,0.5,1,0.3901485654399515,0
736,700,0.2,0.475,0.75,1.0,0.25,1,0.5432424229881022,1
795,252,0.2,0.875,0.75,0.3333,0.25,1,0.39562962121717193,1
871,253,0.2,0.96,0.75,0.8333,0.75,1,0.548652849570418,1
990,808,0.4,0.615,1.0,0.8333,0.5,2,0.5894731574712078,1
991,509,0.2,0.725,0.75,0.5833,0.75,1,0.48987769986582985,1
603,381,0.2,0.835,0.75,0.9167,0.25,1,0.4649910377693969,1
638,816,0.2,0.185,1.0,0.3333,0.5,1,0.3606377823906494,1
684,874,0.2,0.905,0.75,0.3333,0.5,1,0.48831918847673433,0
258,393,0.2,0.915,0.25,0.4167,0.75,1,0.3169971236081408,0
896,141,0.2,0.48,0.25,0.5833,0.75,1,0.30192642318052715,1
708,236,0.2,0.4,0.0,0.5,0.5,1,0.31201196898797884,0
738,791,0.2,0.33,1.0,0.8333,0.25,1,0.4157448028796427,0
940,606,0.2,0.575,1.0,0.5833,1.0,1,0.5667790970339048,1
998,130,0.2,0.37,0.5,0.6667,1.0,1,0.4020423472541931,0
818,692,0.2,0.76,0.0,0.3333,1.0,1,0.2915972161764085,0
993,8,0.2,0.695,0.0,0.75,1.0,1,0.3197522233302307,0
894,633,0.4,0.89,0.75,0.8333,1.0,2,0.752881205481827,1
479,734,0.2,0.53,0.5,0.5833,0.5,1,0.40141034143673204,1
757,555,0.2,0.65,0.25,0.25,0.25,1,0.224359247941763,0
415,808,0.2,0.925,0.25,0.5833,1.0,1,0.3739602169233403,0
798,173,0.2,0.38,0.0,0.4167,0.5,1,0.2011525193064564,0
883,799,0.4,0.745,0.5,0.8333,0.75,2,0.5826095911355256,1
651,416,0.2,0.77,1.0,1.0,0.0,1,0.479100529666145,0
258,902,0.2,0.97,0.0,1.0,0.75,1,0.3365560203285799,1
1,269,0.2,0.73,0.75,0.4167,0.75,1,0.5773821558651986,0
595,370,0.2,0.905,1.0,0.3333,0.75,1,0.5601417148789842,1
52,756,0.2,0.55,0.5,1.0,0.5,1,0.48955164117276995,0
133,401,0.2,0.84,0.25,0.4167,0.5,1,0.31644603861449455,0
16,587,0.2,0.32,0.5,0.5,0.0,1,0.26811288468281796,0
434,93,0.2,0.5,0.0,0.6667,0.75,1,0.2856085787042415,0
96,989,0.4,0.735,0.75,0.6667,0.0,2,0.5114745659954403,1
102,399,0.2,0.91,0.75,0.1667,0.75,1,0.46546320984486017,0
917,398,0.2,0.82,1.0,0.9167,0.5,1,0.5993417798143807,1
941,771,0.2,0.855,0.75,0.9167,0.75,1,0.46874921520172036,0
524,564,0.2,0.67,0.75,0.75,0.5,1,0.48127605995502,0
507,635,0.2,0.88,0.5,0.9167,0.25,1,0.47676915656541574,1
509,173,0.2,0.29,0.25,0.6667,0.75,1,0.271474859025282,0
479,178,0.2,0.955,1.0,0.9167,0.0,1,0.5044919997819032,1
605,618,0.2,0.89,0.5,0.9167,1.0,1,0.43337068871264023,0
269,689,0.4,0.825,0.0,0.8333,1.0,2,0.4525482103543147,1
867,664,0.2,0.695,0.5,0.3333,0.75,1,0.44459820196295563,0
536,269,0.2,0.59,0.5,0.5833,0.5,1,0.35699147347134147,0
829,923,0.2,0.62,0.75,0.1667,0.75,1,0.5451051371260711,1
864,113,0.2,0.74,0.25,1.0,0.0,1,0.25571859481494275,0
715,466,0.2,0.975,0.25,0.4167,0.75,1,0.4353824157566691,0
298,1000,0.2,0.64,0.5,0.8333,0.75,1,0.40656757857582115,0
35,346,0.2,0.84,0.75,0.5833,0.5,1,0.5817150551791563,1
436,607,0.2,0.82,0.75,0.75,0.0,1,0.4673392104590641,1
188,753,0.2,0.96,0.75,0.75,1.0,1,0.5231820043632831,1
658,288,0.2,0.28,0.25,0.9167,0.75,1,0.40639030455065117,0
63,781,0.2,0.695,0.5,0.6667,0.75,1,0.36486562781187765,0
596,182,0.2,0.85,0.0,0.4167,0.5,1,0.35251753816869535,0
851,316,0.4,0.88,0.75,0.9167,0.5,2,0.6433191921878079,1
602,299,0.2,0.205,0.5,0.5833,0.25,1,0.25062701446027613,1
977,681,0.2,0.855,0.25,0.75,0.5,1,0.3426335010714474,0
244,981,0.2,0.87,0.25,0.8333,0.75,1,0.3966969883347853,0
656,616,0.2,0.87,0.25,0.6667,1.0,1,0.4781357949496473,1
580,626,0.4,0.58,0.75,1.0,0.75,2,0.7051789544501108,1
390,614,0.2,0.875,0.75,0.75,0.75,1,0.4846764449231467,0
935,525,0.2,0.165,0.5,0.75,0.75,1,0.42824982973303466,1
905,661,0.4,0.945,1.0,0.4167,0.25,2,0.6239607875476753,0
674,146,0.2,0.495,0.75,0.3333,0.0,1,0.45533050140905584,0
794,48,0.2,0.82,0.5,0.25,0.75,1,0.3508875286518842,1
412,154,0.2,0.74,1.0,0.4167,1.0,1,0.5884084269917077,0
892,789,0.2,0.735,0.25,0.8333,0.75,1,0.37027648682016673,1
771,970,0.4,0.385,1.0,0.6667,0.75,2,0.5154581437249681,0
906,916,0.2,0.82,0.75,0.75,0.75,1,0.517475689617663,1
59,651,0.2,0.34,0.75,0.75,0.5,1,0.4949819946951638,1
334,823,0.2,0.33,0.25,0.5,0.75,1,0.3359724227510172,0
980,229,0.2,0.475,0.5,0.3333,0.75,1,0.3762858696809886,1
584,463,0.2,0.52,0.5,0.9167,1.0,1,0.4556838103707404,0
364,228,0.2,0.515,1.0,0.75,0.5,1,0.5719302406968151,1
451,809,0.2,0.235,0.25,0.4167,0.25,1,0.21786334688616465,0
696,17,0.2,0.695,0.5,1.0,1.0,1,0.6034294592783921,0
255,531,0.4,0.6,0.5,0.5833,0.75,2,0.48221773601717544,0
795,640,0.2,0.525,0.25,0.9167,0.25,1,0.4319512006010705,1
596,318,0.2,0.98,0.25,0.6667,0.5,1,0.4195595230540582,0
170,985,0.2,0.645,0.75,1.0,0.5,1,0.49639579308580684,0
427,408,0.2,0.95,1.0,0.0,0.75,1,0.4620342915751017,1
330,156,0.2,0.825,0.25,0.6667,1.0,1,0.5131466681724306,0
268,573,0.2,0.91,1.0,0.5833,0.5,1,0.6559788145894426,1
7,318,0.2,0.575,0.25,0.9167,0.5,1,0.320001762843434,0
658,174,0.2,0.895,0.75,0.4167,0.75,1,0.4330749172644751,0
89,776,0.2,0.54,1.0,0.5833,0.75,1,0.5594497474625635,0
342,854,0.2,0.99,0.5,0.0833,1.0,1,0.48623274766714997,0
887,132,0.2,0.845,1.0,0.9167,0.75,1,0.6783133732889484,1
483,645,0.2,0.72,0.0,0.8333,0.25,1,0.20315320591428432,0
608,356,0.4,0.14,0.75,0.9167,0.25,2,0.400861399973608,1
522,2,0.2,0.645,0.75,0.8333,0.25,1,0.4414426309429359,0
755,828,0.2,0.55,1.0,0.5,1.0,1,0.48158723759794386,0
3,52,0.2,0.15,0.0,0.6667,0.5,1,0.17618128991143098,0
735,319,0.2,0.755,0.5,0.4167,1.0,1,0.4237066435837573,1
568,409,0.4,0.735,0.75,0.6667,0.5,2,0.6113185413737888,1
762,22,0.2,0.705,0.75,0.9167,0.5,1,0.5469342946315051,1
13,156,0.2,0.405,0.25,0.1667,0.75,1,0.27326842849030486,1
388,103,0.2,0.555,0.5,0.5833,0.25,1,0.2908297019995537,0
567,347,0.2,0.675,0.75,0.8333,1.0,1,0.5642554423484887,1
672,413,0.6,0.94,0.5,0.5833,0.5,3,0.5207997106112072,0
297,400,0.2,0.125,0.25,0.75,0.25,1,0.31042956899617424,0
238,1000,0.2,0.59,1.0,0.4167,0.0,1,0.3628918865422426,0
76,758,0.2,0.425,1.0,0.1667,1.0,1,0.5173441140800816,1
50,339,0.2,0.735,1.0,0.25,0.5,1,0.6008752712199105,1
90,663,0.2,0.82,0.25,0.5,0.75,1,0.4171574761702639,1
30,147,0.4,0.64,0.0,0.9167,0.5,2,0.37063729107984245,1
966,472,0.2,0.415,0.75,0.1667,0.5,1,0.4478152260777763,0
993,402,0.2,0.93,0.0,0.9167,0.75,1,0.29450200521698444,0
338,231,0.2,0.48,0.75,0.5833,0.5,1,0.45058894267940963,1
908,860,0.4,0.975,0.75,0.25,1.0,2,0.6878036488339159,0
362,819,0.2,0.71,0.75,0.9167,0.0,1,0.5645310417587874,1
434,509,0.2,0.71,0.75,0.9167,1.0,1,0.6274626613895438,1
310,77,0.2,0.945,0.25,0.8333,1.0,1,0.40941776415183384,0
315,453,0.2,0.755,0.75,0.75,0.5,1,0.5191835253616397,1
568,241,0.2,0.41,0.5,0.25,0.75,1,0.3054616577045721,0
561,978,0.2,0.455,0.75,0.4167,0.75,1,0.35380311441876783,0
877,7,0.4,0.685,0.5,0.6667,0.5,2,0.5655621400940255,1
501,248,0.2,0.905,1.0,0.9167,0.5,1,0.5508227749145832,0
724,619,0.2,0.69,0.0,1.0,0.75,1,0.3982205911264688,1
944,137,0.2,0.745,1.0,0.4167,0.75,1,0.5228520029617445,0
472,386,0.2,0.815,0.25,0.25,0.25,1,0.33821230277339553,0
956,727,0.4,0.655,0.5,0.8333,0.5,2,0.44847073089336514,0
889,347,0.6,0.84,0.25,0.9167,0.75,3,0.6255111128233245,1
332,447,0.2,0.95,0.5,0.5833,0.5,1,0.469508802087495,0
565,983,0.4,0.76,1.0,1.0,0.0,2,0.5682274453108267,1
159,189,0.2,0.87,0.5,0.1667,0.25,1,0.431861363511038,0
505,461,0.2,0.785,0.5,0.1667,0.75,1,0.40790788330981453,1
408,412,0.4,0.73,0.75,0.8333,0.75,2,0.7010459574311044,0
29,948,0.2,0.385,1.0,0.4167,0.75,1,0.564951001453027,1
630,321,0.2,0.8,0.75,0.75,0.0,1,0.3963931435702815,0
312,139,0.2,0.79,0.5,0.5,0.75,1,0.4745348994846105,1
439,465,0.2,0.655,0.5,0.5833,0.75,1,0.42062959907788056,1
863,949,0.6,0.76,1.0,0.1667,1.0,3,0.706609985260973,1
601,214,0.2,0.54,0.75,0.5833,1.0,1,0.4277274384109953,0
696,497,0.2,0.59,0.75,0.6667,0.75,1,0.5473823220180205,0
758,636,0.2,0.795,0.25,0.1667,0.0,1,0.3561688132044585,0
131,135,0.2,0.445,0.75,0.8333,0.5,1,0.5166403122449394,0
674,560,0.2,0.535,0.5,0.8333,0.75,1,0.5380862247631253,1
51,394,0.2,0.885,0.75,0.25,0.75,1,0.5397556919411346,0
879,941,0.4,0.375,0.5,0.8333,0.75,2,0.48853480506742797,1
52,860,0.2,0.295,0.5,1.0,0.5,1,0.40785064932607706,0
86,394,0.4,0.95,0.0,0.6667,1.0,2,0.4493252163547403,1
461,701,0.2,0.385,0.0,0.5833,0.25,1,0.22239348432056907,0
536,970,0.2,0.52,0.75,0.9167,0.75,1,0.4918894426096584,1
346,534,0.2,0.525,0.75,0.6667,0.25,1,0.49529929911806436,1
544,877,0.2,0.87,0.75,0.4167,1.0,1,0.46622848308081943,0
333,110,0.4,0.825,0.75,0.3333,1.0,2,0.5353612499629334,0
18,525,0.2,0.565,0.25,0.75,0.25,1,0.38235630046335045,0
982,252,0.2,0.605,1.0,0.8333,0.5,1,0.5357218516546277,1
817,711,0.2,0.97,0.25,0.9167,1.0,1,0.44622690928000514,1
139,861,0.2,0.83,0.5,0.4167,0.75,1,0.4007171956381729,0
306,326,0.4,0.97,0.5,0.8333,0.5,2,0.6467045932016334,1
330,511,0.2,0.98,0.75,0.5,0.25,1,0.5175439624773834,0
99,578,0.4,0.805,0.5,0.75,0.75,2,0.6045703561902322,0
979,972,0.2,0.835,0.5,0.5,0.75,1,0.3779857576136381,1
773,742,0.2,0.765,0.75,0.6667,0.75,1,0.4497472883878634,0
109,585,0.2,0.79,0.75,0.4167,0.5,1,0.46172692601080756,1
785,226,0.2,0.74,0.5,1.0,0.5,1,0.3996630537674934,0
740,562,0.2,0.73,0.5,0.9167,1.0,1,0.4815187746662371,0
529,215,0.2,0.425,0.5,0.8333,0.75,1,0.3468113962121406,0
990,658,0.2,0.67,0.75,0.9167,1.0,1,0.64262163911787,1
543,946,0.2,0.585,0.0,0.6667,0.5,1,0.3631245058581666,0
156,906,0.2,0.72,0.75,0.1667,1.0,1,0.42642256196856354,0
894,819,0.2,0.5,0.75,0.8333,0.25,1,0.49372347163163555,0
379,523,0.2,0.725,0.5,0.8333,0.5,1,0.5445932429726787,0
525,454,0.2,0.945,0.0,0.75,0.5,1,0.3289549829443738,0
185,118,0.2,0.7,0.75,0.9167,1.0,1,0.6513008365935038,0
91,561,0.2,0.43,0.75,0.1667,0.0,1,0.424368795627475,0
159,951,0.4,0.43,0.75,0.5,0.75,2,0.5504144867167483,0
466,601,0.2,0.73,0.5,0.8333,1.0,1,0.42422103415525864,0
282,928,0.2,0.79,0.5,0.5833,1.0,1,0.5231180204787566,0
802,748,0.2,0.73,0.25,0.75,0.5,1,0.4500062502999402,0
103,331,0.2,0.99,0.5,0.6667,0.25,1,0.4110239195958728,0
367,131,0.2,0.535,0.25,0.5833,0.25,1,0.3348214909804078,0
108,996,0.2,0.88,1.0,0.9167,0.0,1,0.46893998178864016,1
633,458,0.2,0.39,1.0,0.4167,0.75,1,0.512715368453021,0
274,366,0.2,0.665,1.0,0.5833,0.5,1,0.5233503370338353,1
977,306,0.2,0.895,0.5,0.25,0.25,1,0.4521307053292528,1
327,492,0.2,0.595,0.25,0.8333,0.75,1,0.3338059581064917,0
678,214,0.2,0.725,0.75,0.3333,0.5,1,0.5333008085045594,1
39,140,0.2,0.22,0.75,0.9167,0.75,1,0.4801569741646444,1
658,168,0.2,0.29,1.0,0.4167,0.5,1,0.5643559537685595,1
564,356,0.2,0.525,0.5,0.9167,0.75,1,0.47578576053331223,1
933,213,0.2,0.88,0.25,0.5833,1.0,1,0.3928082217914417,0
170,79,0.2,0.92,0.75,0.5833,0.5,1,0.5165540569359129,1
499,831,0.2,0.975,0.5,0.1667,0.5,1,0.40786969768494596,1
296,681,0.4,0.68,0.5,0.0833,0.75,2,0.497714383971871,1
976,80,0.2,0.96,0.75,0.75,0.5,1,0.4367991320782152,0
831,973,0.2,0.93,1.0,1.0,1.0,1,0.7538438730121726,1
629,603,0.2,0.745,0.75,0.9167,0.5,1,0.5297635710066823,1
214,743,0.2,0.715,0.5,0.5833,0.75,1,0.43312362459771225,1
885,464,0.2,0.77,0.25,1.0,0.75,1,0.4558536368491752,1
651,312,0.2,0.88,0.75,0.6667,0.0,1,0.4213856356189437,1
879,359,0.2,0.945,0.75,1.0,0.5,1,0.4717834224967975,1
370,445,0.2,0.82,0.5,0.0833,0.5,1,0.4626664185499696,1
132,389,0.2,0.885,0.75,0.75,0.25,1,0.4438870567478007,0
802,769,0.2,0.65,0.5,0.5833,0.75,1,0.40717083767989887,0
628,649,0.2,0.245,0.25,0.0833,0.25,1,0.17955101795079564,0
188,498,0.2,0.76,0.5,1.0,0.5,1,0.5060618200878376,1
948,370,0.2,0.22,0.75,0.25,0.5,1,0.3306986655264654,0
603,469,0.4,0.95,0.75,0.75,0.75,2,0.6451966272548714,1
844,325,0.4,0.485,0.75,0.6667,0.0,2,0.4296512524073238,1
320,212,0.4,0.74,0.25,0.5833,0.5,2,0.45828942044900023,1
562,468,0.2,0.075,0.25,0.5,0.5,1,0.17321356154283482,0
858,3,0.2,0.2,1.0,0.9167,0.75,1,0.45522758050639156,1
190,982,0.2,0.855,0.75,0.0833,0.75,1,0.47952050131997054,0
663,708,0.2,0.77,1.0,0.4167,1.0,1,0.6756461815296668,0
173,296,0.2,0.305,0.5,0.8333,1.0,1,0.48226008854326075,1
808,158,0.2,0.88,0.75,0.75,0.0,1,0.37996169937210655,0
323,78,0.2,0.84,0.75,1.0,0.75,1,0.5197189109917857,0
435,915,0.2,0.645,0.5,0.4167,1.0,1,0.39338975392968456,0
33,328,0.2,0.59,0.5,0.4167,1.0,1,0.3815914367703511,0
134,189,0.2,0.435,0.25,0.25,1.0,1,0.3657178463579726,1
229,590,0.2,0.895,0.25,0.75,0.75,1,0.346955749858086,1
179,373,0.4,0.86,0.75,0.5,0.25,2,0.4878070927813995,1
261,344,0.2,0.3,0.25,0.3333,0.75,1,0.36231076602804424,0
440,198,0.2,0.405,0.75,0.4167,1.0,1,0.423444537643593,0
748,830,0.2,0.665,0.5,0.9167,0.5,1,0.46308865043454706,1
564,653,0.4,0.815,0.75,1.0,1.0,2,0.6947673097260642,1
807,253,0.2,0.93,0.75,0.4167,0.75,1,0.5981374885862782,1
485,802,0.4,0.46,0.75,0.75,0.0,2,0.5900238334081679,1
415,870,0.2,0.37,0.75,0.9167,0.75,1,0.5059909821253556,1
972,278,0.2,0.93,0.25,0.9167,0.0,1,0.45843078922254443,1
575,595,0.2,0.24,0.5,0.75,1.0,1,0.4557484223386642,0
902,785,0.2,0.935,0.75,0.8333,0.25,1,0.5313973469773595,0
208,899,0.6,0.74,0.75,0.6667,0.5,3,0.737326635384372,0
946,607,0.2,0.81,1.0,0.8333,0.0,1,0.46497690920384266,1
957,429,0.2,0.945,0.25,0.9167,0.75,1,0.5411004241486128,0
440,253,0.2,0.14,0.75,0.9167,1.0,1,0.513921177158581,1
804,104,0.2,0.805,0.5,0.9167,0.5,1,0.446079276263012,0
771,911,0.2,0.995,0.5,0.5,1.0,1,0.5560333986079381,0
826,214,0.4,0.835,0.5,0.9167,0.75,2,0.5717167605751734,1
144,396,0.2,0.625,0.75,1.0,0.75,1,0.5826330981777585,1
27,422,0.2,0.69,0.75,1.0,0.75,1,0.5823856075540286,1
174,359,0.2,0.925,0.5,0.6667,1.0,1,0.5674734479221066,0
445,506,0.2,0.98,0.75,0.9167,0.75,1,0.6012690858920069,1
558,94,0.2,0.44,0.75,1.0,0.5,1,0.40424589788981785,1
155,543,0.2,0.815,0.75,0.9167,1.0,1,0.5937842486792709,0
766,988,0.2,0.92,0.75,0.25,0.5,1,0.3949707439484761,0
77,436,0.2,0.685,0.5,0.5833,0.75,1,0.3533566818037017,0
876,719,0.4,0.525,0.75,0.5833,1.0,2,0.6613319341206705,0
119,209,0.2,0.71,0.5,1.0,0.0,1,0.4868810124624246,0
714,77,0.4,0.91,0.5,0.75,0.5,2,0.601021411552185,0
523,378,0.2,0.77,0.5,0.25,0.75,1,0.4186718992897338,1
245,568,0.2,0.61,0.75,0.75,0.5,1,0.5417236040889973,1
802,592,0.2,0.3,0.75,0.5,0.0,1,0.4622511689160288,1
722,629,0.2,0.685,0.0,0.75,0.75,1,0.28793344718306724,0
437,400,0.4,0.165,0.75,0.8333,0.5,2,0.5264818055831292,1
973,613,0.4,0.68,0.0,0.9167,1.0,2,0.39785114271933086,1
379,109,0.2,0.145,0.75,0.5,0.25,1,0.38241941498280896,0
412,214,0.2,0.78,0.75,1.0,0.75,1,0.5326240635574783,0
944,282,0.2,0.6,0.75,0.3333,0.75,1,0.38807632030551475,1
185,267,0.2,0.625,0.75,0.75,0.25,1,0.36935505120076734,0
360,892,0.4,0.925,0.75,1.0,0.5,2,0.6947987211638704,1
291,14,0.2,0.175,0.5,0.8333,0.25,1,0.34679000772374574,0
367,621,0.2,0.995,1.0,0.5833,0.75,1,0.6307910541991822,1
744,770,0.2,0.695,0.25,0.5,0.25,1,0.33259895769950243,0
822,119,0.2,0.54,1.0,1.0,0.0,1,0.45663460554633395,0
846,874,0.2,0.945,1.0,0.5,0.75,1,0.6858885447596064,1
614,778,0.2,0.72,1.0,0.5833,0.75,1,0.56420225235133,1
554,18,0.2,0.81,1.0,0.8333,0.25,1,0.6301274618565856,1
637,295,0.2,0.745,0.25,1.0,0.25,1,0.46125670311856565,0
781,523,0.2,0.96,0.75,0.5,0.5,1,0.5636900905763955,1
88,657,0.2,0.625,0.25,0.5,0.5,1,0.3382378784926752,0
625,229,0.2,0.98,0.75,0.4167,0.75,1,0.435684563658127,1
935,573,0.2,0.525,0.5,0.9167,0.5,1,0.4539150818275936,0
690,233,0.4,0.855,1.0,0.1667,0.5,2,0.5978518302248584,1
736,456,0.2,0.645,0.0,0.8333,0.75,1,0.28519620213264685,0
738,413,0.4,0.82,1.0,0.3333,0.25,2,0.6105822623773053,1
834,340,0.2,0.82,0.75,0.4167,0.25,1,0.4676799191116734,0
755,1,0.2,0.785,0.25,0.75,0.5,1,0.4520731150792566,0
157,533,0.2,0.805,0.25,0.9167,0.75,1,0.45146737830311445,0
16,387,0.2,0.515,0.5,0.8333,0.25,1,0.303915518133473,1
775,280,0.2,0.905,0.25,0.3333,1.0,1,0.38583092971928734,0
932,185,0.2,0.81,1.0,0.4167,0.25,1,0.4827917283646872,0
5,786,0.2,0.89,0.25,0.5833,0.75,1,0.31571194721029205,1
980,599,0.4,0.29,1.0,0.8333,0.75,2,0.6974633092284117,1
169,378,0.4,0.745,1.0,0.8333,0.5,2,0.6455156793484601,1
148,636,0.2,0.815,0.25,0.25,0.75,1,0.42371564325382877,0
143,538,0.2,0.91,0.5,1.0,0.25,1,0.443874974230468,1
615,93,0.4,0.875,0.0,0.5833,0.75,2,0.41310437162091085,1
788,182,0.4,0.705,0.75,0.8333,0.75,2,0.6926145070350521,1
221,125,0.2,0.625,1.0,0.5833,1.0,1,0.6498803046372952,1
50,109,0.2,0.515,0.5,0.6667,0.5,1,0.41421084479713366,0
619,64,0.2,0.92,0.0,0.3333,0.0,1,0.15174233309825488,0
745,461,0.4,0.645,0.5,0.25,0.5,2,0.47262342321500317,0
293,813,0.2,0.77,0.25,0.9167,1.0,1,0.5055972115590106,0
223,140,0.2,0.435,0.75,0.3333,0.5,1,0.46465996737112525,1
452,752,0.2,0.825,0.25,0.5833,0.25,1,0.3071679705516499,1
107,943,0.2,0.525,0.75,0.6667,1.0,1,0.42897589042615897,0
568,89,0.4,0.635,1.0,0.5,0.5,2,0.6695233778063853,1
489,561,0.2,0.75,1.0,0.8333,0.75,1,0.5118188112646036,0
396,645,0.2,0.755,0.25,1.0,0.0,1,0.4209311264124861,0
155,204,0.2,0.93,0.25,0.8333,0.75,1,0.47712107053025726,1
510,86,0.2,0.705,0.5,0.8333,0.5,1,0.36070528259466145,0
251,465,0.4,0.835,0.5,0.75,0.75,2,0.6262856183896245,0
147,266,0.4,0.765,0.25,0.6667,0.25,2,0.4163907510241563,0
872,390,0.2,0.53,0.75,0.8333,0.5,1,0.45632788399429,1
351,584,0.2,0.68,0.25,0.75,0.75,1,0.3088156675731907,0
97,101,0.4,0.965,0.0,0.9167,1.0,2,0.5522086470478638,0
403,300,0.2,0.925,0.5,0.5833,1.0,1,0.4388778221641221,0
909,378,0.4,0.985,0.25,0.4167,0.75,2,0.3996427318368586,1
322,953,0.2,0.715,1.0,0.4167,0.75,1,0.6041941864113554,0
994,582,0.2,0.82,0.5,0.75,0.5,1,0.43676132894604064,1
448,890,0.2,0.595,0.75,0.6667,0.25,1,0.5049361163460362,1
5,191,0.2,0.72,1.0,0.75,0.25,1,0.46746885345492084,1
933,354,0.2,0.95,0.75,0.9167,0.75,1,0.6711631484650771,0
697,862,0.2,0.38,0.5,0.9167,0.75,1,0.5180368442126267,0
582,716,0.2,0.89,0.75,0.5833,0.5,1,0.5499620397104714,1
405,500,0.2,0.535,0.75,0.6667,0.75,1,0.4694602086465617,0
870,884,0.2,0.3,0.5,0.5833,0.5,1,0.4150946652155105,0
905,813,0.4,0.955,1.0,0.75,1.0,2,0.793338263379855,1
434,870,0.2,0.905,0.75,0.8333,0.75,1,0.5518517719609962,0
24,970,0.2,0.945,0.75,0.75,0.5,1,0.5922467133842539,1
708,554,0.4,0.625,0.25,0.5833,0.75,2,0.47063040461640315,0
782,888,0.2,0.56,0.0,1.0,1.0,1,0.28271634261026496,0
544,733,0.4,0.74,0.5,0.5,1.0,2,0.5841846232631458,0
37,293,0.2,0.815,1.0,0.0,0.0,1,0.40330617886492215,1
279,248,0.2,0.64,0.25,0.8333,0.75,1,0.3096048762794896,0
916,522,0.2,0.705,0.75,0.8333,0.75,1,0.4995660920844195,0
106,282,0.4,0.63,1.0,0.6667,0.5,2,0.6241803186454271,1
318,470,0.2,0.165,1.0,0.5833,0.0,1,0.3770237561515921,0
202,44,0.2,0.895,0.5,0.3333,0.75,1,0.472473080650511,1
462,563,0.2,0.915,0.25,1.0,1.0,1,0.4322028071822102,1
39,159,0.2,0.56,0.5,0.25,0.75,1,0.46671545121459623,0
673,106,0.2,0.84,0.25,0.8333,0.75,1,0.4077896894643571,0
847,852,0.2,0.355,1.0,0.75,0.25,1,0.4603260214903068,1
754,730,0.2,0.51,0.75,0.8333,0.0,1,0.431593252320833,0
723,154,0.2,0.815,0.5,0.8333,0.5,1,0.4696664663863443,1
672,608,0.4,0.975,0.0,1.0,0.75,2,0.5353427451269099,1
344,573,0.4,0.485,0.25,0.3333,0.25,2,0.2622428706254599,0
835,896,0.2,0.825,1.0,0.9167,0.75,1,0.6756935629713443,1
162,923,0.2,0.805,0.5,0.9167,0.25,1,0.5075663619798808,1
63,169,0.2,0.78,0.25,0.5833,0.5,1,0.3318170392170279,0
380,967,0.2,0.82,0.0,0.8333,0.5,1,0.2962948437298374,1
479,838,0.2,0.665,0.5,0.75,1.0,1,0.41783868369665284,0
799,618,0.2,0.625,0.5,0.75,0.5,1,0.3360457036027612,0
988,54,0.2,0.9,0.0,0.75,0.5,1,0.3097597514671972,0
97,776,0.2,0.965,0.5,0.9167,0.75,1,0.5402287130102793,0
374,727,0.2,0.795,1.0,0.4167,1.0,1,0.6129027792562581,1
537,876,0.4,0.635,0.75,0.6667,0.0,2,0.45632574138577486,1
18,630,0.2,0.825,0.5,0.3333,1.0,1,0.5047599824336848,1
860,289,0.2,0.925,1.0,0.9167,0.75,1,0.7244152855384494,0
730,374,0.2,0.96,0.0,1.0,0.75,1,0.3382553326194455,0
206,981,0.2,0.645,1.0,0.25,0.75,1,0.5656615112756178,1
91,594,0.2,0.825,1.0,1.0,1.0,1,0.5689377593401655,1
930,968,0.2,0.975,0.0,0.9167,1.0,1,0.38367060045293255,0
367,504,0.2,0.785,0.75,0.6667,0.75,1,0.605806179758994,1
249,994,0.2,0.46,0.75,0.5,0.75,1,0.5407493026120671,1
213,94,0.2,0.765,0.25,1.0,0.5,1,0.49573225026564977,0
798,531,0.2,0.95,0.25,0.9167,1.0,1,0.4050674041199356,1
879,911,0.4,0.235,0.75,0.75,1.0,2,0.5761989278519775,1
902,753,0.2,0.83,0.0,0.8333,1.0,1,0.4228902576998308,1
89,604,0.2,0.935,0.75,0.6667,0.75,1,0.45423754773777475,0
118,411,0.2,0.695,0.25,0.8333,0.25,1,0.44595169714525706,1
966,615,0.2,0.93,0.75,0.75,0.75,1,0.6081996361310937,0
51,946,0.2,0.86,0.75,0.4167,0.75,1,0.46567242159705924,1
9,883,0.2,0.705,0.25,0.5833,1.0,1,0.42915458781100874,0
208,620,0.2,0.865,0.75,0.8333,0.5,1,0.520152919337055,1
621,239,0.4,0.855,1.0,0.6667,0.25,2,0.6247941644601497,1
107,416,0.4,0.975,0.75,0.3333,0.75,2,0.6645388958707776,1
408,891,0.4,0.23,0.5,0.1667,0.75,2,0.49075839107344343,0
693,914,0.2,0.905,0.5,1.0,1.0,1,0.5835751378801102,0
1,475,0.2,0.85,0.75,0.5833,0.5,1,0.46161678545472057,0
580,549,0.2,0.295,0.0,0.75,1.0,1,0.22048449464973668,0
618,857,0.2,0.095,0.75,0.6667,1.0,1,0.44762111504224233,1
983,760,0.2,0.785,0.75,0.9167,0.75,1,0.5583602178296994,1
397,338,0.2,0.91,0.75,0.8333,0.75,1,0.5588991887608707,0
546,452,0.2,0.905,0.75,0.75,0.25,1,0.4193057607535826,1
618,189,0.2,0.27,1.0,0.5,0.25,1,0.3978780513849403,0
856,911,0.2,0.785,0.75,1.0,0.75,1,0.5585050596439552,0
282,176,0.2,0.995,0.5,0.5,0.75,1,0.49357413273190753,0
463,373,0.2,0.52,0.75,0.5833,0.5,1,0.40167360448952544,0
296,26,0.2,0.9,0.75,0.4167,0.5,1,0.5336272374358363,1
339,742,0.2,0.84,0.0,0.5,0.5,1,0.219116695405077,0
550,679,0.2,0.43,0.25,0.75,0.75,1,0.4215442521852748,1
304,576,0.2,0.955,0.75,1.0,0.25,1,0.5840318690779055,1
531,321,0.2,0.655,0.75,0.75,0.75,1,0.4638175148282312,1
483,5,0.2,0.89,1.0,0.4167,0.75,1,0.6650323313127346,0
575,224,0.2,0.57,0.75,0.0833,1.0,1,0.49270744341659656,0
346,888,0.2,0.56,0.5,0.5,1.0,1,0.44611439107607864,1
945,354,0.2,0.67,1.0,0.3333,0.5,1,0.5472208611966458,0
576,948,0.2,0.435,1.0,0.8333,0.5,1,0.43429547011052916,1
344,573,0.4,0.485,0.25,0.3333,0.25,2,0.4521413545047702,1
769,504,0.2,0.865,0.75,0.3333,0.25,1,0.47966810832868884,0
245,673,0.2,0.79,0.75,0.4167,1.0,1,0.4981885675264961,1
114,709,0.2,0.565,0.5,0.5,0.5,1,0.2999725117736646,0
978,83,0.2,0.36,0.5,0.9167,1.0,1,0.402578812868477,0
701,226,0.2,0.575,0.25,0.9167,0.5,1,0.40814755332850733,0
467,205,0.2,0.895,0.75,0.4167,1.0,1,0.4929101469979612,1
264,539,0.2,0.505,1.0,0.5,0.25,1,0.40445565758818985,0
241,946,0.2,0.985,1.0,0.5833,0.25,1,0.584773291243483,1
338,739,0.2,0.865,0.75,0.8333,1.0,1,0.6036890557895691,1
147,940,0.2,0.51,0.5,0.8333,0.75,1,0.5040077979210655,0
976,779,0.2,0.785,0.75,0.1667,0.75,1,0.4199826083618358,0
674,299,0.4,0.7,0.75,0.5,0.0,2,0.5325425785068477,1
905,630,0.2,0.935,1.0,0.75,1.0,1,0.6197524311915397,0
599,118,0.2,0.57,1.0,0.6667,0.25,1,0.5969147476880947,0
620,130,0.2,0.775,0.5,0.8333,0.25,1,0.4075453711665422,0
348,829,0.4,0.915,0.25,1.0,0.25,2,0.3975962536777585,0
522,115,0.2,0.595,0.75,0.75,0.75,1,0.5751205813100349,1
762,55,0.2,0.905,1.0,0.75,0.75,1,0.6619808548441823,1
699,463,0.2,0.985,0.5,0.6667,0.75,1,0.49188477902081434,1
829,182,0.2,0.315,0.25,0.1667,0.75,1,0.18259567946155691,0
909,219,0.2,0.955,0.0,0.5833,0.75,1,0.4055352198948444,1
798,49,0.2,0.38,0.5,0.5,1.0,1,0.3664401228554678,0
101,241,0.2,0.385,0.0,0.5,0.25,1,0.2198334393166511,0
33,790,0.4,0.995,0.25,0.5833,0.5,2,0.4901146501771093,1
749,79,0.6,0.385,1.0,0.5833,1.0,3,0.7823767687133861,1
615,13,0.2,0.8,0.25,0.75,0.0,1,0.33067132644219127,0
44,24,0.2,0.83,0.75,0.4167,0.75,1,0.4793876374337101,1
83,638,0.2,0.165,0.75,0.8333,1.0,1,0.42854627998135614,0
191,465,0.4,0.705,0.5,0.0833,0.5,2,0.43463722012894795,1
450,457,0.2,0.35,1.0,1.0,1.0,1,0.6293723098700573,0
760,412,0.2,0.74,0.75,0.8333,0.75,1,0.5898124805694538,1
538,490,0.2,0.51,0.75,0.25,0.5,1,0.4684879428841107,0
985,71,0.2,0.605,0.75,0.6667,1.0,1,0.485305182942628,0
213,909,0.2,0.72,0.0,0.75,0.5,1,0.3976163621778163,1
523,925,0.2,0.79,0.5,1.0,0.25,1,0.4451072528466175,1
60,393,0.2,0.605,1.0,0.5833,0.25,1,0.4700461108230206,1
703,149,0.2,0.305,1.0,0.9167,0.75,1,0.5582218843743023,1
21,90,0.2,0.925,0.75,0.5833,0.75,1,0.5468747116407942,1
598,792,0.2,0.42,0.75,0.9167,0.75,1,0.5949502856951956,1
628,747,0.2,0.185,0.25,0.5833,0.25,1,0.31159173126177664,0
640,615,0.2,0.76,0.25,1.0,0.25,1,0.2928760446246324,1
849,97,0.2,0.625,0.25,0.5833,0.25,1,0.2532125922554399,0
425,106,0.2,0.395,0.75,0.5833,0.75,1,0.4437904821155719,1
73,91,0.2,0.18,0.5,0.8333,0.75,1,0.40512174768802556,0
605,664,0.4,0.855,0.25,0.4167,1.0,2,0.5085723981199554,0
512,79,0.4,0.85,0.5,0.8333,0.5,2,0.5310336490903916,1
248,79,0.6,0.84,0.25,0.9167,0.75,3,0.5892112888138299,0
616,366,0.2,0.965,0.75,0.5833,0.25,1,0.5455270163819992,1
516,231,0.2,0.625,0.75,0.5833,1.0,1,0.4879292745382259,1
157,494,0.2,0.36,0.5,0.6667,0.75,1,0.4707922796417052,0
985,914,0.2,0.83,0.75,0.5,0.75,1,0.48540515003478735,1
645,757,0.2,0.67,0.25,0.5,0.0,1,0.36160854622938465,0
109,839,0.2,0.315,0.5,0.6667,0.25,1,0.3845630050603416,1
831,39,0.2,0.8,0.75,0.25,1.0,1,0.43680285766156546,0
367,265,0.2,0.83,0.75,0.75,0.75,1,0.46153357730033195,1
258,326,0.4,0.94,0.25,0.5,0.75,2,0.4352508347240329,1
534,678,0.2,0.445,0.5,0.5833,0.25,1,0.4024556765390559,0
888,181,0.2,0.345,0.25,0.4167,0.75,1,0.35144364097179637,0
69,899,0.2,0.8,0.75,0.1667,0.25,1,0.37040915019004444,0
140,124,0.2,0.98,0.5,0.9167,0.75,1,0.514434359320495,1
935,252,0.2,0.445,0.75,0.4167,0.75,1,0.3878854994212384,1
316,450,0.4,0.495,0.75,0.75,0.75,2,0.5540205482706982,0
961,94,0.2,0.24,0.25,0.9167,0.75,1,0.2687730663077648,0
427,281,0.2,0.895,0.75,0.5,0.75,1,0.4283628757785091,0
292,106,0.4,0.785,0.5,0.75,0.5,2,0.48953586109726555,1
40,328,0.2,0.07,0.5,0.5833,0.75,1,0.3110392140180141,0
701,649,0.2,0.855,0.25,0.5833,0.0,1,0.3537978376552501,0
592,608,0.2,0.295,0.5,0.6667,0.0,1,0.41393531460200017,1
584,356,0.4,0.61,1.0,0.8333,1.0,2,0.6315755286260141,1
96,583,0.2,0.93,0.5,0.6667,0.25,1,0.3861796680117625,0
773,197,0.2,0.94,0.25,0.9167,0.75,1,0.47193595878125316,1
814,313,0.2,0.555,0.25,0.5833,0.5,1,0.2594433115894238,0
690,182,0.2,0.765,0.5,0.9167,0.0,1,0.41389745922905186,1
264,214,0.2,0.63,1.0,0.8333,0.75,1,0.577357964846681,1
540,391,0.2,0.4,0.75,0.5,1.0,1,0.46473599896211903,0
573,649,0.2,0.675,0.75,0.6667,0.0,1,0.5161040225099724,0
9,255,0.2,0.94,0.75,0.6667,0.5,1,0.5390336446400283,0
984,433,0.2,0.63,0.5,0.8333,0.25,1,0.3645058458715069,1
218,957,0.2,0.805,0.75,0.9167,0.75,1,0.5098743380528019,1
529,986,0.2,0.315,0.5,0.6667,0.25,1,0.3306476555742316,0
267,816,0.2,0.75,0.25,0.1667,0.5,1,0.4119495612083246,0
402,492,0.2,0.87,1.0,0.25,0.0,1,0.5513538555480489,1
909,656,0.2,0.72,0.25,0.6667,0.75,1,0.4888465454932114,0
336,20,0.2,0.435,0.75,0.8333,0.5,1,0.5426686827951742,0
344,801,0.4,0.935,0.5,0.1667,0.75,2,0.4987121510465868,0
923,271,0.4,0.98,0.5,0.6667,1.0,2,0.6789182100992616,0
446,74,0.2,0.675,0.5,0.3333,0.25,1,0.35890577316677386,0
128,308,0.2,0.595,0.75,0.9167,0.25,1,0.5652131974430271,0
20,738,0.4,0.65,0.75,0.5,0.5,2,0.6129796965190473,1
82,871,0.2,0.235,1.0,0.75,0.25,1,0.5180754391868445,1
616,342,0.4,0.715,1.0,0.5833,0.75,2,0.5673918327361911,0
151,929,0.2,0.72,0.5,0.5833,1.0,1,0.5449753576441142,0
537,386,0.4,0.865,0.75,0.3333,1.0,2,0.6623773370475294,1
221,260,0.4,0.91,0.75,0.75,0.75,2,0.5948089174032255,1
265,413,0.4,0.59,1.0,0.9167,0.75,2,0.6669040075684832,1
736,251,0.2,0.455,1.0,1.0,0.75,1,0.5197758301868314,0
155,201,0.4,0.615,1.0,0.9167,0.75,2,0.6133900634044168,1
863,761,0.2,0.97,0.0,0.75,0.5,1,0.430935271632399,0
439,178,0.2,0.84,1.0,0.5,0.5,1,0.5910404089890069,0
456,552,0.2,0.645,1.0,0.5,0.5,1,0.4893823442110724,1
629,924,0.2,0.535,0.5,0.5,0.75,1,0.4921479524884641,0
508,990,0.6,0.85,0.25,0.5,1.0,3,0.6346766502539668,1
24,982,0.2,0.87,0.75,0.3333,0.25,1,0.529645276920823,1
808,34,0.2,0.64,0.75,0.75,0.75,1,0.5421699454749036,1
872,285,0.2,0.525,0.5,0.6667,0.75,1,0.4731149662469285,0
251,538,0.4,0.73,0.25,0.9167,0.75,2,0.595308190684602,0
755,81,0.2,0.685,0.25,0.4167,0.5,1,0.25094791598428784,0
105,700,0.2,0.755,1.0,0.75,0.5,1,0.6455962926123762,1
482,460,0.2,0.795,0.25,0.3333,0.75,1,0.35509004416244755,1
664,419,0.2,0.745,0.25,0.9167,0.75,1,0.42314434623071673,0
238,4,0.2,0.83,0.0,0.6667,1.0,1,0.4171689997453699,0
493,697,0.2,0.17,0.5,0.9167,0.75,1,0.34556382860532664,0
260,465,0.2,0.79,0.75,0.6667,0.75,1,0.5743164679548882,1
336,621,0.2,0.72,0.75,0.9167,0.0,1,0.4196611243945747,1
232,802,0.4,0.69,0.75,0.9167,0.25,2,0.5685796629632277,0
509,491,0.2,0.79,1.0,0.75,1.0,1,0.5839892672531486,1
364,527,0.2,0.655,0.5,0.5,0.5,1,0.37802760940133834,1
172,711,0.2,0.62,0.75,0.1667,1.0,1,0.4009554756250372,0
336,352,0.2,0.855,0.0,0.75,0.0,1,0.35861487076076537,0
94,561,0.2,0.29,0.75,0.1667,0.25,1,0.43097572086047653,0
946,105,0.2,0.65,0.75,0.8333,0.5,1,0.4330077752985272,0
303,93,0.4,0.775,0.75,0.5,0.25,2,0.6367792470561804,1
904,657,0.2,0.36,0.75,0.5833,0.0,1,0.3511016927564788,1
311,680,0.2,0.97,0.75,0.9167,0.75,1,0.6332807783211203,1
443,244,0.2,0.5,0.25,0.6667,0.75,1,0.40903247390541453,1
572,760,0.4,0.23,0.75,0.6667,0.5,2,0.5934206922241481,0
629,879,0.2,0.73,0.5,1.0,0.75,1,0.5704679025381075,1
996,108,0.2,0.88,1.0,0.9167,0.0,1,0.6372136086278776,0
657,390,0.2,0.255,0.25,0.5833,0.25,1,0.30208434412935303,1
681,257,0.2,0.585,0.5,0.8333,0.5,1,0.3528795235324827,0
583,798,0.2,0.515,0.0,0.8333,1.0,1,0.31687170709044254,1
509,587,0.2,0.195,0.75,0.6667,0.5,1,0.47334619087159446,0
764,4,0.2,0.995,0.75,0.6667,0.75,1,0.4606444860906343,0
677,475,0.2,0.37,0.5,0.5,0.75,1,0.46807379955840883,1
694,525,0.2,0.66,0.5,0.8333,0.75,1,0.5392468033085845,0
953,151,0.2,0.825,0.25,0.9167,0.75,1,0.5156255016633156,0
826,390,0.2,0.495,1.0,0.5,0.25,1,0.3880335644007267,0
892,86,0.2,0.895,0.0,0.6667,0.25,1,0.3328328643016166,0
982,54,0.2,0.795,0.25,0.3333,1.0,1,0.37841809323184833,1
24,906,0.2,0.98,0.75,0.6667,0.75,1,0.47380684599442796,1
745,889,0.2,0.985,0.5,0.8333,1.0,1,0.474785933922548,1
458,925,0.2,0.33,0.25,0.8333,1.0,1,0.4517714177531623,0
784,331,0.2,0.97,1.0,0.75,1.0,1,0.6964705311743795,1
981,371,0.2,0.76,0.75,0.3333,1.0,1,0.4615016875249527,1
747,227,0.2,0.415,0.5,0.9167,0.75,1,0.35913891542897813,0
340,390,0.2,0.455,1.0,0.75,0.25,1,0.5360033117843115,1
680,191,0.2,0.48,0.0,0.4167,1.0,1,0.3681975212614328,1
928,169,0.4,0.685,0.5,0.5,0.75,2,0.5561308290012499,0
276,752,0.2,0.585,0.75,0.75,0.75,1,0.4613952844359459,1
338,615,0.4,0.915,0.5,0.75,0.0,2,0.5229516467431794,0
551,726,0.2,0.485,0.75,0.4167,0.75,1,0.44839080028856987,1
413,452,0.2,0.755,0.75,0.8333,0.25,1,0.4949576834590015,1
212,360,0.4,0.81,0.75,0.4167,0.75,2,0.6329495940999937,0
308,567,0.2,0.535,1.0,0.8333,1.0,1,0.4945816114592395,0
342,892,0.2,0.395,0.0,0.9167,1.0,1,0.27475471226488585,0
645,341,0.2,0.295,0.25,0.6667,0.5,1,0.35329735928030337,0
374,756,0.2,0.765,0.5,0.9167,0.75,1,0.39493474876808,0
571,252,0.2,0.395,0.5,0.6667,0.25,1,0.4280990731245431,0
896,328,0.2,0.28,0.75,0.9167,0.75,1,0.48597450829678734,1
380,408,0.4,0.845,0.5,0.8333,0.75,2,0.5656185023971615,1
457,575,0.2,0.805,0.75,0.25,0.75,1,0.5101520616661929,0
103,622,0.2,0.375,0.5,0.5833,0.75,1,0.3955544868646176,0
587,694,0.2,0.56,1.0,0.75,0.5,1,0.5765984777172458,1
170,348,0.2,0.96,0.5,0.5833,0.25,1,0.3735317325642471,1
779,251,0.4,0.37,0.25,0.75,0.5,2,0.40646984979603223,0
488,279,0.2,0.805,0.25,0.75,1.0,1,0.42624495912334515,0
389,799,0.2,0.92,0.75,0.5,0.75,1,0.4943478570913508,0
665,813,0.2,0.66,0.75,0.6667,1.0,1,0.5748426353917224,0
145,744,0.2,0.93,0.25,0.6667,0.25,1,0.2742045789046116,0
415,970,0.4,0.8,0.75,0.6667,0.5,2,0.6740623139183725,1
355,216,0.2,0.525,0.25,0.8333,0.25,1,0.30156840170166244,0
128,53,0.2,0.35,1.0,0.9167,0.5,1,0.5569680325337331,1
680,74,0.2,0.695,0.0,0.5,0.75,1,0.372979439518498,0
711,550,0.2,0.83,0.25,0.6667,1.0,1,0.43042132056100946,1
107,229,0.2,0.93,0.75,0.5,1.0,1,0.5255217593168668,0
749,650,0.4,0.92,0.25,0.5833,0.75,2,0.4913895985487411,1
682,322,0.2,0.945,0.75,0.9167,1.0,1,0.5312497299709726,0
794,691,0.2,0.925,0.75,0.8333,0.75,1,0.6145553394455806,0
1000,456,0.2,0.815,0.0,0.8333,0.0,1,0.31229970533775875,1
501,738,0.2,0.935,0.5,0.25,0.0,1,0.4321214985350326,0
730,222,0.2,0.585,0.75,0.5,0.5,1,0.45511274382297706,1
32,675,0.2,0.96,0.5,0.5,0.5,1,0.5182767680277134,0
393,472,0.2,0.66,0.75,0.9167,0.5,1,0.5227257206728722,0
612,183,0.2,0.415,0.5,0.0833,0.75,1,0.4394118486943872,1
246,377,0.2,0.505,0.25,0.5833,0.75,1,0.42741829413921645,0
878,318,0.2,0.76,0.75,1.0,0.0,1,0.4144936988539978,0
231,322,0.4,0.82,1.0,0.5833,1.0,2,0.6872868138603382,0
712,275,0.2,0.735,0.25,0.5833,0.75,1,0.3901120112753891,1
739,234,0.2,0.815,1.0,0.9167,1.0,1,0.7048385432854374,0
448,864,0.2,0.375,0.5,0.6667,0.25,1,0.3258714845620391,0
243,919,0.2,0.95,0.75,0.9167,0.75,1,0.6225619517261916,0
969,271,0.2,0.755,0.75,0.4167,0.5,1,0.5139283986198958,0
107,91,0.2,0.855,0.75,1.0,0.25,1,0.5827995738480327,0
946,111,0.4,0.19,0.75,0.5833,0.5,2,0.5014461733407257,0
384,703,0.2,0.515,0.75,0.6667,1.0,1,0.5752144107011341,1
947,79,0.2,0.66,0.5,0.5833,0.5,1,0.33420508720274555,1
871,783,0.2,0.775,1.0,0.9167,0.75,1,0.693937036283438,1
608,222,0.2,0.395,0.25,0.6667,0.5,1,0.30733183262691105,0
678,535,0.2,0.505,0.75,0.9167,1.0,1,0.4836860217260216,1
190,454,0.2,0.125,0.0,0.8333,0.75,1,0.19087679253951115,0
681,495,0.4,0.68,0.75,1.0,0.5,2,0.5865981188243737,0
477,387,0.2,0.87,0.75,1.0,0.75,1,0.5018762431449632,0
495,706,0.2,0.555,0.75,0.3333,0.5,1,0.5017475305749185,0
190,982,0.2,0.855,0.75,0.0833,0.75,1,0.3978418277951892,1
537,866,0.2,0.3,1.0,0.3333,0.25,1,0.43655910755090693,0
908,847,0.2,0.75,0.75,0.4167,0.75,1,0.5309272542456318,1
305,671,0.2,0.865,1.0,0.25,0.0,1,0.4504512951312144,1
727,769,0.2,0.92,0.75,0.3333,0.5,1,0.4861385457759692,1
923,408,0.2,0.78,1.0,0.9167,0.25,1,0.6093950969686317,0
586,753,0.2,0.62,0.75,0.75,0.75,1,0.5963444493364264,1
377,559,0.2,0.95,0.75,0.1667,0.5,1,0.42282808241964187,0
699,860,0.2,0.785,0.75,0.9167,0.5,1,0.5512315196209823,1
907,823,0.2,0.985,0.75,0.9167,0.0,1,0.47217428421986557,1
930,59,0.2,0.91,0.5,0.6667,0.5,1,0.5368203427820346,1
133,260,0.4,0.58,1.0,0.5833,1.0,2,0.7373452251912046,1
853,414,0.2,0.48,0.75,0.25,0.25,1,0.38100101909754913,0
63,10,0.2,0.62,1.0,0.75,0.5,1,0.5255547448989978,1
651,685,0.2,0.355,0.5,0.6667,0.25,1,0.4183270218103794,0
353,397,0.2,0.985,1.0,0.4167,0.75,1,0.4983267445046392,1
799,870,0.4,0.675,1.0,0.4167,0.5,2,0.6196552302238352,0
307,823,0.2,0.1,0.25,0.25,1.0,1,0.2779638025366613,0
108,111,0.2,0.435,0.75,1.0,0.5,1,0.3929949975671124,0
171,397,0.2,0.835,1.0,1.0,0.75,1,0.6668746962198843,1
697,26,0.2,0.225,0.75,0.4167,1.0,1,0.4945623541355394,0
702,390,0.2,0.29,0.5,1.0,0.75,1,0.4291849462662212,1
977,666,0.4,0.475,0.75,0.9167,0.25,2,0.5789857454474309,1
454,905,0.2,0.62,0.25,0.9167,0.75,1,0.39031145310278337,0
776,670,0.2,1.0,0.5,0.4167,1.0,1,0.43769412100062227,0
148,386,0.2,0.535,0.5,0.25,0.75,1,0.32981422403008104,0
687,805,0.2,0.785,0.5,0.5833,1.0,1,0.3981597959792228,0
198,701,0.2,0.76,1.0,0.6667,0.5,1,0.6489981495814261,1
353,671,0.2,0.655,0.75,0.4167,0.5,1,0.38352294847299034,1
402,331,0.2,0.08,1.0,1.0,0.75,1,0.5727056011864168,0
345,295,0.2,0.74,0.75,0.5833,1.0,1,0.5431716115624852,0
11,263,0.2,0.505,1.0,0.9167,0.75,1,0.50576371799545,1
995,975,0.2,0.325,0.0,1.0,0.25,1,0.238605339751614,0
425,945,0.2,0.6,1.0,1.0,0.5,1,0.5117695044747301,0
164,942,0.2,0.545,1.0,0.8333,1.0,1,0.6721895983973065,1
162,825,0.2,0.835,0.25,0.75,0.75,1,0.37969303567317725,1
592,402,0.2,0.75,0.5,0.25,1.0,1,0.4044419027871148,1
200,779,0.2,0.33,0.75,0.75,1.0,1,0.42855025890752974,0
721,672,0.2,0.28,0.75,0.5,0.25,1,0.4349288986379303,1
666,758,0.2,0.965,0.75,0.4167,0.25,1,0.3825012896190866,1
889,739,0.2,0.995,0.25,0.25,0.25,1,0.32139860060125913,0
753,556,0.2,0.72,0.5,1.0,0.5,1,0.5494008813185263,0
382,520,0.2,0.8,0.75,0.5,0.5,1,0.5779694385728408,1
408,548,0.4,0.375,0.5,0.1667,0.75,2,0.4743635604874256,1
624,868,0.2,0.845,1.0,0.9167,0.75,1,0.7185062474492003,1
29,633,0.2,0.97,0.75,0.5,0.5,1,0.43882531474589936,1
134,48,0.2,0.97,0.25,1.0,1.0,1,0.41183161313591266,0
579,461,0.2,0.78,0.0,0.5833,1.0,1,0.42368543662868574,0
831,128,0.2,0.78,0.25,0.4167,0.25,1,0.2416350664766972,0
134,355,0.2,0.955,0.75,0.5833,0.25,1,0.5143380259438283,0
778,947,0.2,0.84,1.0,0.9167,0.5,1,0.6268228127107669,0
770,265,0.2,0.515,0.5,0.3333,0.75,1,0.34999339610706176,0
474,532,0.2,0.775,0.75,0.75,0.0,1,0.4578314732980593,0
826,232,0.6,0.82,0.5,0.9167,0.75,3,0.6087121276213165,1
20,657,0.2,0.83,1.0,1.0,0.5,1,0.5638657927593009,1
294,10,0.2,0.885,1.0,1.0,0.0,1,0.5830314967420928,1
295,901,0.2,0.94,1.0,0.6667,0.5,1,0.5212285227690898,1
946,851,0.4,0.515,0.75,0.9167,0.25,2,0.5673258117487168,1
103,696,0.2,0.77,0.5,0.6667,0.25,1,0.3785875497715302,0
888,337,0.2,0.395,0.75,0.8333,0.5,1,0.444300834928122,0
12,650,0.2,0.4,0.0,0.25,0.75,1,0.15315506625429295,0
223,338,0.2,0.77,0.75,0.6667,0.75,1,0.5468338866178515,0
280,460,0.2,0.85,0.75,0.9167,0.75,1,0.6218954708203298,1
747,799,0.2,0.75,0.5,0.75,0.75,1,0.41475552261275656,1
44,737,0.4,0.87,0.75,0.9167,0.75,2,0.5852284739793085,0
17,589,0.2,0.72,0.75,0.8333,0.75,1,0.4414171180045173,0
308,863,0.2,0.945,0.5,0.5,0.25,1,0.4124065240123559,1
150,463,0.2,0.56,0.75,0.9167,0.75,1,0.51881762754573,1
267,675,0.2,0.6,0.75,0.9167,1.0,1,0.6368380821962618,0
635,505,0.2,0.33,1.0,0.3333,0.75,1,0.5075682005208854,0
410,602,0.2,0.435,0.75,0.5,0.5,1,0.33659494405564155,1
188,811,0.6,0.75,0.5,0.8333,0.5,3,0.7090984443725491,1
253,21,0.2,0.79,0.0,0.4167,1.0,1,0.4270207511636643,1
488,956,0.2,0.16,0.5,0.4167,1.0,1,0.3213696170008761,0
196,732,0.2,0.375,0.75,0.8333,0.75,1,0.5458663613048736,1
366,333,0.2,0.925,0.5,0.9167,1.0,1,0.5422842837691298,1
313,73,0.2,0.02,0.75,0.5833,0.75,1,0.31956924659748565,0
964,498,0.2,0.96,0.5,0.75,0.75,1,0.5531389532638676,1
94,865,0.2,0.325,0.75,0.8333,1.0,1,0.4494732403658264,0
781,998,0.2,0.51,0.75,0.8333,0.5,1,0.3910063283855772,0
252,18,0.4,0.845,0.5,0.9167,0.25,2,0.5963991104552657,1
899,80,0.2,0.695,0.5,0.4167,0.25,1,0.33713438769973436,0
433,25,0.2,0.39,0.75,0.6667,1.0,1,0.5752507808835381,1
819,998,0.2,0.99,0.75,0.75,0.75,1,0.6451662430625248,0
396,961,0.2,0.725,0.75,0.4167,0.5,1,0.4165345981473663,0
752,361,0.2,0.92,0.0,0.4167,0.25,1,0.20238899689352846,0
37,677,0.2,0.935,1.0,0.9167,0.25,1,0.6051624089041494,1
777,165,0.2,0.43,0.75,1.0,0.25,1,0.4330387055257454,1
160,732,0.2,0.155,1.0,0.4167,0.5,1,0.4425750283381238,0
298,459,0.2,0.71,1.0,0.25,0.75,1,0.4673675581697727,1
30,983,0.2,0.91,0.75,0.4167,0.75,1,0.5273634544175047,1
906,533,0.2,0.915,1.0,0.5,0.25,1,0.5942970106578098,1
291,623,0.2,0.155,0.5,0.75,1.0,1,0.41297494215431746,1
346,782,0.6,1.0,0.5,0.5,1.0,3,0.6632846914130679,1
436,312,0.2,0.105,0.75,1.0,1.0,1,0.4541146840320636,1
255,949,0.2,0.585,0.25,0.5,0.75,1,0.40534881271333223,0
215,603,0.2,0.32,0.75,0.5833,0.0,1,0.4602295300927008,1
810,220,0.2,0.865,0.75,0.8333,0.25,1,0.45362528470416424,0
269,681,0.2,0.78,1.0,0.75,0.75,1,0.508515404490375,0
674,60,0.2,0.41,0.75,0.75,0.0,1,0.5033575294943177,1
449,582,0.4,0.525,1.0,0.9167,0.75,2,0.6686987107851713,1
525,635,0.4,0.33,0.5,0.6667,1.0,2,0.5004761523037956,1
103,535,0.6,0.165,1.0,0.75,0.75,3,0.685877088067602,1
159,464,0.4,0.63,1.0,0.9167,1.0,2,0.7517678198756373,1
170,131,0.2,0.395,0.5,0.5833,0.25,1,0.29754234035097804,1
869,1000,0.2,0.815,0.25,1.0,0.25,1,0.4804407768578597,1
378,532,0.4,0.785,1.0,0.4167,0.5,2,0.6321924032649083,1
170,791,0.4,0.25,1.0,0.5,1.0,2,0.6699114649099722,0
72,423,0.2,0.74,0.5,0.9167,0.75,1,0.463179387599463,1
401,627,0.4,0.395,0.5,0.6667,0.75,2,0.4505118158130762,0
266,711,0.4,0.825,0.75,0.5833,0.5,2,0.5906442793017257,1
403,196,0.2,0.7,0.25,0.5,1.0,1,0.4423373810507306,1
473,241,0.2,0.735,0.75,0.6667,0.75,1,0.5118247203016422,1
824,819,0.2,0.715,0.75,0.9167,0.75,1,0.5645477184563795,0
566,686,0.2,0.69,0.75,0.25,1.0,1,0.5514125312140858,1
226,269,0.2,0.875,0.75,0.75,0.75,1,0.4644483931078072,1
774,72,0.2,0.46,1.0,0.25,1.0,1,0.5271337352151343,1
879,876,0.2,0.645,0.75,0.75,0.25,1,0.4767225917480709,1
3,318,0.2,0.96,0.25,0.5,0.5,1,0.3488638264096318,1
2,587,0.2,0.625,0.5,0.8333,1.0,1,0.5310480309219516,0
827,925,0.2,0.825,0.25,0.3333,0.5,1,0.3268583882219126,1
783,157,0.2,0.785,0.25,0.75,0.75,1,0.4017949281455908,0
966,236,0.2,0.45,0.25,0.3333,0.75,1,0.26771644261428507,1
630,296,0.4,0.73,0.75,0.1667,0.75,2,0.466462316058013,0
357,501,0.4,0.47,0.5,0.25,1.0,2,0.5655919305502647,1
55,944,0.2,0.725,0.75,0.5,0.75,1,0.5796567160725519,0
74,456,0.2,0.495,0.0,0.5833,0.0,1,0.209837317527658,0
883,228,0.2,0.625,0.25,0.5833,0.5,1,0.3753484249884955,1
836,957,0.2,0.42,0.75,0.9167,0.5,1,0.37956445305489184,0
795,697,0.4,0.54,0.5,0.25,0.25,2,0.32130274036309653,1
250,929,0.2,0.79,0.5,0.5,0.0,1,0.27375245975916696,0
396,735,0.2,0.58,0.25,0.6667,0.5,1,0.2685036323458625,0
242,107,0.6,0.51,0.75,0.25,0.75,3,0.7028899222827404,1
438,712,0.4,0.435,0.75,0.8333,0.25,2,0.6036877240031517,1
879,338,0.2,0.97,1.0,0.3333,0.25,1,0.6277797808534712,1
465,680,0.2,0.775,0.5,0.6667,0.5,1,0.35641775502201095,0
811,128,0.2,0.4,1.0,0.8333,1.0,1,0.6522392477636131,1
624,400,0.2,0.26,0.75,0.75,1.0,1,0.46956368401233195,1
7,375,0.4,0.85,0.75,0.75,0.75,2,0.5977675043928847,0
490,894,0.4,0.79,0.75,0.1667,0.5,2,0.4784691001378842,1
831,602,0.2,0.115,0.75,0.5,0.75,1,0.4212084455078178,1
487,713,0.2,0.5,0.75,0.5,0.0,1,0.46048559573618886,1
554,405,0.2,0.645,0.25,0.8333,0.5,1,0.3520865521504948,0
790,765,0.2,0.72,0.75,0.8333,0.75,1,0.5585273210972539,1
53,783,0.2,0.45,1.0,0.5,0.75,1,0.5585798428752996,0
251,644,0.4,0.745,0.25,0.9167,1.0,2,0.6242911919377625,0
30,160,0.2,0.625,0.75,0.9167,0.25,1,0.4158366594348252,1
194,325,0.4,0.28,0.75,0.9167,0.75,2,0.6387821712113557,1
868,474,0.2,0.51,0.5,0.75,0.75,1,0.41840908294009427,1
231,801,0.2,0.395,1.0,0.75,1.0,1,0.5797310349142926,1
909,651,0.2,0.565,0.75,0.5833,0.75,1,0.5465882557831984,0
264,265,0.4,0.845,1.0,0.75,0.5,2,0.622006956046513,1
725,533,0.2,0.78,0.5,0.6667,0.0,1,0.29357436154674676,0
656,932,0.4,0.735,0.75,0.75,0.25,2,0.5354812885203964,0
799,494,0.2,0.67,0.75,0.5,0.75,1,0.49912932962016643,0
945,365,0.2,0.74,0.75,0.25,0.5,1,0.4689254586964383,0
183,908,0.2,0.98,0.75,0.9167,0.75,1,0.6260656265548254,1
674,635,0.2,0.85,1.0,0.4167,0.25,1,0.5420574471303432,0
617,851,0.2,0.675,0.5,0.6667,0.5,1,0.3947205984675078,0
463,276,0.2,0.92,0.5,0.9167,0.75,1,0.5461079273136533,1
374,971,0.2,0.385,0.5,0.6667,0.75,1,0.41554219734737824,0
165,211,0.2,0.305,0.25,0.5833,1.0,1,0.28817885649476827,0
371,408,0.2,0.905,1.0,0.9167,0.75,1,0.7236681356400918,1
86,176,0.2,0.445,0.75,0.8333,1.0,1,0.5449153404423248,1
727,20,0.4,0.87,0.25,0.8333,0.75,2,0.41499407626419527,1
132,440,0.2,0.535,1.0,0.6667,0.75,1,0.6273426925565574,1
899,839,0.2,0.455,0.25,1.0,0.75,1,0.4136989893833668,1
827,210,0.4,0.88,0.0,0.1667,0.5,2,0.3735331291310907,0
980,574,0.2,0.345,0.75,0.1667,0.25,1,0.2669471737940145,0
922,804,0.4,0.885,0.75,0.5,0.0,2,0.5155044987383729,1
313,10,0.6,0.065,0.0,0.75,0.5,3,0.32449584759226635,0
399,102,0.2,0.91,0.75,0.1667,0.75,1,0.48284882095420917,1
723,426,0.2,0.74,0.75,0.9167,0.0,1,0.38991309791744927,0
338,857,0.2,0.24,0.5,0.1667,0.25,1,0.21515572604112074,0
562,198,0.2,0.345,0.0,0.6667,0.75,1,0.37024121791843934,0
978,717,0.2,0.595,0.25,0.6667,1.0,1,0.4685866589276621,1
870,864,0.2,0.925,0.25,0.1667,0.75,1,0.33481965430917937,0
755,813,0.2,0.785,0.75,0.5,0.0,1,0.4057748870902223,0
313,777,0.2,0.815,0.75,0.5,0.5,1,0.45602165446838117,1
333,786,0.2,0.955,0.5,0.75,1.0,1,0.5968464144510459,1
563,584,0.2,0.835,0.75,0.6667,1.0,1,0.6552011979833279,0
992,544,0.2,0.64,0.5,0.8333,1.0,1,0.49841802787177986,0
727,535,0.2,0.555,0.5,0.4167,0.5,1,0.39894253892548714,1
279,470,0.2,0.255,0.5,0.75,0.75,1,0.37977459186428597,0
508,288,0.2,0.76,0.75,0.3333,0.75,1,0.46791317676559663,1
649,929,0.2,0.53,0.75,0.25,1.0,1,0.5578040620809195,0
526,375,0.4,0.945,1.0,1.0,0.75,2,0.7735260736386602,0
630,525,0.2,0.74,0.75,0.5833,0.25,1,0.4411428051050448,0
560,792,0.4,0.465,0.5,0.3333,0.5,2,0.49147782872528234,0
482,243,0.4,0.565,0.5,0.9167,0.5,2,0.5107082916143321,1
318,284,0.2,0.15,0.75,0.1667,1.0,1,0.32873386603414867,0
292,670,0.2,0.35,0.25,0.25,1.0,1,0.2664519162442062,0
820,752,0.2,0.88,0.25,0.75,0.75,1,0.37632311125023016,1
474,832,0.2,0.635,1.0,0.8333,1.0,1,0.6297740150023144,0
876,322,0.2,0.985,0.5,0.5833,0.5,1,0.45116789287117587,0
509,338,0.2,0.25,0.75,0.5833,0.5,1,0.3966579440790312,0
566,74,0.4,0.225,1.0,0.25,0.25,2,0.46943333667062426,0
674,27,0.2,0.79,0.5,0.5833,0.5,1,0.46021372532489613,1
746,192,0.2,0.965,0.5,0.5,0.75,1,0.4195916636690473,0
403,323,0.2,0.755,0.5,0.8333,0.5,1,0.39069348753962224,0
609,707,0.2,0.92,1.0,0.1667,1.0,1,0.4953960200208047,1
132,252,0.4,0.82,1.0,0.6667,0.5,2,0.6032376635534636,1
998,317,0.2,0.575,0.25,0.25,1.0,1,0.3068437909141448,0
482,819,0.2,0.68,0.5,0.8333,0.5,1,0.4186555891668157,0
429,333,0.2,0.855,0.75,0.6667,0.5,1,0.41835274449944415,0
106,928,0.2,0.84,0.5,0.9167,0.5,1,0.4034342760408818,0
712,362,0.2,0.655,1.0,0.5,0.25,1,0.45291647575973976,1
741,616,0.2,0.96,0.25,0.6667,1.0,1,0.36551328487940565,0
154,64,0.2,0.99,0.75,0.5833,0.5,1,0.5371767551531236,1
346,693,0.2,0.95,0.5,0.0833,0.75,1,0.3355027558976577,1
168,935,0.2,0.125,0.5,0.9167,0.5,1,0.28832104237555345,1
665,199,0.4,0.34,0.75,0.6667,1.0,2,0.6023434160746197,0
162,592,0.2,0.88,0.5,0.25,0.25,1,0.4709729597835608,0
942,428,0.2,0.85,0.25,0.5,0.75,1,0.3034247453002514,1
524,239,0.2,0.42,0.75,0.4167,0.75,1,0.4776435533346251,1
293,636,0.4,0.69,1.0,0.9167,1.0,2,0.7171019592776158,1
956,149,0.2,0.84,0.75,0.5,1.0,1,0.45592790132795186,1
677,531,0.2,0.905,0.75,0.1667,0.5,1,0.5360389581359947,0
851,974,0.2,0.61,0.5,0.6667,1.0,1,0.4162238803934465,1
351,182,0.4,0.905,0.0,0.8333,0.5,2,0.4014374332312226,1
481,507,0.2,0.54,1.0,0.9167,0.75,1,0.5871609949692193,1
445,89,0.4,0.54,1.0,0.8333,1.0,2,0.6027858399094372,0
140,525,0.4,0.93,0.5,0.5,0.5,2,0.5838297824098229,1
661,529,0.2,0.635,0.75,0.9167,0.5,1,0.5927212241486389,1
556,528,0.2,0.99,0.75,0.9167,1.0,1,0.5097848931904114,1
412,388,0.2,0.95,0.25,0.9167,0.75,1,0.41279287640490675,0
891,592,0.4,0.765,0.5,0.9167,0.0,2,0.5590427411146197,0
597,537,0.2,0.905,0.5,0.5833,1.0,1,0.43726163260454975,1
244,383,0.2,0.42,1.0,0.4167,0.25,1,0.49412026678692245,1
535,451,0.2,0.9,0.5,0.5833,1.0,1,0.3988826154204637,0
41,492,0.2,0.855,0.25,0.1667,0.25,1,0.30588785642037436,1
293,60,0.2,0.79,0.25,0.5,0.0,1,0.26799625197960264,1
156,664,0.4,0.63,0.0,0.8333,0.5,2,0.4702323787582977,1
686,55,0.2,0.645,1.0,0.5,1.0,1,0.5422546164608681,1
849,585,0.2,0.935,0.5,0.1667,0.75,1,0.5219507777531502,1
481,53,0.2,0.95,0.25,0.3333,1.0,1,0.4813784090836871,0
670,680,0.4,0.775,0.0,0.6667,0.5,2,0.4649391149965977,1
236,889,0.2,0.435,0.0,0.75,0.75,1,0.3150792202089145,0
782,760,0.2,0.715,0.5,0.4167,1.0,1,0.40550302436612407,0
328,352,0.2,0.215,0.25,0.5,0.5,1,0.27403090090576077,1
309,614,0.6,0.42,0.75,0.75,1.0,3,0.6969598412013448,0
265,383,0.4,0.49,0.5,0.75,0.5,2,0.5364705244950749,1
923,120,0.2,0.865,0.75,0.1667,0.5,1,0.38202583426278003,0
933,718,0.2,0.895,0.75,0.75,1.0,1,0.5803656361877096,0
257,421,0.2,0.82,1.0,0.9167,0.25,1,0.6051556020574136,0
625,568,0.4,0.975,1.0,0.8333,0.0,2,0.673242407093444,0
611,228,0.2,0.755,0.5,0.5833,1.0,1,0.5402812856691254,1
682,215,0.2,0.62,1.0,0.75,0.5,1,0.4584630646388743,0
160,152,0.2,0.665,0.75,0.4167,0.75,1,0.5152482025730998,1
159,355,0.6,0.52,1.0,0.5,1.0,3,0.7412399284359896,0
482,996,0.4,0.91,0.5,0.4167,0.5,2,0.5497877935233486,0
458,313,0.4,0.25,0.0,0.6667,0.5,2,0.2914892897512315,0
494,739,0.2,0.575,0.75,0.9167,0.5,1,0.5049486651236577,1
512,345,0.2,0.385,0.75,0.9167,0.25,1,0.4489870694819381,0
604,555,0.2,0.66,0.75,0.5,1.0,1,0.5214473277643684,0
5,119,0.2,0.79,0.5,0.9167,0.0,1,0.4987834606754432,0
258,386,0.2,0.93,0.75,0.75,0.5,1,0.6111625250118907,1
417,122,0.2,0.755,1.0,0.75,0.75,1,0.6774743818746312,1
246,889,0.2,0.935,1.0,0.5833,0.75,1,0.6828316157956458,0
831,477,0.2,0.805,0.25,0.4167,0.5,1,0.26056457425062485,0
531,31,0.2,0.28,0.25,0.0833,0.5,1,0.316107795785774,0
306,468,0.2,0.41,0.5,0.9167,1.0,1,0.5326109738098649,1
193,883,0.2,0.26,1.0,0.6667,0.75,1,0.4231954046913992,0
558,868,0.2,0.46,1.0,0.25,0.5,1,0.41120161103844743,0
722,554,0.4,0.445,0.25,0.6667,1.0,2,0.43216514614461554,0
301,130,0.2,0.5,0.75,0.5833,0.25,1,0.4833596065844804,0
474,757,0.2,0.94,0.75,0.5,0.0,1,0.4342438093149026,1
935,495,0.2,0.795,0.75,0.75,0.5,1,0.5015171618477079,1
351,913,0.2,0.565,0.25,0.6667,0.75,1,0.3539765659604732,1
786,38,0.2,0.81,0.25,0.6667,0.25,1,0.26685693389697307,0
599,482,0.6,0.62,0.25,0.3333,0.75,3,0.44749480270161573,0
947,830,0.2,0.945,0.75,0.75,0.25,1,0.49888244396862513,0
340,351,0.4,0.745,0.0,0.25,0.5,2,0.314300230458906,0
914,938,0.2,0.655,0.5,0.75,0.5,1,0.5248627968701025,0
808,598,0.2,0.285,0.5,0.5,0.0,1,0.28201515704040503,0
293,410,0.2,0.55,0.5,0.8333,0.25,1,0.4697190046550684,1
988,989,0.2,0.825,0.75,0.4167,0.75,1,0.4636274956817914,0
765,688,0.2,0.66,0.5,0.6667,0.75,1,0.4319168637518005,0
213,192,0.2,0.925,0.5,1.0,0.5,1,0.5360850992475685,0
477,941,0.2,0.415,0.75,0.9167,0.5,1,0.5093143569029916,1
694,863,0.2,1.0,0.5,0.8333,0.75,1,0.4691394843609438,1
562,794,0.2,0.38,0.25,0.4167,1.0,1,0.4408123171098476,1
469,287,0.2,0.265,0.75,0.5833,0.75,1,0.508121038704092,1
22,133,0.2,0.47,0.75,0.9167,1.0,1,0.5568475896190659,1
474,714,0.2,0.88,0.75,0.6667,0.75,1,0.6244737578781934,0
584,380,0.4,0.855,0.75,0.6667,0.75,2,0.7126725174138615,1
897,912,0.4,0.58,0.75,0.25,0.75,2,0.6259138776657598,1
829,956,0.2,0.92,0.75,0.0833,0.5,1,0.37617059623242055,0
384,504,0.2,0.97,1.0,0.25,0.0,1,0.45957924281140056,1
851,676,0.2,0.905,0.75,0.5833,0.75,1,0.46953319580075437,0
801,117,0.2,0.47,0.5,0.5,0.5,1,0.316289271592969,1
473,438,0.2,0.925,0.75,0.75,0.0,1,0.4906229442596596,1
506,245,0.2,0.535,0.5,0.1667,0.75,1,0.3349908262613216,1
905,713,0.2,0.71,0.5,0.5,1.0,1,0.5030498870668058,1
423,310,0.2,0.8,1.0,0.4167,0.75,1,0.6285839006144757,1
708,562,0.2,0.315,0.0,0.75,0.75,1,0.35763260871646535,1
401,354,0.2,0.92,0.5,0.75,0.0,1,0.32960627577658946,0
770,721,0.2,0.765,0.75,0.1667,0.75,1,0.4046192193432241,0
996,874,0.2,0.59,1.0,0.5,0.5,1,0.5528675773506658,0
868,995,0.2,0.325,1.0,0.3333,0.75,1,0.39327538717583777,1
858,992,0.2,0.58,0.25,0.5833,0.25,1,0.29221047855677174,0
224,707,0.2,0.57,0.5,0.0833,1.0,1,0.39107250474462685,1
281,672,0.2,0.65,0.25,0.9167,1.0,1,0.3413812336150304,0
221,865,0.2,0.82,1.0,0.1667,1.0,1,0.4757941608844421,0
555,859,0.2,0.465,0.5,1.0,0.25,1,0.43824046400394034,0
590,978,0.2,0.845,0.25,1.0,0.75,1,0.4284161107267782,1
712,242,0.2,0.32,0.5,0.3333,0.25,1,0.2935689070024135,0
786,91,0.2,0.62,1.0,0.5,0.25,1,0.42405388319282405,1
379,450,0.4,1.0,0.5,0.9167,0.75,2,0.53732252206333,1
105,315,0.2,0.86,0.5,0.9167,0.5,1,0.4530120928678407,1
204,899,0.2,0.625,0.25,0.75,0.25,1,0.3112604219855786,1
966,798,0.2,0.495,0.75,0.8333,0.5,1,0.5692713617337133,0
512,463,0.2,0.115,0.5,0.8333,1.0,1,0.32348097056126396,1
298,899,0.2,0.705,0.75,0.9167,0.25,1,0.5497791695378104,1
509,795,0.2,0.57,0.75,0.75,0.5,1,0.40796716343829215,1
213,400,0.4,0.32,0.25,0.5833,0.25,2,0.4133985042893543,1
595,333,0.2,0.605,0.25,0.75,1.0,1,0.47579641932126915,0
600,199,0.2,0.865,0.75,0.75,0.25,1,0.44897755126562217,0
620,588,0.2,0.98,0.75,0.8333,0.25,1,0.43983674057958655,0
877,913,0.6,0.64,0.75,1.0,0.75,3,0.7492233973944847,0
186,609,0.2,0.065,0.75,0.5833,0.25,1,0.4515110763409726,1
715,993,0.2,0.61,1.0,0.9167,0.75,1,0.558915676524551,1
314,473,0.2,0.63,0.25,0.5833,0.5,1,0.3613216589591861,0
129,700,0.2,0.97,0.5,0.3333,1.0,1,0.5262505610498227,1
672,346,0.2,0.51,0.5,0.5,1.0,1,0.42119432026898224,0
913,653,0.2,0.845,0.75,0.8333,0.25,1,0.5721415930699517,0
360,793,0.2,0.885,0.5,0.9167,0.75,1,0.43437033232446826,0
834,914,0.2,0.605,0.75,0.4167,0.75,1,0.48328436033545913,0
731,368,0.2,0.875,0.75,0.5,1.0,1,0.6206390538891904,0
281,653,0.2,0.875,0.75,0.75,0.25,1,0.4900189387061977,0
134,905,0.4,0.62,0.75,0.9167,0.0,2,0.577921972092611,0
247,62,0.2,0.82,0.75,0.8333,0.75,1,0.6004797024544513,1
177,750,0.2,0.86,1.0,0.8333,1.0,1,0.695819278706869,0
833,789,0.2,0.89,0.25,0.8333,0.75,1,0.4684327088704412,0
879,668,0.2,0.87,0.5,1.0,1.0,1,0.5885788620359926,0
509,739,0.2,0.385,0.5,0.75,0.5,1,0.42157107389398324,0
859,995,0.4,0.94,0.5,0.3333,0.0,2,0.5049318023126974,1
495,586,0.4,0.87,1.0,0.25,1.0,2,0.7598178349518119,1
849,585,0.2,0.935,0.5,0.1667,0.75,1,0.46623744455912597,1
112,787,0.2,0.55,0.75,0.5833,0.75,1,0.5267858361786065,0
776,768,0.2,0.33,0.75,0.4167,1.0,1,0.47741548620399943,0
722,783,0.4,0.79,0.75,0.4167,0.25,2,0.5195987189117971,0
241,280,0.2,0.915,1.0,0.0833,0.75,1,0.5515014092363715,0
137,438,0.2,0.715,0.5,0.75,0.25,1,0.4064282152580727,1
283,92,0.2,0.645,1.0,0.5833,0.5,1,0.5897628263969462,1
278,511,0.2,0.77,0.75,0.4167,0.0,1,0.41999580759733135,1
153,63,0.4,0.73,0.5,0.75,0.75,2,0.48168052273610723,0
975,926,0.2,0.855,0.0,0.5,1.0,1,0.30938782785134505,1
751,391,0.2,0.17,1.0,1.0,0.5,1,0.45092005857081924,1
477,410,0.2,0.875,0.75,0.4167,0.75,1,0.5643463288358387,1
589,608,0.6,0.7,0.75,0.4167,0.5,3,0.7208588845335293,1
818,367,0.4,0.945,0.25,0.5,0.75,2,0.557362471458738,0
199,140,0.6,0.24,0.75,0.75,0.75,3,0.6120133877910308,1
154,546,0.4,0.995,0.75,0.3333,0.75,2,0.6938153082820063,0
834,225,0.2,0.955,0.75,0.75,0.75,1,0.5602084913166903,1
716,732,0.2,0.375,0.5,0.3333,0.75,1,0.4466492811209063,1
918,35,0.2,0.81,0.75,0.9167,0.75,1,0.4965527926860207,1
694,117,0.2,0.94,0.75,0.6667,0.5,1,0.5206737011943422,1
377,502,0.2,0.705,0.75,0.6667,0.25,1,0.498057559438837,0
823,586,0.2,0.155,0.5,0.9167,0.0,1,0.22752322842143236,0
217,83,0.4,0.99,0.5,0.6667,1.0,2,0.6388471505658245,1
169,97,0.4,0.445,0.75,0.5833,1.0,2,0.5913525804892319,1
755,665,0.2,0.445,1.0,0.8333,0.0,1,0.4848816211461817,0
786,38,0.2,0.81,0.25,0.6667,0.25,1,0.3363244849965459,0
305,507,0.2,0.89,0.0,0.1667,1.0,1,0.31368022373293525,1
695,545,0.2,0.52,0.5,0.9167,0.75,1,0.43538242875846195,1
92,912,0.2,0.895,1.0,0.5,0.75,1,0.6353926317706253,1
77,482,0.2,0.87,0.75,0.25,0.75,1,0.4096415612601455,0
17,679,0.2,0.655,0.5,0.9167,0.5,1,0.37421427137419777,0
473,210,0.2,0.77,0.75,0.4167,0.0,1,0.4686332843501521,0
684,401,0.2,0.85,0.75,0.6667,1.0,1,0.46268768046162767,1
406,738,0.2,0.465,0.5,0.3333,0.25,1,0.4271172775901213,1
453,213,0.4,0.615,0.0,0.4167,0.75,2,0.4641525312180187,0
774,459,0.2,0.86,1.0,0.9167,0.75,1,0.6803798886501696,1
681,481,0.2,0.78,1.0,0.8333,0.75,1,0.60814960719437,0
429,446,0.2,0.79,0.5,0.8333,0.5,1,0.5491032168058282,0
563,904,0.2,0.79,0.0,0.4167,0.25,1,0.17656187774688048,0
941,90,0.2,0.56,0.25,0.4167,0.75,1,0.3537951615157463,0
461,454,0.6,0.73,1.0,0.75,0.5,3,0.6426141787669287,1
840,413,0.2,0.89,0.75,0.3333,0.75,1,0.5109522466810218,0
976,656,0.4,0.87,0.75,0.3333,0.25,2,0.4694099121636416,0
306,794,0.2,0.715,0.5,1.0,0.5,1,0.5372230813982999,1
760,903,0.2,0.95,0.75,0.0833,0.75,1,0.40971371560875963,1
697,415,0.2,0.935,0.5,0.3333,0.25,1,0.4433305049601342,0
949,719,0.4,0.225,0.0,0.0,0.75,2,0.1827759752250815,0
849,310,0.2,0.91,0.25,0.4167,0.5,1,0.2951946415046691,0
1,785,0.2,0.345,0.5,0.6667,0.5,1,0.4459413736681821,1
109,897,0.4,0.255,0.5,0.75,0.5,2,0.5251055105196932,1
934,384,0.4,0.515,0.5,0.1667,0.75,2,0.4657073147946582,1
828,93,0.4,0.37,0.0,0.4167,0.25,2,0.30171748376489227,0
38,899,0.2,0.62,0.25,0.9167,0.0,1,0.2984183291865035,1
550,12,0.2,0.955,0.75,0.6667,0.75,1,0.5808220786154105,0
503,941,0.2,0.84,0.25,0.9167,0.25,1,0.4675256731671016,1
781,200,0.2,0.41,1.0,0.9167,0.75,1,0.5140597071726434,1
490,894,0.4,0.79,0.75,0.1667,0.5,2,0.5679144947854307,0
96,173,0.4,0.795,0.5,0.5833,0.75,2,0.45961348445576383,0
659,65,0.2,0.765,0.5,0.5,0.75,1,0.45315848249475477,0
865,624,0.2,0.5,0.5,0.1667,0.75,1,0.4569030315435708,1
738,938,0.2,0.55,0.5,0.9167,0.0,1,0.30630160821731034,0
292,836,0.2,0.17,0.75,0.5833,0.75,1,0.458879991221493,0
965,706,0.2,0.78,0.0,1.0,0.5,1,0.4249913597655258,0
709,626,0.2,0.935,0.25,0.9167,1.0,1,0.47433263435339446,1
341,849,0.2,0.63,0.5,0.8333,0.75,1,0.5395663335366877,1
135,709,0.2,0.765,0.75,0.9167,0.75,1,0.6378529097520315,1
226,701,0.2,0.575,0.25,0.9167,0.5,1,0.39406752834689335,0
900,615,0.2,0.755,0.5,1.0,0.0,1,0.47953442189901546,1
597,929,0.2,0.725,0.5,0.5833,0.0,1,0.2749448333769302,0
737,554,0.2,0.74,0.75,0.75,0.75,1,0.5083034987380896,1
195,316,0.2,0.66,0.75,0.9167,0.25,1,0.5025228227837286,1
828,964,0.2,0.995,0.25,0.0833,0.5,1,0.3300841256489295,0
162,860,0.2,0.865,0.5,0.3333,0.75,1,0.4426073303181105,0
701,303,0.2,0.71,0.25,0.75,0.0,1,0.2329610429974453,1
9,641,0.2,0.51,0.5,0.5,0.75,1,0.37849610607056716,0
729,127,0.2,0.885,1.0,0.6667,1.0,1,0.5307457497616582,1
716,657,0.2,0.905,1.0,0.5,0.75,1,0.6505066352413668,1
32,827,0.2,0.86,0.0,0.6667,0.75,1,0.43133942175961804,0
498,525,0.4,0.9,0.75,0.75,1.0,2,0.6019891054410326,0
558,155,0.2,0.705,0.75,0.3333,0.75,1,0.5194149406627876,1
775,153,0.4,0.405,0.75,0.4167,0.75,2,0.44425377374406205,1
151,234,0.2,0.72,0.25,0.75,1.0,1,0.34404590656907974,0
963,580,0.2,0.89,0.5,0.6667,1.0,1,0.5782687752697703,0
984,44,0.2,0.965,0.5,0.5833,0.75,1,0.5438836930576956,0
319,167,0.2,0.54,1.0,0.8333,0.5,1,0.6390148160153626,1
515,536,0.2,0.755,1.0,1.0,0.25,1,0.6583200442987479,1
303,766,0.2,0.95,0.5,0.3333,0.25,1,0.3429658828667723,0
567,26,0.2,0.34,0.75,0.5,0.25,1,0.35972374064633617,0
484,163,0.2,0.905,1.0,0.5833,0.25,1,0.45050306981535465,1
938,388,0.2,0.825,0.0,0.3333,0.75,1,0.35379826100984335,0
863,842,0.2,0.875,0.25,0.3333,0.75,1,0.3251096267819148,0
493,862,0.2,0.79,1.0,1.0,0.5,1,0.5576068516848569,0
85,264,0.2,0.4,1.0,0.4167,0.75,1,0.5647404524438011,1
839,125,0.2,0.955,0.5,0.5,0.5,1,0.3512950519997915,0
808,889,0.4,0.86,0.25,0.75,0.75,2,0.5210004707305897,0
473,320,0.2,0.575,0.5,0.5833,0.5,1,0.35382418737228727,1
769,47,0.2,0.69,0.5,0.75,0.25,1,0.45776233918372067,0
615,509,0.4,0.335,0.75,0.8333,0.5,2,0.5039393151850893,0
718,365,0.2,0.875,0.75,0.9167,0.25,1,0.5781645884817072,0
525,414,0.2,0.23,0.5,0.5833,1.0,1,0.3085674697149249,0
587,605,0.2,0.98,0.75,0.6667,0.25,1,0.4368592774986343,0
223,468,0.2,0.635,0.5,0.4167,0.5,1,0.37934098804955274,0
296,598,0.2,0.98,0.75,0.25,0.25,1,0.5379970898107234,0
320,750,0.2,0.84,0.75,0.8333,0.5,1,0.6151901767992654,0
781,362,0.2,0.79,0.75,1.0,0.75,1,0.5414433405585911,1
97,187,0.2,0.75,0.25,0.9167,1.0,1,0.38714691412623903,0
831,745,0.2,0.66,0.5,0.4167,0.75,1,0.3760934543119044,0
158,991,0.2,0.405,0.0,0.5833,0.75,1,0.22635765616970602,1
728,744,0.2,0.865,0.75,0.6667,0.75,1,0.62651341273535,0
171,76,0.2,0.61,1.0,0.9167,1.0,1,0.6377029696636557,1
944,107,0.2,0.655,0.5,0.9167,0.75,1,0.4116347573278284,0
473,438,0.2,0.925,0.75,0.75,0.0,1,0.48518334998543694,1
436,74,0.4,0.23,0.75,0.5833,0.0,2,0.3820537294218676,0
669,558,0.2,0.455,0.5,0.9167,0.75,1,0.4998094704845252,1
806,504,0.2,0.87,0.5,0.8333,0.75,1,0.5648230630479415,1
957,394,0.2,0.725,0.25,0.9167,0.5,1,0.4483874786616456,0
828,188,0.2,0.795,0.25,0.3333,0.25,1,0.36611148972495355,0
349,417,0.2,0.405,1.0,0.6667,0.5,1,0.5090972248623142,0
65,36,0.2,0.345,0.75,0.3333,0.75,1,0.5131594604959901,0
838,943,0.2,0.95,0.75,0.8333,0.25,1,0.5844484647547628,1
509,53,0.2,0.935,1.0,0.5833,0.75,1,0.5372232447771412,1
598,649,0.2,0.325,0.5,0.8333,1.0,1,0.39009554645962563,0
282,875,0.2,0.635,0.75,0.6667,0.5,1,0.46809048607338133,1
508,174,0.2,0.415,0.25,1.0,0.75,1,0.39985315753140077,1
696,852,0.2,0.975,0.5,0.25,0.75,1,0.5008574326697265,0
545,222,0.2,0.695,0.75,0.5833,0.75,1,0.4448243320295173,0
991,823,0.2,0.665,0.75,0.1667,0.75,1,0.5340147136802025,1
2,740,0.4,0.8,0.5,0.75,0.75,2,0.6309822419081984,1
31,322,0.4,0.55,0.25,0.8333,0.75,2,0.38400195332927944,0
202,842,0.4,0.945,1.0,0.4167,1.0,2,0.7501780768024569,1
978,777,0.2,1.0,0.5,0.5,0.75,1,0.49511321259092855,0
307,531,0.2,0.3,0.75,1.0,0.75,1,0.4399741628645347,0
911,330,0.2,0.57,1.0,0.9167,0.5,1,0.546607442812638,0
420,33,0.2,0.95,0.5,0.5,0.5,1,0.38464589738924254,0
755,990,0.4,0.755,0.25,0.75,0.5,2,0.4021702822882335,0
457,10,0.4,0.73,0.75,0.5,0.5,2,0.5238932228038705,0
415,866,0.4,0.935,0.5,0.8333,0.25,2,0.5618159784295637,1
438,274,0.2,0.925,0.75,1.0,0.25,1,0.4394158385633796,1
749,276,0.2,0.96,0.5,1.0,0.75,1,0.526458064211883,1
261,530,0.2,0.27,0.75,0.5833,0.25,1,0.4596150119006187,1
953,887,0.2,0.635,0.5,0.6667,0.25,1,0.35763264961352076,1
889,299,0.2,0.765,0.75,0.3333,0.25,1,0.5161081824802162,0
630,11,0.2,0.835,0.75,0.1667,0.0,1,0.34724844262970106,0
263,252,0.4,0.65,0.75,0.8333,1.0,2,0.6762014271608341,1
434,635,0.2,0.595,0.5,0.8333,0.75,1,0.4775789029485552,1
622,971,0.2,0.825,0.5,0.6667,0.75,1,0.4900433237659878,0
391,201,0.2,0.71,0.5,0.5833,0.75,1,0.3886189725287717,0
4,251,0.2,0.755,0.0,0.75,0.5,1,0.2241203220489128,0
185,700,0.4,0.4,0.75,0.75,1.0,2,0.5750822410113817,0
27,121,0.4,0.925,0.75,0.5,0.75,2,0.5404438988363472,0
624,366,0.4,0.775,0.75,1.0,0.25,2,0.5317503674230247,0
875,394,0.2,0.755,0.5,0.6667,0.25,1,0.4965760675459786,1
845,498,0.4,0.51,0.25,0.8333,0.25,2,0.42733061042170367,0
767,154,0.2,0.385,0.25,0.5,0.75,1,0.2794290497765357,0
654,697,0.2,0.36,0.5,0.25,0.25,1,0.2744834691236946,0
541,803,0.2,0.73,0.75,0.5,0.75,1,0.5071897088607898,0
345,927,0.2,0.58,0.5,0.3333,0.25,1,0.3180195567651818,1
55,960,0.2,0.945,0.5,0.75,0.75,1,0.4994104028402768,0
866,334,0.2,0.85,0.5,0.75,1.0,1,0.554918843255116,1
298,43,0.4,0.79,0.75,0.5,0.75,2,0.538465418156162,1
880,64,0.4,0.765,0.25,0.9167,0.5,2,0.4804779220006351,0
458,450,0.2,0.265,0.75,0.9167,0.5,1,0.5041128346302143,1
895,185,0.2,0.825,0.5,0.75,0.5,1,0.4277374605594155,0
255,495,0.2,0.885,0.5,0.5,0.0,1,0.40697702263286284,0
292,561,0.2,0.895,0.75,0.1667,0.75,1,0.559845557897299,0
272,945,0.2,0.69,0.5,0.0833,0.5,1,0.410755562270659,0
121,158,0.2,0.81,0.75,0.5833,0.25,1,0.43830842330338615,0
31,953,0.2,0.835,0.25,0.25,0.5,1,0.27650120129663236,0
795,157,0.2,0.6,0.0,0.5833,0.75,1,0.30149381357241467,0
509,929,0.6,0.76,0.75,0.6667,0.5,3,0.7439477709319733,0
374,345,0.2,0.55,0.5,0.4167,0.25,1,0.36530687491515224,0
951,674,0.2,0.68,1.0,0.9167,1.0,1,0.6204008710505895,0
762,595,0.2,0.27,0.25,0.8333,0.75,1,0.2596615620272894,0
329,785,0.2,0.845,0.5,0.75,0.0,1,0.33848511489255684,0
905,531,0.4,0.79,0.5,0.75,0.25,2,0.6001648139151654,1
292,50,0.2,0.55,0.25,0.25,0.75,1,0.23159566165669143,0
703,695,0.2,0.835,0.75,1.0,0.5,1,0.5894635447820491,0
414,255,0.2,0.745,0.75,0.5833,0.75,1,0.5621262400942597,1
139,757,0.2,0.6,0.25,0.8333,0.75,1,0.29241042839717507,1
761,785,0.2,0.775,0.75,0.9167,0.25,1,0.4813715169783903,1
746,836,0.2,0.86,0.5,0.9167,0.5,1,0.4582756932016523,1
573,199,0.2,0.67,0.25,0.5833,1.0,1,0.45462917771253586,0
280,625,0.2,0.47,0.5,1.0,0.5,1,0.438795665634818,1
394,836,0.4,0.145,0.5,0.8333,1.0,2,0.5120519875115553,0
721,343,0.2,0.985,0.75,0.1667,0.0,1,0.38178427589036745,0
448,414,0.2,0.9,1.0,0.75,1.0,1,0.6021904785239616,1
150,249,0.2,0.62,0.25,0.8333,1.0,1,0.45182780901090946,0
53,951,0.2,0.2,0.75,0.8333,0.75,1,0.40892907017234503,1
703,820,0.2,0.63,1.0,0.5833,0.5,1,0.6155027045915623,1
795,461,0.2,0.81,0.0,0.8333,0.25,1,0.34234847088246717,0
653,767,0.2,0.405,0.5,0.5,0.75,1,0.38654550273963595,0
454,257,0.2,0.22,0.5,0.9167,0.75,1,0.39585261890911894,1
52,256,0.2,0.095,0.0,0.25,1.0,1,0.1844094252628417,0
95,586,0.2,0.73,0.5,0.5,1.0,1,0.558702268909933,1
104,242,0.2,0.725,0.5,0.75,0.5,1,0.38350962119787757,0
90,641,0.4,0.395,0.75,0.5833,0.5,2,0.46770225864662374,1
434,421,0.2,0.72,0.5,0.75,0.75,1,0.5050435026215065,1
688,606,0.2,0.725,0.75,0.9167,1.0,1,0.6062878372452625,1
213,210,0.2,0.88,1.0,0.9167,0.75,1,0.6382634586164185,1
755,844,0.4,0.845,0.25,1.0,1.0,2,0.5474631094384458,1
155,130,0.2,0.825,0.5,0.75,0.75,1,0.49937777292955154,0
922,859,0.4,0.825,1.0,0.3333,0.0,2,0.5979427706445859,0
636,440,0.2,0.545,0.25,0.9167,0.5,1,0.2850565032754516,1
297,221,0.2,0.545,0.5,0.5,0.5,1,0.35005600366527717,0
842,199,0.2,0.525,1.0,0.9167,0.0,1,0.40936944416301135,0
750,919,0.2,0.425,0.25,0.4167,0.75,1,0.37132241330794175,1
144,112,0.4,0.645,0.25,0.8333,1.0,2,0.48287069237375213,0
625,130,0.2,0.855,0.75,0.5,0.25,1,0.4594439410597143,1
424,436,0.2,0.61,0.75,0.9167,0.0,1,0.4329167079034299,1
45,180,0.2,0.855,0.25,0.6667,1.0,1,0.3817527519316172,0
782,150,0.2,0.955,0.0,0.9167,0.25,1,0.29002934241665773,0
866,863,0.2,0.605,0.5,0.9167,1.0,1,0.5709209957629215,0
185,996,0.4,0.66,1.0,0.8333,0.0,2,0.5405155919435254,0
823,236,0.2,0.895,0.25,0.8333,0.0,1,0.41212813733139897,0
328,992,0.2,0.555,0.5,0.25,0.5,1,0.27963013105224493,0
339,757,0.2,0.94,0.75,1.0,0.0,1,0.4305737629734531,1
244,7,0.4,0.975,1.0,0.6667,0.75,2,0.6610618414145618,0
378,717,0.2,0.93,0.75,0.75,0.75,1,0.5175310085319099,1
123,416,0.2,0.74,1.0,0.8333,0.0,1,0.5785437771708575,1
112,465,0.2,0.85,0.75,0.5833,1.0,1,0.5290482353811414,1
506,975,0.2,0.835,0.75,0.4167,1.0,1,0.582319341936044,0
703,356,0.4,0.915,0.5,0.9167,0.25,2,0.5831417727945503,0
562,194,0.2,0.3,0.75,0.75,0.5,1,0.38696974473815327,0
500,603,0.2,0.395,0.5,0.5,0.0,1,0.2566264705583833,0
395,359,0.2,0.23,0.75,0.5,1.0,1,0.4928414717277519,0
378,479,0.4,0.975,0.25,0.9167,0.5,2,0.4147108514498872,0
964,392,0.4,0.79,0.5,0.0833,0.5,2,0.5348308652339446,1
664,329,0.4,0.685,0.75,0.75,0.75,2,0.5853257258343769,0
421,27,0.2,0.815,0.5,0.75,0.75,1,0.5292673864493823,0
674,393,0.4,0.805,0.75,0.8333,0.75,2,0.6841071781379235,0
758,121,0.2,1.0,0.5,0.9167,0.25,1,0.3769479108134796,0
70,604,0.2,0.77,1.0,0.6667,0.75,1,0.5428376281158878,0
51,894,0.2,0.505,0.5,0.1667,1.0,1,0.33668093726555065,1
707,416,0.2,0.47,0.5,0.9167,0.75,1,0.47552435713542773,0
865,822,0.2,0.795,1.0,0.8333,0.25,1,0.5912454300495662,0
844,503,0.2,0.86,1.0,0.6667,0.75,1,0.6708974329897224,0
753,615,0.2,0.74,0.0,0.75,0.75,1,0.4227520862836126,1
208,651,0.2,0.63,0.75,0.75,0.5,1,0.45058697408699255,0
818,577,0.2,0.87,1.0,0.4167,0.5,1,0.5893393374396393,0
995,210,0.4,0.66,0.0,0.8333,0.0,2,0.31600898434589536,1
957,757,0.2,0.995,0.5,0.5,0.5,1,0.48682912465864964,0
802,687,0.2,0.225,0.75,0.8333,1.0,1,0.5065422882823766,1
435,479,0.4,0.62,0.5,0.4167,0.5,2,0.51907151015771,0
745,509,0.2,0.405,0.75,0.6667,0.75,1,0.4223480496084572,0
885,629,0.2,0.615,1.0,0.4167,0.5,1,0.5996215663727394,0
605,481,0.2,0.33,0.25,0.75,1.0,1,0.4173451811137733,1
37,863,0.2,0.615,1.0,0.1667,0.75,1,0.42997074794833967,1
437,656,0.2,0.845,0.75,1.0,0.5,1,0.559835977022482,1
194,216,0.2,0.64,0.75,0.6667,0.25,1,0.4290821842965119,0
817,756,0.2,0.75,0.75,0.9167,1.0,1,0.6164095917518844,1
338,864,0.2,0.52,0.5,0.0,0.0,1,0.24929656430771358,0
176,55,0.2,0.33,0.5,0.6667,0.75,1,0.323320290605758,0
413,606,0.2,0.845,1.0,1.0,0.75,1,0.7026487260825236,1
170,820,0.2,0.56,0.75,0.5,0.75,1,0.40200693770862356,0
284,703,0.4,0.03,0.75,0.5833,0.0,2,0.4545742190812769,0
359,254,0.2,0.49,0.75,0.8333,0.75,1,0.49991086056261136,0
162,52,0.2,0.43,0.0,0.3333,0.25,1,0.22661017793845223,0
793,945,0.2,0.9,0.75,1.0,0.5,1,0.5683419439840559,0
879,499,0.2,0.87,1.0,0.6667,0.75,1,0.6580743627212545,1
538,819,0.2,0.78,0.75,0.9167,0.25,1,0.41537072094340616,0
426,626,0.2,0.62,0.25,0.9167,0.25,1,0.430900083909728,0
379,460,0.4,0.38,1.0,0.9167,0.5,2,0.7028961218327933,1
343,931,0.2,0.565,0.5,0.8333,1.0,1,0.4377468721494561,1
167,4,0.2,0.765,0.5,0.8333,0.0,1,0.48548652557889926,0
174,148,0.4,0.86,0.5,0.5,0.5,2,0.5467222693710903,0
395,393,0.2,0.605,0.75,0.25,0.5,1,0.5158639287085219,0
266,484,0.4,0.665,0.75,0.5833,0.75,2,0.6176160896730236,0
409,69,0.2,0.615,0.25,0.5,0.75,1,0.33634395115762256,1
197,224,0.2,0.795,0.25,0.75,0.75,1,0.44657227652826736,1
612,820,0.2,0.555,0.75,0.9167,0.5,1,0.5766246574761525,1
923,592,0.4,0.685,1.0,0.1667,1.0,2,0.6456361800109758,1
310,912,0.2,0.96,0.75,0.8333,1.0,1,0.5034216953565878,1
76,708,0.2,0.46,0.75,0.9167,0.5,1,0.4866625132198267,1
615,128,0.2,0.95,0.75,0.5,0.25,1,0.4344585911364471,1
909,685,0.2,0.79,0.25,0.9167,0.5,1,0.36805975231263593,0
980,280,0.2,0.975,0.75,0.9167,0.5,1,0.5941897393287188,1
196,64,0.2,0.53,0.0,0.6667,0.75,1,0.30464647564805364,0
849,899,0.4,0.865,1.0,0.9167,0.25,2,0.6631440488044956,1
452,820,0.2,0.705,1.0,0.3333,0.5,1,0.42695091227403664,0
395,31,0.4,0.095,1.0,0.1667,0.5,2,0.4531073554181426,1
922,437,0.4,0.5,1.0,0.5,0.5,2,0.6266656574534462,0
54,21,0.6,0.825,1.0,0.6667,0.75,3,0.7036403957923651,1
149,291,0.2,0.755,0.75,0.6667,1.0,1,0.6070757609169961,0
865,445,0.4,0.49,1.0,0.0833,0.75,2,0.6173211478220195,0
565,327,0.2,0.785,1.0,0.3333,0.25,1,0.545943208212376,1
185,667,0.2,0.9,1.0,0.8333,0.0,1,0.6236107367328542,1
625,627,0.2,0.485,1.0,1.0,0.25,1,0.5862237269773236,1
867,845,0.4,0.72,0.5,0.4167,1.0,2,0.4724556518447131,1
689,236,0.2,0.315,0.0,0.4167,0.25,1,0.28938539762699955,0
719,499,0.2,0.99,0.5,0.0,0.5,1,0.4721556167935256,0
41,727,0.2,0.755,0.75,0.9167,1.0,1,0.5121644067649838,0
452,65,0.2,0.765,0.75,0.6667,0.75,1,0.6012885973770199,0
836,638,0.2,0.985,0.5,0.75,0.75,1,0.5335182316384909,0
699,873,0.2,0.08,0.5,0.9167,0.25,1,0.3834954676463564,0
251,776,0.4,0.385,0.5,0.6667,0.75,2,0.5557458422882017,0
413,166,0.2,0.935,0.75,0.9167,0.25,1,0.6192178097807436,1
266,690,0.2,0.9,0.75,0.5833,1.0,1,0.6269348457419082,1
546,98,0.2,1.0,0.0,0.1667,1.0,1,0.3485562691539027,1
722,428,0.2,0.875,1.0,0.3333,0.75,1,0.529148058769616,0
531,269,0.2,0.585,0.75,0.8333,1.0,1,0.6330830114392292,1
650,564,0.2,0.475,0.25,0.3333,0.5,1,0.29119641587757894,0
681,132,0.4,0.85,0.25,0.5,0.75,2,0.5675290495464204,1
681,508,0.4,0.88,0.0,0.6667,1.0,2,0.409832563581832,0
133,107,0.4,0.7,0.75,0.1667,0.75,2,0.4528475398423649,1
302,864,0.2,0.57,0.5,0.0833,0.75,1,0.35284965678027913,1
779,1000,0.2,0.375,0.25,0.75,0.0,1,0.3734512975018341,0
783,615,0.2,0.95,0.75,0.9167,1.0,1,0.6799144622494349,1
568,928,0.2,0.82,0.75,0.9167,0.25,1,0.5769684797107747,1
754,449,0.2,0.375,0.75,0.75,0.5,1,0.5323149406478782,0
630,468,0.4,0.4,1.0,0.1667,0.75,2,0.5903146103988007,0
282,370,0.2,0.755,0.25,0.25,0.75,1,0.27913181672532666,1
649,815,0.2,0.805,0.75,0.5833,0.5,1,0.41796867430066453,0
825,327,0.2,1.0,1.0,0.6667,0.75,1,0.623669754207509,1
929,583,0.4,0.665,0.5,0.25,0.75,2,0.4059586137640944,0
77,787,0.2,0.475,0.75,1.0,0.75,1,0.48477309643807986,1
225,690,0.2,0.7,0.5,0.3333,0.5,1,0.35725210463729506,1
37,461,0.4,0.74,1.0,0.0,0.75,2,0.6477689495370755,0
996,822,0.2,0.62,1.0,0.9167,1.0,1,0.6322335068522821,0
280,153,0.2,0.5,0.5,0.9167,0.75,1,0.5386558015081342,1
844,970,0.2,0.83,0.5,1.0,0.5,1,0.5717378517651038,1
265,577,0.2,0.985,0.5,0.6667,0.5,1,0.47914280266050707,1
515,475,0.2,0.715,1.0,0.75,0.0,1,0.5054902428665583,1
268,414,0.2,0.5,0.5,0.8333,0.75,1,0.5066261740696585,1
437,787,0.2,0.935,1.0,0.3333,1.0,1,0.699099347918648,1
945,366,0.2,0.995,0.75,0.1667,0.75,1,0.546287950467699,0
94,897,0.2,0.895,0.25,0.3333,0.75,1,0.4149607228680759,1
12,501,0.4,0.97,0.0,0.25,0.75,2,0.32599215025878936,0
78,692,0.2,0.685,0.5,0.6667,1.0,1,0.4362783951365626,1
733,626,0.2,0.9,0.5,0.9167,0.75,1,0.46888660415848304,0
738,657,0.4,0.48,0.75,0.5,0.0,2,0.49447320677152873,1
380,608,0.2,0.675,1.0,0.5833,0.5,1,0.4855779740164834,1
58,711,0.2,0.81,1.0,0.8333,1.0,1,0.576080838263342,0
342,897,0.2,0.975,0.0,0.1667,0.75,1,0.3468878918889088,0
894,510,0.6,0.735,0.75,0.4167,0.75,3,0.6976342893458197,1
217,370,0.2,0.17,0.75,0.8333,0.75,1,0.40317940962249427,0
135,367,0.2,0.91,0.5,0.75,0.75,1,0.42766682183816845,0
281,580,0.2,0.42,0.25,0.9167,0.75,1,0.35027366938195126,0
314,438,0.2,0.555,0.5,0.8333,0.5,1,0.3780423382787891,1
524,947,0.2,0.84,0.25,0.5,0.75,1,0.3206433478447417,1
373,826,0.2,0.975,0.0,0.4167,0.25,1,0.26592127566207474,1
370,260,0.2,0.58,0.25,0.4167,0.5,1,0.3831352375247523,1
588,854,0.2,0.795,0.5,0.3333,1.0,1,0.555908463158751,0
685,961,0.4,0.965,0.75,0.5833,0.75,2,0.7041311624723874,1
793,59,0.4,0.755,0.75,0.4167,0.5,2,0.4959413239963297,1
305,253,0.2,0.585,1.0,0.1667,0.5,1,0.5192173117748222,0
265,971,0.4,0.6,1.0,0.8333,1.0,2,0.6368175153568848,1
571,587,0.2,0.895,0.75,0.5833,0.0,1,0.4315775165654631,0
872,512,0.2,0.605,1.0,0.3333,1.0,1,0.5723860674523225,1
918,363,0.2,0.865,0.0,0.4167,0.75,1,0.3686708859979797,1
924,25,0.2,0.92,0.5,0.1667,0.5,1,0.3419502785236795,0
105,473,0.2,0.93,1.0,0.75,0.5,1,0.5762310004206329,0
813,970,0.2,0.77,1.0,0.5,0.5,1,0.6319120118705761,0
216,326,0.2,0.975,0.25,0.6667,0.75,1,0.47026237948804317,1
222,623,0.2,0.755,0.25,0.6667,0.75,1,0.38106612276812885,0
642,258,0.2,0.925,0.0,0.5833,1.0,1,0.4678318655012127,0
222,896,0.2,0.605,0.75,0.4167,0.75,1,0.47426366951627014,1
871,850,0.2,0.355,0.75,0.8333,1.0,1,0.584991784213387,1
911,970,0.2,0.39,0.5,0.8333,0.75,1,0.3768614202030622,1
383,622,0.2,0.715,1.0,0.9167,0.75,1,0.6317002315793283,0
644,490,0.2,0.495,0.75,0.4167,0.75,1,0.3754983011189267,1
636,929,0.2,0.765,0.5,0.3333,0.0,1,0.4090330286396594,0
59,814,0.2,0.685,0.75,0.75,0.5,1,0.48203975383002184,1
700,555,0.2,0.46,0.25,0.75,0.75,1,0.32911687986477167,0
344,45,0.2,0.48,1.0,0.0,1.0,1,0.4613351999202564,0
440,979,0.4,0.23,0.75,0.3333,0.75,2,0.4581533416443825,0
991,941,0.2,0.88,1.0,0.1667,0.25,1,0.4488630726338938,0
992,35,0.2,0.86,1.0,0.6667,0.25,1,0.5389939575563562,0
899,712,0.4,0.385,1.0,0.3333,0.25,2,0.5099730406624672,0
546,323,0.2,0.91,0.25,0.75,1.0,1,0.44330372785141037,0
448,469,0.2,0.92,1.0,0.8333,1.0,1,0.6795512825882974,0
222,466,0.2,0.865,1.0,0.5,0.75,1,0.5792919193094744,1
900,864,0.2,0.36,0.5,0.25,0.0,1,0.2059029328691365,0
687,612,0.2,0.35,0.5,0.6667,0.0,1,0.32847740564814565,1
70,822,0.2,0.91,0.75,0.9167,0.0,1,0.4974621698659701,1
604,143,0.2,0.96,0.5,0.6667,0.75,1,0.5420403317197773,0
509,121,0.4,0.32,0.5,0.5833,0.75,2,0.394526669167587,1
566,800,0.4,0.505,0.5,0.5,0.75,2,0.4540326957968396,0
313,186,0.2,0.995,0.5,0.9167,0.5,1,0.46400384474455286,1
804,742,0.2,0.905,0.25,0.9167,0.5,1,0.4907348971212508,0
503,831,0.2,0.38,0.75,0.25,0.25,1,0.38203849180468535,0
252,842,0.2,0.935,1.0,1.0,0.75,1,0.6726245140517686,1
603,528,0.2,0.35,1.0,1.0,0.75,1,0.5221354592348382,0
880,455,0.2,0.95,0.75,0.5833,1.0,1,0.6414785720278728,0
46,26,0.2,0.88,0.75,1.0,0.5,1,0.5492439343815383,0
757,333,0.2,0.905,1.0,0.25,0.75,1,0.5167433396760162,1
298,779,0.4,0.735,0.75,0.9167,0.25,2,0.5822627772588032,1
178,429,0.2,0.81,0.0,0.5833,0.25,1,0.2262779802680046,0
126,322,0.4,0.545,0.75,0.3333,0.75,2,0.5502173839162,1
994,142,0.2,0.665,0.5,0.9167,0.25,1,0.4537834262323977,1
273,114,0.2,0.45,1.0,1.0,0.75,1,0.6193176379063949,1
713,389,0.4,0.46,0.25,0.4167,0.0,2,0.3112875553903972,1
102,412,0.4,0.915,0.75,0.8333,0.75,2,0.6802044398039471,0
493,997,0.2,0.615,0.25,0.5,0.75,1,0.33855977995227116,0
902,329,0.4,0.91,0.25,0.5833,0.75,2,0.5776447092238746,1
373,64,0.2,0.7,1.0,0.5,0.75,1,0.5175036251145994,0
36,64,0.4,0.47,0.25,0.6667,0.5,2,0.38565070919574257,0
112,944,0.2,0.835,0.25,0.5833,0.75,1,0.3234876610818079,0
22,411,0.2,0.64,0.5,0.75,0.75,1,0.4217283485704541,0
536,511,0.2,0.68,0.5,0.6667,0.75,1,0.4126265130644004,1
297,365,0.2,0.905,0.25,0.5833,0.25,1,0.2922759414027828,0
948,92,0.2,0.655,0.5,0.8333,1.0,1,0.5179261635135649,1
828,862,0.4,0.89,1.0,0.0833,0.5,2,0.6103518261361841,0
907,763,0.2,0.37,0.75,0.8333,0.75,1,0.4887696423062132,0
579,745,0.2,0.425,0.5,0.6667,0.5,1,0.4531114522144241,0
833,899,0.4,0.6,0.25,0.1667,0.75,2,0.3049549203513804,0
128,795,0.2,0.715,0.75,0.4167,0.25,1,0.5135110918737225,1
361,749,0.2,0.705,0.75,0.6667,0.75,1,0.5742219446472687,1
617,218,0.2,0.295,0.75,0.9167,1.0,1,0.60050222400861,1
393,132,0.4,0.865,1.0,0.5833,1.0,2,0.6626865268525218,0
241,55,0.2,0.945,0.75,0.5833,0.5,1,0.546220999636823,1
978,764,0.2,0.635,1.0,0.6667,1.0,1,0.6119697839038941,0
599,656,0.4,0.795,1.0,0.4167,0.25,2,0.6839720163207812,1
811,477,0.2,0.375,1.0,0.8333,0.75,1,0.4494686986668615,1
208,89,0.2,0.825,0.5,0.8333,1.0,1,0.4168897027946989,0
584,52,0.2,0.545,0.75,0.6667,0.75,1,0.47825280920624363,1
852,135,0.4,0.885,0.75,0.8333,0.5,2,0.634184231752259,1
461,942,0.2,0.69,0.75,0.25,0.5,1,0.36838442702391133,0
474,684,0.2,0.485,0.75,0.4167,1.0,1,0.5659371576850625,0
432,963,0.2,0.765,0.5,0.5833,0.0,1,0.412748098668714,0
274,298,0.2,0.68,0.75,0.5833,1.0,1,0.478026014658012,0
603,96,0.2,0.74,0.75,0.75,0.0,1,0.4040765172054681,1
942,911,0.2,0.465,1.0,0.6667,1.0,1,0.6579480989429902,1
943,457,0.2,0.885,0.5,0.6667,0.75,1,0.5637681429597245,1
193,554,0.2,0.765,1.0,0.6667,0.5,1,0.6115419695391252,1
749,882,0.2,0.785,1.0,1.0,0.75,1,0.6075757148942184,0
291,413,0.2,0.97,1.0,0.3333,0.5,1,0.5327652249376906,1
474,670,0.4,0.655,0.5,0.75,0.25,2,0.3888119943757791,1
583,691,0.2,0.93,0.5,0.1667,0.75,1,0.413490957718753,0
723,225,0.2,0.605,0.75,0.9167,0.5,1,0.48946066298001323,1
864,405,0.2,0.645,0.0,0.4167,0.75,1,0.3407726914001217,0
134,236,0.2,0.315,0.0,0.5833,0.0,1,0.18251457990363068,0
634,867,0.2,0.425,0.5,0.75,0.0,1,0.33812281347250717,0
499,159,0.2,0.385,0.75,0.1667,0.75,1,0.3527075698660873,0
957,218,0.2,0.805,0.75,0.9167,0.75,1,0.5867661701254865,0
531,419,0.2,0.245,0.5,0.1667,0.75,1,0.33453179822499923,0
762,365,0.4,0.325,0.5,0.9167,0.0,2,0.506504373189176,1
489,812,0.2,0.775,0.5,1.0,0.75,1,0.4331224232569391,1
251,648,0.2,0.735,0.75,0.4167,1.0,1,0.6085158447816523,0
170,485,0.2,0.59,1.0,0.6667,0.75,1,0.6523586519414964,0
427,408,0.2,0.95,1.0,0.0,0.75,1,0.46857103175814885,1
960,980,0.2,0.89,0.5,0.6667,1.0,1,0.46482243518277305,0
173,515,0.2,0.68,0.5,0.9167,0.25,1,0.4864211002851986,1
261,911,0.2,0.815,0.75,0.9167,0.25,1,0.4102212679724567,1
104,558,0.2,0.94,0.75,0.5,0.75,1,0.48301479218074006,1
787,5,0.2,0.385,0.5,0.8333,0.5,1,0.41480941487031164,1
101,680,0.4,0.845,1.0,0.9167,0.25,2,0.7080766522963339,1
926,590,0.4,0.845,0.0,0.6667,0.75,2,0.4679175776810319,1
707,108,0.2,0.78,0.75,0.25,0.25,1,0.46573166498815144,0
770,767,0.2,0.865,0.0,0.3333,1.0,1,0.25891649508836495,0
302,871,0.2,0.86,0.75,0.8333,1.0,1,0.5416114861679066,1
582,657,0.4,0.795,0.75,0.9167,0.25,2,0.5062264182083624,0
192,729,0.2,0.66,0.5,0.5,0.5,1,0.3941736429100937,1
978,928,0.2,0.725,1.0,0.9167,1.0,1,0.6794425407706278,1
396,506,0.2,0.7,1.0,0.8333,0.75,1,0.6292566505041306,1
411,457,0.2,0.51,0.75,0.5,0.75,1,0.47010733376565084,1
966,347,0.2,0.855,0.5,0.0,0.75,1,0.34999314385759306,0
288,799,0.2,0.455,1.0,0.75,1.0,1,0.48810197851158477,0
29,459,0.2,0.445,0.75,0.9167,0.75,1,0.46539038471008176,1
87,510,0.2,0.635,0.5,0.25,1.0,1,0.5058039982965895,1
466,657,0.2,0.735,1.0,0.5833,0.75,1,0.592568597366066,1
27,121,0.4,0.925,0.75,0.5,0.75,2,0.680600163176067,1
770,162,0.4,0.655,1.0,0.25,0.5,2,0.49589218662145307,1
871,393,0.2,0.51,1.0,0.3333,1.0,1,0.5466626965436847,1
66,68,0.2,0.92,0.5,0.75,0.75,1,0.5278816133574602,0
570,416,0.2,0.405,1.0,0.25,0.25,1,0.5311757121611278,0
556,674,0.2,0.58,1.0,0.75,0.25,1,0.5212431192405081,0
133,275,0.2,0.625,0.75,0.6667,1.0,1,0.5408188689170865,0
40,582,0.2,0.47,0.25,0.9167,0.5,1,0.285325708596331,1
906,157,0.2,0.72,0.25,0.4167,0.5,1,0.3752661334789331,0
707,187,0.2,0.61,0.5,0.5833,0.75,1,0.4362530699356988,0
515,511,0.4,0.925,0.5,0.6667,0.0,2,0.42535032899270975,0
743,348,0.2,0.72,0.0,0.6667,0.5,1,0.344787465663847,0
31,916,0.4,0.51,0.5,0.25,0.75,2,0.5246154814547404,1
600,571,0.2,0.94,0.25,0.5,0.25,1,0.3050037335739957,0
427,678,0.2,0.835,0.75,0.8333,0.75,1,0.5418747620827872,1
851,241,0.2,0.53,0.75,0.5,1.0,1,0.5683775192376046,0
252,277,0.2,0.81,1.0,0.8333,0.5,1,0.6407388871763657,1
384,408,0.2,0.71,1.0,0.0833,0.75,1,0.5577726869694072,1
187,909,0.2,0.935,0.75,0.9167,0.25,1,0.46784985778295746,1
121,758,0.2,1.0,0.5,0.9167,0.25,1,0.5532220255029631,0
314,209,0.4,0.505,1.0,0.9167,0.5,2,0.581599025994633,1
341,490,0.2,0.075,0.75,0.0,0.75,1,0.38205900294902756,1
388,244,0.2,0.885,0.0,0.5,1.0,1,0.3638834197367141,0
771,503,0.2,0.695,0.5,1.0,0.5,1,0.4875862710631651,1
258,677,0.2,0.78,1.0,0.4167,0.75,1,0.5411490350918076,1
611,900,0.2,0.245,1.0,0.6667,1.0,1,0.5336416428379672,1
746,210,0.4,0.77,1.0,0.4167,0.5,2,0.581811729316723,0
78,817,0.2,0.96,0.75,0.4167,1.0,1,0.5589764478937406,0
758,202,0.2,0.615,1.0,0.3333,1.0,1,0.6551084320059711,1
415,308,0.2,0.485,0.5,0.5833,1.0,1,0.5168978081365554,1
846,394,0.4,0.305,0.5,0.5,0.75,2,0.5437039522051679,1
763,49,0.2,0.875,0.75,0.9167,0.5,1,0.6379772061806471,1
10,435,0.2,0.18,0.5,0.6667,0.5,1,0.2641753166292672,0
10,105,0.2,0.6,0.25,0.75,0.5,1,0.2789962197846054,1
192,933,0.6,0.955,0.75,0.5833,0.5,3,0.7756489547070828,1
771,989,0.2,0.24,1.0,0.75,0.25,1,0.4565317239541634,0
168,34,0.2,0.595,1.0,0.9167,0.75,1,0.672207036629996,1
277,140,0.2,0.84,0.75,1.0,1.0,1,0.5449776414517412,1
722,949,0.2,0.3,0.0,0.9167,1.0,1,0.3852813779575488,0
332,676,0.2,0.445,0.5,0.0833,0.25,1,0.2991875976156133,0
917,772,0.2,0.875,0.5,0.8333,0.25,1,0.5241139085009362,0
852,214,0.2,0.64,1.0,0.25,0.75,1,0.5039905370527181,1
584,58,0.2,0.525,0.75,0.8333,0.75,1,0.5996281492823093,1
987,393,0.2,0.845,0.75,0.3333,0.5,1,0.4626869803784598,1
18,929,0.2,0.78,0.75,1.0,0.0,1,0.4817339232663116,0
298,133,0.4,0.57,0.75,0.8333,0.75,2,0.569213978434197,0
458,741,0.2,0.595,0.25,0.3333,0.0,1,0.34398188756191184,0
470,918,0.2,0.175,0.75,0.8333,0.0,1,0.32178180345451934,0
832,768,0.2,0.96,0.75,0.9167,0.25,1,0.5879505510859893,1
943,768,0.2,0.925,1.0,0.5833,1.0,1,0.5580219428262978,1
339,961,0.2,0.87,1.0,0.9167,0.5,1,0.6657237352330541,1
469,813,0.2,0.58,0.75,0.25,0.25,1,0.42301523048535294,0
504,825,0.2,0.93,0.75,0.75,0.0,1,0.4469241607976828,1
162,873,0.2,0.43,0.75,0.5,1.0,1,0.4780589387848802,0
599,974,0.2,0.26,0.5,0.3333,0.5,1,0.41444403394302665,0
681,530,0.2,0.405,0.75,0.25,0.75,1,0.396133816762574,1
964,132,0.2,0.68,0.5,0.5,0.75,1,0.3885737055890295,0
73,320,0.2,0.2,0.5,0.75,0.75,1,0.3111681984707954,0
408,810,0.4,0.89,0.75,0.5,0.5,2,0.5302135691709714,1
713,257,0.2,0.31,0.75,0.3333,1.0,1,0.3877384717604938,0
210,588,0.6,0.94,0.0,0.8333,0.25,3,0.4523568281273005,1
323,345,0.2,0.415,0.75,0.8333,0.25,1,0.48742238610486077,1
142,820,0.2,0.44,0.25,0.0833,0.5,1,0.3259583893921766,1
959,927,0.2,0.59,1.0,0.8333,1.0,1,0.6975460076797985,0
677,140,0.2,0.91,0.5,0.9167,1.0,1,0.5238031832666148,0
941,173,0.2,0.445,0.0,0.9167,0.75,1,0.2823953221984637,0
759,817,0.2,0.81,0.5,0.9167,1.0,1,0.5731666558184986,1
465,474,0.2,0.895,1.0,0.75,0.25,1,0.6179320800776135,1
736,604,0.2,0.675,0.25,0.75,0.5,1,0.45949341052899106,1
322,857,0.2,0.58,0.75,1.0,0.75,1,0.5927999366426226,0
912,10,0.2,0.61,0.25,0.4167,0.25,1,0.35816260048438087,0
849,651,0.2,0.505,1.0,1.0,0.75,1,0.5798074035664104,1
306,13,0.2,0.43,1.0,0.0,0.25,1,0.46880543674130337,0
359,493,0.4,0.335,0.75,0.6667,0.75,2,0.5041427314755793,1
729,944,0.2,0.87,0.0,0.4167,0.75,1,0.36049795630987536,1
697,54,0.2,0.605,0.5,0.4167,0.5,1,0.3720009935141647,0
913,309,0.2,0.66,0.75,0.8333,0.75,1,0.6209007307504846,1
343,426,0.2,0.425,0.5,0.75,0.0,1,0.44058111487013063,1
268,929,0.4,0.945,0.5,1.0,0.5,2,0.5510400296019111,1
149,657,0.2,0.515,1.0,0.8333,0.25,1,0.5573845437777887,0
356,166,0.2,0.11,1.0,0.5833,0.25,1,0.4287621241184689,1
897,851,0.2,0.725,0.75,0.6667,0.75,1,0.6157657140672244,1
356,834,0.2,0.855,1.0,0.75,0.5,1,0.595929756778143,1
964,124,0.2,0.81,0.75,0.9167,1.0,1,0.5074986175767733,1
585,846,0.2,0.505,0.75,0.75,0.75,1,0.4937319063279907,1
857,537,0.4,0.93,0.5,0.9167,0.75,2,0.5637341513874486,1
37,223,0.2,0.46,0.75,0.3333,0.75,1,0.5158589966232965,1
179,727,0.2,0.895,0.25,0.8333,0.75,1,0.42397784709305464,0
528,708,0.4,0.47,0.25,0.5833,0.75,2,0.47688916182882624,1
106,97,0.4,0.6,0.75,1.0,0.25,2,0.5936722530873383,1
520,76,0.2,0.74,0.75,0.6667,0.25,1,0.500178803674971,1
528,287,0.2,0.965,0.5,0.8333,0.75,1,0.47533746096696106,1
706,203,0.2,0.97,0.5,0.5833,1.0,1,0.5420889339349658,1
338,156,0.2,0.52,0.5,0.1667,0.75,1,0.331477750238799,0
520,515,0.2,0.975,1.0,0.75,0.25,1,0.6561421975035194,0
582,672,0.2,0.445,1.0,0.8333,1.0,1,0.5456379040297105,1
877,270,0.2,0.715,0.5,0.5833,1.0,1,0.4866602420656324,1
470,492,0.2,0.165,0.25,0.6667,1.0,1,0.40065115314362587,0
903,244,0.2,0.755,0.75,0.6667,0.25,1,0.556131392495531,1
903,938,0.2,0.465,0.75,0.8333,0.0,1,0.3273724539849667,0
374,983,0.2,0.835,0.75,0.3333,0.25,1,0.5382439754724394,0
193,393,0.2,0.685,0.5,0.3333,1.0,1,0.5024933060205952,0
730,220,0.2,0.995,1.0,0.9167,0.0,1,0.5810361151227631,1
162,12,0.4,0.725,1.0,0.3333,0.5,2,0.6537503470244355,1
454,168,0.2,0.985,1.0,0.9167,0.75,1,0.7332716202829065,1
1,472,0.2,0.185,0.25,1.0,0.75,1,0.37336981305575445,0
867,199,0.4,0.62,0.75,0.5833,1.0,2,0.6166206489492034,1
60,871,0.2,0.115,1.0,0.75,0.25,1,0.37941559787171464,1
870,93,0.2,0.405,0.25,0.5,1.0,1,0.40916610117834984,1
326,970,0.4,0.7,1.0,0.75,0.75,2,0.6800480737953828,1
206,983,0.2,0.535,1.0,0.9167,0.75,1,0.47957446655475017,1
15,592,0.4,0.6,0.5,0.9167,0.0,2,0.42543137191959046,0
846,186,0.2,0.84,1.0,0.75,0.25,1,0.5187027102779106,1
841,604,0.2,0.865,0.5,0.5833,0.75,1,0.3753502835927872,0
38,648,0.2,0.815,0.75,0.0833,0.5,1,0.4255285064020617,1
998,482,0.4,0.69,0.75,0.9167,0.75,2,0.6276926599244289,1
686,717,0.2,0.98,0.75,0.3333,1.0,1,0.5783252937281494,1
202,418,0.2,0.805,1.0,0.9167,0.25,1,0.5151836533395647,0
583,681,0.4,0.76,1.0,1.0,0.75,2,0.6399057105088815,1
899,5,0.4,0.92,0.25,0.3333,1.0,2,0.48821474941612536,1
833,482,0.2,0.9,0.0,0.25,0.75,1,0.3168709561451694,1
460,416,0.6,0.695,0.5,0.3333,0.25,3,0.5960232096068854,1
681,573,0.2,0.95,1.0,0.6667,0.5,1,0.599704349988066,1
35,896,0.2,0.585,0.25,0.6667,1.0,1,0.34245376743059686,0
455,328,0.2,0.425,0.25,0.9167,1.0,1,0.45868542204298585,1
640,771,0.2,0.105,0.5,0.3333,0.5,1,0.3857092884732778,1
265,715,0.4,0.95,0.5,0.9167,1.0,2,0.5918676694088351,0
972,844,0.4,0.83,0.25,0.75,0.0,2,0.4256416002092416,1
107,781,0.2,0.945,1.0,0.4167,1.0,1,0.6985183561620498,0
323,754,0.2,0.415,0.5,0.75,0.25,1,0.35380612241673953,0
887,867,0.2,0.995,0.75,0.75,1.0,1,0.6897309456051255,1
62,182,0.2,0.72,0.25,0.25,0.0,1,0.3273804333878575,1
155,251,0.4,0.485,0.25,0.8333,1.0,2,0.43871066265533565,0
885,902,0.2,0.34,0.0,0.75,0.75,1,0.35575794454998283,0
656,208,0.2,0.785,0.25,0.8333,0.5,1,0.4543996618649184,0
257,493,0.2,0.31,0.5,0.1667,0.0,1,0.2517633293749974,0
889,194,0.2,0.95,0.25,0.25,1.0,1,0.49360133338399614,0
159,184,0.2,0.735,0.25,0.4167,0.75,1,0.4142008020888437,0
247,702,0.2,0.535,1.0,0.75,0.75,1,0.5762031030814437,0
268,785,0.2,0.875,0.25,0.75,0.5,1,0.29947003610605893,0
356,412,0.6,0.58,0.5,0.5,0.75,3,0.5219315980493874,1
442,487,0.2,0.93,1.0,0.5,0.0,1,0.45765680492875505,0
10,316,0.2,0.585,0.5,0.75,0.25,1,0.4895207849245924,0
537,844,0.2,0.605,0.75,0.8333,0.0,1,0.5162253433381854,0
558,450,0.2,0.435,0.75,1.0,0.75,1,0.4431686706552882,0
667,656,0.2,0.975,0.75,0.5,0.0,1,0.4216459515617196,0
43,106,0.2,0.975,1.0,0.9167,0.75,1,0.636737894395735,0
148,537,0.4,0.4,0.75,0.9167,0.75,2,0.5289943081015843,0
875,975,0.2,0.425,0.5,0.8333,0.5,1,0.37775249410191714,1
589,361,0.4,0.765,0.25,0.8333,0.5,2,0.38577051009983965,0
810,62,0.4,0.645,1.0,0.6667,0.25,2,0.5349512231575029,1
269,628,0.2,0.4,0.0,0.3333,0.5,1,0.25535448984310094,1
931,78,0.2,0.99,0.5,0.5833,0.5,1,0.4479446946983723,1
217,793,0.2,0.68,1.0,0.8333,0.75,1,0.5952963671437436,1
436,445,0.4,0.31,0.75,0.5833,0.5,2,0.49123131427986316,1
881,697,0.2,0.98,0.75,0.6667,0.75,1,0.5270130277387673,1
872,336,0.2,0.54,0.25,0.25,0.25,1,0.32534870966828744,0
238,909,0.2,0.85,0.0,0.6667,0.25,1,0.319326912945727,1
375,47,0.2,0.585,1.0,0.9167,0.75,1,0.6327938195235525,1
776,365,0.4,0.97,0.75,0.5833,0.25,2,0.623805465423681,1
231,27,0.2,0.475,0.75,0.9167,1.0,1,0.5349673715825184,0
665,48,0.4,0.295,0.25,0.8333,0.0,2,0.3531484669603756,0
341,998,0.2,0.775,0.5,0.9167,0.75,1,0.3993652254085971,0
508,677,0.2,0.83,0.0,0.4167,0.75,1,0.242331526940137,0
121,571,0.2,0.77,1.0,0.6667,0.75,1,0.5122214654983659,1
630,54,0.4,0.79,0.25,0.75,0.75,2,0.48766050114204695,1
366,404,0.2,0.645,0.75,0.1667,0.5,1,0.43649466101587,0
415,387,0.2,0.785,0.5,0.5,0.25,1,0.48687575096623903,1
388,748,0.2,0.785,1.0,0.9167,0.75,1,0.5260301946942317,1
2,198,0.4,0.815,1.0,0.5,0.5,2,0.6195212843369813,1
5,314,0.4,0.585,0.0,1.0,0.5,2,0.34093900492916124,1
141,406,0.2,0.98,0.25,0.75,0.75,1,0.461040082654588,0
452,383,0.2,0.325,0.75,0.6667,1.0,1,0.4093997280578925,0
683,759,0.2,0.985,0.75,1.0,0.5,1,0.48497942863010424,1
323,154,0.2,0.915,0.5,0.5833,0.75,1,0.4279049668392948,0
500,395,0.2,0.795,0.75,0.9167,0.25,1,0.5807012102252722,1
970,528,0.2,0.49,0.5,1.0,0.75,1,0.39950749426464116,0
247,614,0.2,0.88,0.75,1.0,0.75,1,0.5478389886254806,0
573,857,0.2,0.605,1.0,0.5,0.75,1,0.5393477323050261,1
745,502,0.2,0.75,0.5,0.6667,0.25,1,0.3495110414933596,0
631,41,0.2,0.425,0.75,0.8333,0.25,1,0.4547647108944216,1
509,990,0.2,0.635,0.5,0.5833,1.0,1,0.5353113350942305,1
515,677,0.2,0.655,0.5,0.75,0.25,1,0.46184835670329605,1
465,822,0.2,0.735,1.0,0.25,0.75,1,0.4539208895525785,0
976,946,0.2,0.5,0.5,0.5,0.75,1,0.42023468433051353,1
474,186,0.2,0.475,1.0,0.8333,1.0,1,0.5308998459300103,1
880,340,0.4,0.87,0.75,0.4167,0.5,2,0.5576007419012913,1
121,171,0.2,0.815,0.5,0.3333,0.25,1,0.4554792363967658,0
765,752,0.2,0.65,0.25,0.8333,0.5,1,0.3276757180801172,0
42,456,0.4,0.61,0.25,0.5833,0.25,2,0.45107621002651915,0
421,537,0.2,0.49,1.0,0.3333,0.25,1,0.5099468570538291,1
200,832,0.2,0.945,1.0,0.8333,0.0,1,0.5372895266101739,0
283,457,0.2,0.42,0.5,0.1667,0.5,1,0.3812228070027359,1
932,69,0.2,0.06,0.5,0.0833,0.5,1,0.35438172130441403,0
763,713,0.2,0.475,0.5,0.9167,0.75,1,0.3714950394383165,0
710,826,0.4,0.75,0.25,0.8333,0.0,2,0.4174430433374504,1
332,200,0.2,0.98,0.5,0.3333,0.75,1,0.5032730684466692,1
651,110,0.4,0.78,0.75,0.4167,0.25,2,0.5262627783392009,0
470,162,0.4,0.405,0.25,0.5833,0.75,2,0.4304739689408244,0
302,216,0.2,0.6,0.5,0.5833,0.25,1,0.3806741650685043,0
449,36,0.4,0.355,0.25,0.6667,1.0,2,0.37118731863356025,1
56,846,0.2,0.91,1.0,0.8333,0.5,1,0.5563819502519819,0
930,111,0.2,0.225,0.25,0.9167,0.5,1,0.28197449317400036,0
680,833,0.2,0.92,0.0,0.5,0.5,1,0.254956644643651,0
244,264,0.4,0.915,0.5,0.4167,0.75,2,0.4448223420536096,0
730,443,0.2,0.315,0.25,0.5,0.5,1,0.26652559620000804,0
994,331,0.2,0.685,0.5,1.0,1.0,1,0.465047402107692,1
240,754,0.2,0.79,0.25,0.5833,0.25,1,0.371314976498425,1
719,171,0.4,0.595,0.75,0.8333,1.0,2,0.7090895144008361,1
464,230,0.2,0.55,0.75,0.4167,0.25,1,0.3540281828411588,1
980,161,0.2,0.835,0.75,0.4167,0.5,1,0.5089988945947084,1
274,297,0.2,0.305,0.25,0.9167,0.5,1,0.2484419736795237,0
682,355,0.2,0.69,0.25,0.9167,0.75,1,0.32525172149390646,1
894,774,0.2,0.665,0.75,0.3333,0.5,1,0.4399271862298059,0
427,782,0.2,0.755,0.5,0.5833,0.75,1,0.36941593058096034,1
41,760,0.2,0.5,0.75,0.9167,0.5,1,0.5194715877456336,1
793,861,0.4,0.845,0.75,0.4167,1.0,2,0.627031294628815,0
113,500,0.2,0.63,1.0,0.0833,0.0,1,0.4836452155964862,0
15,534,0.2,0.365,0.25,0.5833,0.0,1,0.3259154627163967,1
605,39,0.2,0.95,0.5,0.5,0.75,1,0.49945273486432107,0
421,719,0.2,0.67,0.5,0.9167,0.75,1,0.45513822841226403,1
979,902,0.4,0.445,0.5,0.5,1.0,2,0.4598724306012953,1
59,311,0.4,0.62,0.75,0.9167,1.0,2,0.5791941783963407,1
542,395,0.2,0.99,0.75,0.3333,0.75,1,0.45316359622305363,0
788,131,0.4,0.66,0.75,0.3333,0.25,2,0.574233975048825,1
835,860,0.2,0.665,0.5,0.9167,0.5,1,0.5329073286772963,1
258,329,0.2,0.94,0.75,0.5833,0.5,1,0.5256476047755193,1
278,649,0.2,0.985,1.0,0.5833,1.0,1,0.6991957933555677,1
559,951,0.2,0.135,0.5,0.75,0.25,1,0.3272392306998139,0
85,826,0.2,0.605,0.5,0.6667,0.75,1,0.37222344037713245,1
294,274,0.2,0.935,0.75,0.75,0.25,1,0.49871626374603795,0
637,75,0.2,0.545,0.25,0.9167,1.0,1,0.32205015255776676,1
653,52,0.2,0.815,0.5,0.9167,1.0,1,0.5966071225603681,1
894,63,0.2,0.695,0.75,0.5833,0.75,1,0.4641350869726194,0
658,560,0.2,0.385,1.0,1.0,0.75,1,0.5521430904101962,0
772,355,0.2,0.82,1.0,0.8333,0.5,1,0.615200028587712,1
956,765,0.2,0.285,0.75,0.4167,1.0,1,0.5384044043292124,1
333,217,0.2,0.66,0.5,0.25,1.0,1,0.4472945701866997,0
783,505,0.2,0.41,0.75,0.5,0.0,1,0.37437863202543864,0
169,110,0.2,0.545,0.75,0.4167,0.75,1,0.4975938632388791,0
902,393,0.2,0.885,0.75,0.4167,1.0,1,0.5571656562244334,0
134,661,0.4,0.565,0.75,0.3333,0.75,2,0.5683737800505317,1
974,297,0.2,0.27,0.25,0.5,0.5,1,0.2653018785508431,0
661,464,0.2,0.63,1.0,0.1667,0.5,1,0.4962378397186193,0
221,735,0.2,0.57,0.5,0.8333,0.75,1,0.43168298756702583,0
736,298,0.2,0.82,0.5,0.8333,0.5,1,0.5173836036449875,1
598,389,0.2,0.435,0.75,0.9167,1.0,1,0.6010881996444345,1
638,899,0.2,0.26,0.25,0.4167,0.75,1,0.29686293671692365,0
808,31,0.4,0.89,0.25,0.6667,0.75,2,0.41715345563166584,1
60,405,0.2,0.33,0.75,0.9167,0.25,1,0.37011096898993373,1
66,185,0.2,0.665,1.0,0.9167,0.75,1,0.6269269732921472,0
383,692,0.4,0.615,1.0,0.3333,0.5,2,0.5750791139767254,1
343,545,0.2,0.62,0.5,0.75,0.25,1,0.46884142637566706,1
72,10,0.2,0.11,0.5,0.75,0.75,1,0.33141129831799776,0
449,614,0.2,0.94,0.25,0.3333,0.5,1,0.2852600575506102,1
77,645,0.2,0.7,0.75,0.4167,0.25,1,0.5182577620663096,0
31,979,0.2,0.93,0.5,0.8333,1.0,1,0.5855275992514726,1
611,37,0.2,0.825,0.5,0.5833,1.0,1,0.4833538526498809,1
297,787,0.2,0.975,0.5,0.75,0.75,1,0.4473026784781401,1
513,673,0.2,0.965,0.75,0.75,1.0,1,0.6491836057379543,0
148,905,0.2,0.69,1.0,0.5,0.75,1,0.5309814002602171,0
911,389,0.2,0.415,0.25,0.8333,0.25,1,0.31100404801678705,0
188,697,0.2,0.475,0.75,0.8333,0.5,1,0.44785550126339124,1
587,405,0.2,0.82,0.5,0.6667,0.25,1,0.3548809415242571,0
645,620,0.2,0.925,0.75,0.75,0.0,1,0.5486179088605859,1
266,58,0.2,0.635,0.75,0.75,0.5,1,0.47681663583281286,1
619,426,0.2,0.985,1.0,0.6667,1.0,1,0.6173980911371255,1
945,644,0.4,0.87,0.75,0.4167,1.0,2,0.6970376964092081,0
595,768,0.2,0.245,0.25,0.75,1.0,1,0.3630750613101825,0
789,38,0.2,0.91,0.25,0.25,0.5,1,0.34884066678460207,0
394,624,0.4,0.335,0.0,0.9167,0.0,2,0.35503572641331166,0
490,10,0.2,0.105,0.5,0.3333,0.75,1,0.23900519655355495,1
549,295,0.2,0.78,0.25,0.75,1.0,1,0.34964848375276647,0
740,605,0.2,0.445,0.75,0.9167,0.5,1,0.4465587025065676,1
510,107,0.2,0.79,1.0,0.9167,0.75,1,0.5900828590914603,0
106,777,0.2,0.565,1.0,0.5,0.25,1,0.3917115634132941,0
347,556,0.2,0.675,0.75,0.5,0.25,1,0.3659728834785675,1
805,650,0.2,0.655,0.0,0.9167,0.5,1,0.2790554405711025,0
225,240,0.2,0.71,1.0,0.5,0.75,1,0.5215697246450761,1
998,235,0.4,0.305,0.75,0.0833,0.75,2,0.416306546336223,0
152,160,0.2,0.665,0.75,0.4167,0.75,1,0.5425627492876486,0
563,908,0.2,0.61,0.25,0.9167,0.75,1,0.4284334225766908,1
931,657,0.4,0.51,0.25,0.5833,0.0,2,0.3700645195815972,1
364,973,0.2,0.98,0.0,0.4167,0.5,1,0.3361696398192823,0
546,770,0.2,0.255,1.0,0.1667,1.0,1,0.5332165975043235,1
571,96,0.2,0.595,0.75,0.8333,1.0,1,0.5278967431822059,1
741,616,0.2,0.96,0.25,0.6667,1.0,1,0.5397111808942304,1
450,656,0.4,0.76,0.5,0.4167,0.5,2,0.42223218689584563,1
456,379,0.2,0.405,0.25,0.5833,0.75,1,0.31327762805471526,0
84,951,0.2,0.965,0.75,0.5833,0.5,1,0.5302369206654338,0
892,685,0.4,0.96,0.75,0.5833,0.5,2,0.6074033003740665,0
609,42,0.2,0.28,1.0,1.0,0.5,1,0.54985009857859,1
311,948,0.2,0.595,1.0,0.9167,1.0,1,0.5479008901704101,1
334,649,0.2,0.9,0.75,0.6667,0.75,1,0.5383078869179597,0
866,395,0.2,0.195,0.5,0.9167,1.0,1,0.4083030008912464,0
810,901,0.2,0.7,1.0,0.5833,0.75,1,0.6191460651553404,0
373,678,0.2,0.915,0.25,1.0,1.0,1,0.3890238634998953,0
453,627,0.2,0.87,0.5,0.3333,0.75,1,0.39009456455986247,1
453,169,0.2,0.865,0.25,0.9167,0.5,1,0.3695121566509406,0
567,472,0.2,0.235,0.5,1.0,0.25,1,0.3993692231093332,0
507,338,0.2,0.825,0.5,0.9167,0.0,1,0.46278800419602306,0
760,402,0.2,0.225,0.5,0.8333,0.25,1,0.31482633171943974,0
146,448,0.2,0.145,0.75,0.4167,0.75,1,0.4102347447957473,0
969,380,0.2,0.8,0.75,0.1667,1.0,1,0.4108173644516222,0
621,426,0.2,0.825,0.25,0.4167,1.0,1,0.3976068604148516,1
461,801,0.2,0.405,0.75,0.8333,0.75,1,0.39219871950021984,0
960,342,0.2,0.23,0.75,0.6667,0.25,1,0.3385489126422936,0
790,160,0.2,0.665,0.25,1.0,0.0,1,0.2645778184067986,0
573,268,0.2,0.91,1.0,0.5833,0.5,1,0.6115236458965069,1
936,772,0.2,0.545,0.5,1.0,0.5,1,0.49490070171228673,1
655,686,0.2,0.56,1.0,0.8333,0.25,1,0.5999973859982469,1
67,27,0.2,0.77,1.0,0.5,0.75,1,0.5961365307280116,0
594,251,0.2,0.185,0.25,0.5,0.5,1,0.19363854880044945,0
18,722,0.2,0.635,0.25,0.8333,0.25,1,0.3011785164053003,0
667,394,0.2,0.42,0.5,0.5,1.0,1,0.3800338046654791,0
666,845,0.4,0.9,0.5,0.4167,0.75,2,0.5379118418309594,1
892,169,0.2,0.93,0.75,0.25,0.25,1,0.41788027263107896,1
802,782,0.2,0.54,0.25,0.8333,0.75,1,0.43638843552468265,0
863,324,0.2,0.605,1.0,0.5,0.25,1,0.41664795664189924,1
408,993,0.4,0.285,0.5,0.75,0.5,2,0.43400707352049206,0
559,302,0.2,0.3,0.5,0.1667,0.5,1,0.29261556898286667,1
395,158,0.6,0.085,0.0,0.75,0.75,3,0.3766884866344815,1
413,608,0.2,0.965,0.5,0.5833,0.25,1,0.4331957186216538,1
855,931,0.2,0.615,0.5,0.25,1.0,1,0.4762494854516892,1
89,676,0.2,0.66,1.0,0.8333,0.5,1,0.5969634365595574,1
139,22,0.2,0.655,0.5,0.0833,0.75,1,0.4071680808671575,0
590,684,0.4,0.675,0.25,0.6667,0.5,2,0.4107344539492882,0
74,155,0.2,0.82,0.25,0.25,0.5,1,0.31875831947944666,1
129,460,0.2,0.825,0.5,0.8333,0.75,1,0.47651135874851047,0
630,344,0.2,0.385,1.0,0.0833,0.25,1,0.5033841744628684,0
458,656,0.4,0.505,0.25,0.3333,0.0,2,0.3728565122321314,0
155,1000,0.2,0.49,0.25,0.8333,0.5,1,0.36436557605971215,1
419,517,0.2,0.385,1.0,0.6667,0.75,1,0.48154686614590403,0
236,415,0.2,0.22,0.0,0.5833,1.0,1,0.30115704404397625,0
213,568,0.2,0.975,0.5,0.9167,0.25,1,0.504037681166547,1
909,746,0.2,0.61,0.0,0.75,0.75,1,0.24066717516197395,1
408,413,0.2,0.865,1.0,0.8333,0.5,1,0.5489895137425526,0
542,857,0.2,0.955,0.25,1.0,0.25,1,0.44937465580940705,0
867,188,0.6,0.97,0.75,0.5833,0.75,3,0.6534661036832994,1
566,655,0.2,0.25,0.75,0.4167,0.25,1,0.3926949366340451,1
982,916,0.2,0.67,0.75,0.25,0.75,1,0.45325231176863123,0
888,492,0.2,0.92,1.0,0.6667,0.75,1,0.6785403888856614,0
906,537,0.4,0.51,0.75,0.25,0.25,2,0.38685910760934694,0
189,889,0.2,0.555,0.25,0.9167,0.25,1,0.43362315823354103,0
429,566,0.2,0.76,1.0,0.75,0.5,1,0.4875885857981446,1
298,43,0.4,0.79,0.75,0.5,0.75,2,0.5795049387124452,1
634,11,0.2,0.54,1.0,0.1667,1.0,1,0.5482243769801562,0
505,293,0.4,0.86,0.5,0.1667,0.0,2,0.43340318115670207,1
669,460,0.4,0.4,0.75,0.9167,0.25,2,0.5489102645996744,0
65,237,0.2,0.59,0.75,0.3333,0.25,1,0.3479776496783587,1
178,139,0.2,0.74,1.0,0.0,0.75,1,0.530979372104278,0
303,502,0.2,0.78,0.75,0.75,1.0,1,0.613671176080905,1
550,412,0.2,0.915,1.0,0.6667,1.0,1,0.6914023324550481,1
755,277,0.4,0.505,0.75,0.5833,0.25,2,0.5572842295165412,1
14,896,0.2,0.38,1.0,0.8333,0.75,1,0.5936667793259047,0
993,33,0.2,0.635,0.75,0.9167,0.75,1,0.55283450092354,1
384,690,0.2,1.0,1.0,0.0833,1.0,1,0.5724531637905336,1
19,119,0.2,0.785,0.5,0.4167,1.0,1,0.3741721783164085,1
179,829,0.4,0.68,1.0,0.4167,0.75,2,0.7230209688723339,1
396,409,0.2,0.96,1.0,0.9167,0.5,1,0.6832458629096716,1
597,303,0.2,0.4,0.25,0.8333,0.0,1,0.24911714708255306,0
76,613,0.2,0.56,0.75,0.8333,0.0,1,0.5140274480595461,1
341,423,0.2,0.34,0.75,0.8333,1.0,1,0.5561006436529399,0
239,653,0.2,0.935,0.75,0.6667,0.25,1,0.4710422005446222,0
232,374,0.6,0.915,0.5,0.5833,1.0,3,0.6802001717392805,1
113,246,0.2,0.985,0.75,0.5,0.5,1,0.5456820304769765,1
434,23,0.2,0.36,0.5,0.6667,0.75,1,0.3343763078505587,0
991,198,0.2,0.66,1.0,0.25,0.75,1,0.5022664896303725,1
197,155,0.2,0.65,0.25,0.4167,1.0,1,0.3073710187407649,0
537,610,0.2,0.96,0.5,0.8333,0.25,1,0.5187727115234769,1
256,102,0.4,0.435,0.5,0.9167,0.75,2,0.5123901736134359,1
420,412,0.2,0.97,1.0,0.3333,0.5,1,0.5782522440141089,1
898,38,0.2,0.635,0.25,0.75,1.0,1,0.33542104253698696,0
961,251,0.6,0.98,1.0,0.4167,1.0,3,0.8716319510738566,1
390,367,0.4,0.715,0.25,0.75,0.5,2,0.5457536993601649,1
741,59,0.2,0.585,0.75,0.8333,0.5,1,0.530501526036178,0
82,433,0.2,0.34,0.5,0.8333,0.25,1,0.4484430592096051,1
973,965,0.2,0.125,0.0,0.5,0.0,1,0.16826948375843298,0
347,629,0.4,0.94,0.75,0.6667,0.5,2,0.5349315963787824,1
761,907,0.4,0.56,1.0,0.5,0.75,2,0.6769510751993948,1
13,970,0.2,0.76,0.5,0.4167,0.5,1,0.40994326968807265,0
331,650,0.2,0.125,0.0,0.9167,0.75,1,0.33715321093158346,1
248,79,0.6,0.84,0.25,0.9167,0.75,3,0.6283221970162551,0
571,587,0.2,0.895,0.75,0.5833,0.0,1,0.49938625982238144,1
295,79,0.4,0.795,1.0,0.5,0.75,2,0.639454154163462,1
121,472,0.2,0.33,0.25,1.0,0.5,1,0.42931021520878065,1
568,153,0.2,0.995,1.0,0.9167,0.75,1,0.7016213747483468,0
979,84,0.2,0.96,0.75,0.4167,0.75,1,0.4652453948827441,1
180,706,0.2,0.975,1.0,0.6667,0.75,1,0.610018730354464,1
504,239,0.4,0.645,0.75,0.75,0.25,2,0.5841575351507586,0
185,930,0.2,0.33,0.5,0.8333,1.0,1,0.49470181219642095,0
493,268,0.2,0.765,0.0,0.75,0.5,1,0.24213666619303215,0
724,622,0.2,0.73,1.0,0.0833,0.5,1,0.4425774858095961,1
472,600,0.4,0.16,1.0,0.8333,1.0,2,0.5869771638289564,1
433,984,0.2,0.63,0.5,0.8333,0.25,1,0.4440330473126105,0
107,105,0.2,0.77,0.75,0.75,0.75,1,0.5649409622075353,0
998,591,0.4,0.79,1.0,0.8333,0.5,2,0.6176138826696257,1
217,143,0.4,0.785,0.5,0.4167,0.25,2,0.5339751856298518,1
771,330,0.2,0.565,0.5,0.5833,0.5,1,0.4753768958375931,0
599,851,0.6,0.65,1.0,0.6667,0.5,3,0.7709228213632506,1
532,211,0.2,0.755,0.5,0.9167,0.25,1,0.43086498964841713,1
231,973,0.4,0.365,0.75,0.75,0.5,2,0.6247375615710116,1
568,191,0.4,0.35,0.5,0.75,0.75,2,0.41561176832882185,0
458,70,0.2,0.94,0.75,1.0,0.0,1,0.4829752855698905,0
77,948,0.4,0.775,1.0,0.3333,0.75,2,0.6244078427756579,1
273,406,0.4,0.785,0.5,1.0,0.75,2,0.5115600795540199,0
330,666,0.2,0.73,0.75,0.8333,0.5,1,0.5989951896055123,1
875,210,0.2,0.76,0.5,0.6667,0.25,1,0.4941138864347353,0
128,798,0.2,0.375,0.75,0.4167,1.0,1,0.467654783809533,0
831,184,0.2,0.625,1.0,0.4167,1.0,1,0.5783501498113718,0
530,330,0.4,0.515,1.0,0.75,0.5,2,0.5238417828768075,0
606,999,0.4,0.92,0.5,0.9167,0.75,2,0.6003367112764216,1
906,871,0.4,0.71,1.0,0.75,0.5,2,0.7028721131491872,1
679,715,0.2,0.57,1.0,0.9167,0.75,1,0.5624878462582296,0
996,478,0.2,0.54,0.75,0.6667,0.0,1,0.3168542585414008,0
498,586,0.2,0.34,0.5,1.0,0.25,1,0.4072049118461169,1
460,998,0.4,0.895,0.5,0.25,1.0,2,0.5828045258202684,1
63,787,0.2,0.48,0.5,0.6667,1.0,1,0.42858990856084955,1
25,344,0.2,0.225,0.25,1.0,0.5,1,0.36955087287889005,1
123,133,0.2,0.935,0.5,1.0,0.5,1,0.40009573366410284,0
719,329,0.2,0.425,0.25,0.25,0.0,1,0.1334848134523528,0
991,871,0.2,0.435,0.75,0.75,0.5,1,0.44063233658612816,0
82,845,0.2,0.46,0.25,0.5833,0.0,1,0.31565908369192885,1
998,915,0.2,0.73,0.25,1.0,0.75,1,0.5112435067443607,0
682,334,0.2,0.855,1.0,0.5833,0.75,1,0.5755454467766663,0
230,906,0.2,0.665,0.75,0.3333,0.75,1,0.4270789761473167,0
585,74,0.2,0.445,0.75,0.9167,0.5,1,0.5445007813031121,0
39,24,0.2,0.835,0.75,0.4167,0.0,1,0.3929977487057603,0
542,811,0.2,0.83,1.0,0.75,0.75,1,0.546711294614808,0
990,198,0.4,0.75,0.25,0.9167,1.0,2,0.5327388570730728,0
121,377,0.2,0.37,1.0,0.25,1.0,1,0.5237288296966272,0
493,973,0.4,0.195,0.0,0.1667,0.0,2,0.2667106363668932,0
839,789,0.2,0.745,0.25,0.3333,0.75,1,0.42921036914870847,1
470,412,0.4,0.55,0.5,0.5833,0.5,2,0.4701919848160606,1
681,556,0.2,0.79,0.5,0.5,0.75,1,0.3940860572833126,0
956,730,0.2,0.9,0.5,0.25,0.25,1,0.4091393476978254,0
932,943,0.2,0.21,0.75,0.5,1.0,1,0.4640508597380718,1
911,6,0.2,0.885,0.75,0.5833,1.0,1,0.5734664994355284,1
823,261,0.2,0.74,0.25,0.5,1.0,1,0.47424011500502994,1
330,255,0.2,0.905,0.5,1.0,0.75,1,0.47058719387124354,1
458,314,0.2,0.485,1.0,0.8333,0.5,1,0.5243879818415896,0
859,260,0.2,0.65,0.75,0.6667,0.5,1,0.406905915694403,0
460,446,0.4,0.795,0.75,0.4167,0.5,2,0.6313542513969105,1
327,589,0.2,0.88,1.0,0.25,0.75,1,0.4853551919850081,0
804,457,0.2,0.95,0.5,0.4167,0.5,1,0.4346636682670899,0
975,768,0.2,0.185,0.75,0.3333,1.0,1,0.3322343424385966,1
851,804,0.2,0.685,1.0,0.75,0.25,1,0.5569320599019104,0
380,399,0.2,0.94,0.25,0.3333,0.5,1,0.4655023298280393,1
579,921,0.4,0.975,0.0,0.5833,0.25,2,0.35787225860836247,1
570,510,0.2,0.59,0.75,0.8333,0.75,1,0.42636824869805107,0
446,698,0.2,0.88,0.5,0.6667,0.5,1,0.5286980548725009,1
892,800,0.2,0.68,0.5,0.75,0.75,1,0.45040688836688286,0
876,857,0.2,0.565,0.25,0.5833,0.25,1,0.34789876234819916,0
55,490,0.2,0.115,0.75,0.4167,0.5,1,0.41039813893270644,1
101,566,0.4,0.375,0.0,0.6667,0.75,2,0.2586761670099004,0
121,661,0.2,0.615,0.5,0.9167,0.5,1,0.4777730614592795,0
577,834,0.2,0.745,0.75,0.8333,0.25,1,0.5687662226565877,0
377,618,0.2,0.155,1.0,0.5833,1.0,1,0.6019901079475459,0
697,444,0.2,0.085,0.5,0.1667,1.0,1,0.3636806809432274,1
739,494,0.2,0.575,0.75,0.9167,0.5,1,0.46686935560306075,0
883,863,0.2,0.59,0.75,0.5833,0.75,1,0.5202567455841416,1
148,405,0.2,0.965,0.75,0.5833,1.0,1,0.6614138480567201,0
393,942,0.2,0.8,0.5,0.8333,1.0,1,0.5316453031520025,1
389,722,0.2,0.775,1.0,0.3333,0.75,1,0.6289773104013952,0
887,636,0.2,0.855,0.25,0.5,1.0,1,0.5121895448481701,1
610,795,0.2,0.67,0.0,0.5833,0.25,1,0.32472475494597886,1
65,678,0.2,0.66,0.75,0.8333,1.0,1,0.46572200650207773,0
897,94,0.2,0.895,0.25,0.3333,0.75,1,0.44760249958947174,0
734,68,0.2,0.43,0.5,0.9167,1.0,1,0.558590195734622,0
462,369,0.2,0.935,0.25,0.8333,0.25,1,0.37405057442601747,1
512,239,0.2,0.93,0.5,0.8333,0.5,1,0.3791923493684609,0
219,465,0.2,0.855,0.5,0.0833,0.75,1,0.35919491035826256,0
493,831,0.2,0.125,0.0,0.1667,0.0,1,0.14214365406001386,1
277,867,0.4,0.78,0.75,0.3333,0.75,2,0.611322282619419,1
849,483,0.2,0.945,0.25,1.0,0.5,1,0.3509420811893709,0
729,874,0.2,0.59,0.5,0.9167,0.75,1,0.3663576952557299,0
263,935,0.4,0.095,0.5,0.25,0.75,2,0.39973500872057616,0
359,9,0.2,0.755,0.75,0.5,0.75,1,0.5732285364767385,1
776,59,0.2,0.425,1.0,0.75,0.75,1,0.5211080038408383,0
679,765,0.2,0.88,0.25,0.6667,1.0,1,0.47961972923432666,1
504,346,0.2,0.975,1.0,0.9167,0.25,1,0.6634667362073847,0
44,571,0.2,0.49,1.0,0.5833,0.25,1,0.4209107801507317,0
48,269,0.2,0.795,0.75,1.0,0.75,1,0.5159163493724493,1
63,717,0.2,0.965,0.0,0.6667,0.75,1,0.33572971719033873,1
525,674,0.4,0.48,0.5,0.75,0.25,2,0.4400101892045873,0
899,633,0.2,0.41,0.75,0.75,0.75,1,0.5684731923847675,1
456,1000,0.2,0.815,0.0,0.8333,0.0,1,0.2620103470544002,0
450,670,0.2,0.83,0.25,0.25,0.75,1,0.2691219343604018,0
468,448,0.2,0.99,0.75,0.75,0.5,1,0.4615292292378458,0
778,239,0.2,0.74,0.5,0.8333,1.0,1,0.45920857965557976,0
651,607,0.6,0.405,0.25,0.9167,1.0,3,0.6140301171836926,1
997,288,0.2,0.53,0.5,0.5,1.0,1,0.4915291261197871,1
591,105,0.2,0.585,0.5,0.6667,0.75,1,0.3685356001194925,0
170,351,0.2,0.345,0.5,0.75,0.75,1,0.4578183959797094,0
99,761,0.2,0.895,0.5,0.4167,0.75,1,0.35883149595334624,0
665,173,0.2,0.345,0.0,0.6667,0.75,1,0.31695670037875384,0
64,232,0.4,0.855,0.5,1.0,0.25,2,0.6185557184393131,0
907,905,0.4,0.605,0.75,0.4167,1.0,2,0.6044696229910983,1
992,356,0.2,0.625,1.0,0.5,0.25,1,0.5070875124032078,1
883,573,0.2,0.61,0.75,0.75,0.5,1,0.48360354702377806,1
656,5,0.2,0.605,0.75,0.5,0.0,1,0.3956535230122654,1
729,774,0.2,0.935,0.5,0.5,0.5,1,0.5070422034711652,0
321,857,0.2,0.505,0.5,0.5,0.25,1,0.3857713824429641,0
251,482,0.4,0.63,0.0,0.8333,1.0,2,0.4124226016924066,0
651,851,0.2,0.7,0.5,0.6667,0.75,1,0.54111232361746,0
306,494,0.2,0.895,0.75,0.25,0.75,1,0.44370018992260585,0
523,169,0.2,0.515,0.5,0.4167,0.25,1,0.3491947078619939,0
230,189,0.2,0.95,0.75,0.6667,1.0,1,0.4792995309818557,0
651,274,0.2,0.345,1.0,0.5833,0.75,1,0.4326386514366895,1
295,891,0.2,0.48,0.25,0.75,1.0,1,0.32743863718312866,1
287,382,0.2,0.515,1.0,0.5,0.75,1,0.6227151245783462,1
121,377,0.2,0.37,1.0,0.25,1.0,1,0.41684552203736847,0
459,633,0.2,0.415,0.5,0.4167,0.25,1,0.3440382827039628,0
160,830,0.2,0.75,0.75,0.5,0.0,1,0.49493828626005515,1
678,584,0.2,0.915,1.0,0.6667,0.5,1,0.5612370456350854,0
158,508,0.2,0.345,0.0,0.9167,0.5,1,0.17665093572036272,1
976,437,0.4,0.715,1.0,0.3333,0.75,2,0.5660874498255941,1
107,4,0.2,0.75,0.5,0.75,0.75,1,0.4801886896893511,0
703,179,0.2,0.385,1.0,0.75,0.0,1,0.46384727777379203,0
12,15,0.2,0.995,0.0,1.0,0.25,1,0.329930309198848,0
409,875,0.4,0.93,0.75,0.8333,0.75,2,0.7038687401345353,1
887,168,0.2,0.655,0.25,0.75,1.0,1,0.38964706994870046,0
694,461,0.2,0.875,0.5,0.6667,0.75,1,0.4972765564366646,1
64,544,0.2,0.325,0.75,0.6667,1.0,1,0.4253455777365026,0
265,264,0.4,0.845,1.0,0.75,0.5,2,0.7434157297770791,0
969,279,0.2,0.39,0.5,0.3333,0.75,1,0.45130618953034235,0
103,222,0.2,0.44,0.75,0.75,0.5,1,0.37254885153467404,0
945,1000,0.2,0.62,0.5,0.3333,0.5,1,0.40981302688589905,1
509,24,0.4,0.43,0.75,0.9167,0.5,2,0.5111362238254457,0
101,241,0.2,0.385,0.0,0.5,0.25,1,0.23909801824986582,0
277,493,0.2,0.945,0.75,1.0,0.25,1,0.5530900858674777,1
40,361,0.2,0.465,0.25,0.6667,0.25,1,0.33377600957873677,0
944,933,0.2,0.485,0.25,0.5,0.75,1,0.32835622769721395,1
453,460,0.4,0.995,0.25,0.4167,0.75,2,0.4472804992721713,0
412,466,0.2,0.97,1.0,0.4167,0.75,1,0.5270747178180998,1
855,550,0.2,0.725,0.75,0.5,0.5,1,0.5095317833879952,0
423,915,0.2,0.835,1.0,0.9167,1.0,1,0.6330659433778472,1
54,573,0.2,0.89,1.0,1.0,0.75,1,0.7212831347467843,1
957,915,0.2,0.885,0.25,0.75,1.0,1,0.4417998415924883,0
181,152,0.2,0.725,0.75,0.8333,0.25,1,0.5803291330182289,0
690,703,0.2,0.515,0.75,0.4167,1.0,1,0.5693280631675305,1
735,859,0.2,0.31,0.5,0.9167,0.5,1,0.4896313004076759,0
575,506,0.2,0.345,0.75,0.9167,1.0,1,0.5955277059454136,1
757,192,0.2,0.59,0.75,1.0,0.25,1,0.3928668783610007,0
643,990,0.2,0.545,0.5,0.1667,1.0,1,0.5026763413588687,0
538,439,0.2,0.76,0.75,0.75,0.75,1,0.621239979682763,0
523,217,0.2,0.455,1.0,0.9167,0.5,1,0.5722192693983819,1
675,892,0.2,0.45,0.5,1.0,0.5,1,0.337395355733906,1
573,299,0.2,0.54,0.25,0.9167,0.0,1,0.2734834412531439,1
266,135,0.2,0.825,1.0,0.6667,0.5,1,0.4946403684578489,0
185,292,0.2,0.345,0.75,0.75,0.25,1,0.4223936198832684,1
271,695,0.2,0.59,0.5,0.8333,0.5,1,0.5244235658078545,0
74,187,0.4,0.635,0.25,0.5833,0.0,2,0.3547699556347242,0
97,996,0.2,0.7,0.5,0.8333,1.0,1,0.5253313962847972,1
263,269,0.6,0.4,0.0,0.25,1.0,3,0.47863344922033857,0
476,651,0.6,0.315,0.25,0.4167,1.0,3,0.5857375426955963,1
739,21,0.2,0.945,0.75,0.5,0.5,1,0.5369421784910271,0
223,190,0.2,0.675,0.25,0.75,0.75,1,0.3825069522927168,1
673,895,0.2,0.895,0.0,0.5833,1.0,1,0.42517677600474424,0
981,788,0.2,0.895,1.0,0.5,0.75,1,0.5884564693665032,1
452,619,0.2,0.81,0.25,0.3333,0.0,1,0.38225196130322375,0
167,718,0.2,0.24,1.0,0.4167,0.25,1,0.5267746605285519,1
828,151,0.2,0.64,1.0,0.75,1.0,1,0.6494732905100207,1
852,759,0.2,0.725,0.75,0.9167,0.5,1,0.616699711863594,0
230,198,0.2,0.6,0.5,0.9167,0.5,1,0.5289069557690304,1
626,790,0.2,0.96,0.75,0.8333,0.75,1,0.5824402274012209,0
899,476,0.2,0.945,0.25,0.3333,0.0,1,0.22886022487230578,1
922,221,0.2,0.915,1.0,0.4167,0.75,1,0.6613445388745394,0
393,613,0.6,0.805,0.75,0.3333,0.75,3,0.5982187784043023,0
892,948,0.4,0.92,0.25,0.3333,0.75,2,0.5598878049688629,1
863,813,0.2,0.97,0.25,0.9167,0.25,1,0.3816299985699474,1
765,903,0.2,0.325,1.0,0.6667,0.75,1,0.49000265626954836,0
333,457,0.2,0.83,0.5,0.25,0.75,1,0.45001837622048746,0
318,882,0.4,0.79,0.5,0.5,0.0,2,0.4837014206346665,1
829,802,0.2,0.995,1.0,0.5,0.25,1,0.6141078976318863,1
695,589,0.2,0.52,0.75,0.4167,1.0,1,0.5814095120444945,0
197,92,0.2,0.805,0.75,0.6667,1.0,1,0.585526062011798,1
281,285,0.2,0.66,0.5,0.9167,0.25,1,0.48640430708321547,1
826,413,0.4,0.54,0.5,0.9167,0.75,2,0.5783096109746692,0
816,10,0.2,0.87,0.0,0.6667,0.75,1,0.44589594072259164,0
2,190,0.2,0.585,1.0,0.8333,0.5,1,0.5295222735185127,1
712,312,0.2,0.865,0.75,0.75,0.25,1,0.489537582710597,1
22,812,0.2,0.72,0.5,0.9167,1.0,1,0.5551326986410643,0
919,474,0.2,0.615,0.75,0.6667,0.75,1,0.4453655894177563,0
957,590,0.2,0.755,0.25,0.75,1.0,1,0.49136719752750435,1
208,107,0.4,0.835,0.5,0.5833,0.75,2,0.5624644570148823,0
524,225,0.2,0.955,0.0,0.6667,1.0,1,0.2935997769563131,0
413,544,0.2,0.19,0.75,0.8333,0.25,1,0.45249241471724,0
771,853,0.2,0.735,1.0,0.25,0.75,1,0.5213929505178115,0
286,687,0.2,0.32,0.5,0.8333,0.75,1,0.43930500814150364,0
65,374,0.2,0.815,0.5,0.9167,0.5,1,0.39016161498644564,0
727,248,0.2,0.94,1.0,1.0,0.75,1,0.6222414497243598,1
24,27,0.4,0.815,0.5,1.0,0.5,2,0.512403649900413,1
613,269,0.2,0.99,0.0,1.0,0.25,1,0.2654966443925908,0
96,887,0.2,0.825,0.75,0.75,1.0,1,0.6069145992785299,0
865,437,0.4,0.405,1.0,0.25,0.75,2,0.662192912337417,1
106,489,0.4,0.86,0.75,0.5833,0.5,2,0.6366780173745695,0
158,287,0.2,0.21,0.25,1.0,0.5,1,0.4237858772849171,1
7,35,0.2,0.775,0.25,0.5833,0.75,1,0.3381745383589265,1
765,806,0.2,0.815,0.75,0.75,0.5,1,0.51873503521807,1
624,446,0.2,0.765,0.5,0.9167,0.25,1,0.37203466153439246,1
989,864,0.2,0.5,0.25,0.6667,0.0,1,0.2534172277042941,0
217,186,0.2,0.17,0.75,0.6667,0.25,1,0.48375085072472224,1
882,830,0.2,0.995,0.75,0.75,1.0,1,0.5724531083589873,1
336,592,0.4,0.295,0.5,0.25,0.0,2,0.3154387795483082,0
632,675,0.2,0.98,0.5,0.9167,0.75,1,0.567377402289525,0
536,649,0.4,0.435,0.75,0.3333,0.25,2,0.37191672421751787,1
664,879,0.2,0.86,0.5,0.6667,1.0,1,0.46844420860124836,1
221,625,0.2,0.74,1.0,0.25,0.25,1,0.4899943135413726,1
495,811,0.2,0.46,0.5,0.4167,0.25,1,0.3558909920970321,0
966,448,0.2,0.7,0.75,0.3333,0.5,1,0.38898609924749705,1
531,175,0.2,0.82,1.0,0.5833,0.5,1,0.5839500713102755,1
356,535,0.4,0.98,0.75,0.9167,0.5,2,0.6243070943017273,1
194,889,0.2,0.95,0.25,0.25,1.0,1,0.4565082924800429,1
656,370,0.4,0.75,0.25,0.25,0.0,2,0.43378675119078136,0
390,20,0.4,0.425,0.25,0.5833,0.75,2,0.424295319067966,1
87,379,0.2,0.135,0.25,0.0833,0.75,1,0.18567327317791327,1
92,243,0.2,0.575,0.75,0.6667,0.5,1,0.567869237763257,0
538,32,0.2,0.585,0.25,0.8333,0.5,1,0.4359250061809851,0
958,598,0.2,0.87,0.5,0.5833,0.0,1,0.4039813307371782,0
818,181,0.2,0.92,0.75,1.0,0.5,1,0.5963909337968158,0
627,400,0.4,0.835,0.75,0.5,0.75,2,0.6579603990728259,1
661,499,0.2,0.385,0.75,0.9167,0.75,1,0.550340054256419,1
157,13,0.2,0.965,0.75,0.4167,0.25,1,0.48725044791922456,0
459,77,0.2,0.835,0.75,1.0,0.25,1,0.5295501798954257,0
387,16,0.2,0.515,0.5,0.8333,0.25,1,0.35180577889862147,1
694,990,0.2,1.0,0.75,0.5,1.0,1,0.6561488162702734,0
32,538,0.2,0.585,0.25,0.8333,0.5,1,0.27729794356668314,0
268,801,0.2,0.46,0.75,0.4167,1.0,1,0.5321445692491459,1
204,178,0.2,0.905,0.0,0.6667,0.25,1,0.29372671778154846,0
230,795,0.2,0.785,0.5,0.5,0.0,1,0.46129842941858856,0
171,613,0.2,0.95,0.75,0.9167,0.0,1,0.4199692156049621,0
137,74,0.2,0.71,1.0,0.4167,0.75,1,0.5510342560956246,1
806,770,0.2,0.69,1.0,0.4167,1.0,1,0.47856227960768344,1
877,323,0.2,0.38,0.75,0.75,0.25,1,0.429676562882131,0
425,224,0.2,0.585,0.75,1.0,0.25,1,0.38511121156369965,1
134,887,0.2,0.6,0.75,0.6667,0.0,1,0.4148755559269555,0
460,978,0.2,0.55,0.5,0.75,0.5,1,0.3188977795491025,1
887,722,0.2,0.505,0.75,0.6667,0.25,1,0.38216409999841594,0
161,38,0.2,0.755,1.0,0.5833,0.5,1,0.5781337228330842,1
854,591,0.2,0.16,0.75,0.8333,0.5,1,0.3792511795596273,0
207,347,0.2,0.605,0.5,0.5,1.0,1,0.4591626329895351,0
677,530,0.2,0.115,0.75,0.8333,1.0,1,0.5592675977407165,1
285,206,0.2,0.125,0.5,0.4167,0.25,1,0.23467700695069416,1
318,441,0.2,0.405,0.75,0.75,1.0,1,0.5071530182975057,0
275,401,0.2,0.785,0.0,0.75,0.5,1,0.29529459262704727,0
295,659,0.2,0.86,0.75,0.5833,1.0,1,0.4870973202434993,1
416,762,0.2,0.5,0.5,1.0,1.0,1,0.3831646308944736,0
485,650,0.2,0.635,0.5,0.9167,0.5,1,0.4127838978040419,1
411,97,0.2,0.955,0.0,0.75,0.75,1,0.45032942484535643,0
678,149,0.4,0.865,0.5,0.6667,1.0,2,0.616147878328224,0
762,892,0.2,0.875,0.75,0.25,0.25,1,0.4760416727633752,0
804,980,0.2,0.955,1.0,0.25,1.0,1,0.5311835376771659,1
882,765,0.2,0.81,1.0,0.9167,0.75,1,0.6119730691668356,0
482,201,0.2,0.76,0.75,0.9167,0.75,1,0.6429464148043622,1
423,645,0.2,0.955,0.0,0.8333,0.5,1,0.2751472045320587,0
43,155,0.2,0.64,0.5,0.5,1.0,1,0.518207800147102,1
61,804,0.2,0.44,1.0,0.4167,0.0,1,0.42324840140574294,1
191,192,0.2,0.25,0.5,0.8333,1.0,1,0.43502791762257353,0
355,307,0.2,0.935,0.25,0.4167,0.25,1,0.4346410299212693,0
790,563,0.4,0.78,0.0,0.4167,0.25,2,0.2973024077166132,1
983,782,0.4,0.93,0.75,0.5,0.75,2,0.689858716177968,1
976,112,0.2,0.9,0.75,0.5833,1.0,1,0.48815358993915686,1
739,419,0.2,0.72,0.5,0.25,0.5,1,0.45534361490970254,0
763,697,0.2,0.695,0.75,0.8333,0.5,1,0.4206316723525095,0
814,849,0.4,0.85,1.0,1.0,0.75,2,0.8054898300373443,1
860,577,0.2,0.74,0.5,0.75,0.5,1,0.4993311227774435,0
191,543,0.2,0.54,0.0,0.0833,0.75,1,0.3155799472575751,0
790,903,0.2,0.605,0.75,0.8333,1.0,1,0.4501211740097419,0
501,225,0.2,0.52,1.0,0.4167,0.5,1,0.5775819253381638,0
832,55,0.2,0.97,0.75,0.75,0.25,1,0.4583994044095464,0
713,706,0.2,0.85,0.75,0.8333,0.5,1,0.6025278258865581,1
301,995,0.2,0.895,0.0,0.9167,0.0,1,0.3881796948735644,1
649,326,0.2,0.615,0.5,0.1667,0.75,1,0.43794210205940187,1
623,323,0.2,0.245,0.75,0.75,0.5,1,0.4491427505533342,0
915,460,0.2,0.835,0.75,0.25,0.75,1,0.4721851570581844,0
799,520,0.4,0.845,0.75,0.6667,0.5,2,0.579711566170231,0
106,483,0.2,0.92,0.75,0.5833,0.5,1,0.572317965177646,1
275,191,0.2,0.45,1.0,0.3333,0.75,1,0.5789696037902584,1
257,747,0.2,0.98,0.75,0.6667,0.0,1,0.5134868310746861,1
845,988,0.2,0.98,0.0,0.1667,0.25,1,0.23339459127268228,0
892,313,0.4,0.295,1.0,0.6667,0.75,2,0.5863328773550887,0
485,653,0.4,0.655,1.0,0.4167,1.0,2,0.695150549601963,1
128,306,0.4,0.58,0.5,0.75,0.5,2,0.5064015742359992,1
912,107,0.2,0.76,0.75,0.9167,1.0,1,0.5540901782547271,0
971,412,0.4,0.595,0.75,0.75,1.0,2,0.6730358127290034,1
223,783,0.4,0.905,0.5,1.0,0.25,2,0.6074218999056972,0
933,137,0.2,0.74,0.25,0.9167,0.5,1,0.4477928176827792,0
998,417,0.2,0.41,0.75,0.4167,0.75,1,0.45666661709351875,1
716,166,0.2,0.33,0.5,0.4167,0.25,1,0.34829973130849334,0
213,675,0.2,0.9,0.5,0.9167,1.0,1,0.5475978917095112,1
53,668,0.2,0.155,0.25,0.8333,1.0,1,0.2967843721740709,0
15,484,0.2,0.72,1.0,1.0,0.75,1,0.5449728365743716,0
428,493,0.2,0.36,1.0,0.25,0.5,1,0.4664053631343504,1
523,686,0.2,0.72,0.5,0.8333,0.5,1,0.39499937465105883,0
989,984,0.2,0.595,1.0,0.8333,1.0,1,0.6611369831488079,0
256,608,0.2,0.08,0.0,0.5,0.0,1,0.1053403513507342,0
970,990,0.2,0.74,0.5,0.75,1.0,1,0.5462565174912432,1
696,88,0.2,0.915,0.0,0.3333,0.75,1,0.2937120897218809,0
155,575,0.2,0.425,0.75,0.9167,0.75,1,0.5753952095272074,1
460,558,0.2,0.945,0.25,1.0,0.5,1,0.4635580627548107,0
227,823,0.2,0.755,1.0,0.5833,0.75,1,0.6368068667965144,0
418,26,0.2,0.985,0.5,0.8333,0.5,1,0.5267794572520478,0
418,571,0.2,0.19,0.5,0.6667,0.75,1,0.38897220928760223,0
488,760,0.2,0.25,0.5,0.4167,1.0,1,0.45103036710857153,1
464,494,0.2,0.525,0.75,0.8333,0.75,1,0.547475100259732,0
274,333,0.2,0.74,0.5,0.5,0.5,1,0.31686932358505593,0
64,160,0.2,0.31,0.25,0.5833,0.0,1,0.17143846052481881,0
560,935,0.2,0.22,0.5,0.3333,0.75,1,0.26065488398721615,0
240,449,0.2,0.585,0.0,0.8333,0.75,1,0.37023369542097273,1
626,914,0.2,0.835,0.75,0.5833,0.75,1,0.5904772807361529,0
327,880,0.2,0.985,1.0,0.6667,0.75,1,0.5434446817695793,1
743,765,0.2,0.57,0.75,1.0,0.75,1,0.5284876661404643,0
298,186,0.2,0.57,1.0,0.6667,0.75,1,0.5289631433048532,1
534,388,0.2,0.55,0.25,0.6667,0.75,1,0.30910766312986876,1
12,702,0.2,0.61,0.5,0.9167,0.75,1,0.544487495802501,1
4,804,0.2,0.84,0.25,0.6667,1.0,1,0.40334625223740095,1
586,415,0.2,0.96,0.25,0.5,1.0,1,0.337825896052735,1
199,82,0.4,0.36,1.0,0.75,0.0,2,0.5271010493315256,1
169,301,0.2,0.835,0.75,0.3333,1.0,1,0.48445423010709754,1
94,523,0.2,0.73,1.0,0.9167,1.0,1,0.5480943533810254,1
560,722,0.4,0.255,0.0,1.0,0.5,2,0.40452880968890104,0
478,776,0.4,0.875,0.75,0.75,0.25,2,0.5427944271527654,0
297,655,0.2,0.93,0.75,0.9167,0.25,1,0.42760020688438877,1
622,626,0.2,0.815,0.75,0.5,1.0,1,0.5590634204008504,0
397,801,0.2,0.825,0.5,1.0,0.75,1,0.5741390470454091,0
497,135,0.2,0.5,0.5,0.75,0.5,1,0.4927073515199741,1
892,616,0.2,0.68,0.0,0.6667,0.75,1,0.3002760925713778,1
343,271,0.2,0.69,0.5,0.5,0.0,1,0.3925031966923359,0
640,905,0.2,0.445,0.5,0.9167,0.25,1,0.42596993420516016,0
209,574,0.2,0.375,0.0,0.3333,0.25,1,0.2797330458580932,0
277,785,0.2,0.945,1.0,0.5,0.25,1,0.5559302530302204,1
785,491,0.2,0.96,1.0,0.6667,0.5,1,0.5943134209702556,1
625,55,0.4,0.33,0.75,0.5,0.75,2,0.5593997409365352,0
267,478,0.2,0.505,0.5,0.5833,0.25,1,0.3198474842868114,0
665,168,0.2,0.93,0.0,0.9167,1.0,1,0.4210914516211356,1
245,460,0.2,0.965,0.5,0.8333,0.75,1,0.5173076605491937,0
536,973,0.2,0.28,0.5,0.5,0.75,1,0.39166601253943334,0
668,663,0.2,0.505,0.0,0.9167,0.75,1,0.29683567113241655,0
859,822,0.2,0.875,1.0,0.25,1.0,1,0.6063760710178656,1
520,168,0.4,0.62,0.5,0.9167,0.75,2,0.5511970707147594,0
296,649,0.2,0.305,0.75,0.0833,0.25,1,0.31755897589115334,0
614,41,0.2,0.435,1.0,0.0833,0.25,1,0.3362495500722332,1
248,232,0.4,0.94,0.5,0.8333,0.75,2,0.5321345982554034,1
685,968,0.2,0.92,0.75,0.6667,0.25,1,0.43221945022498603,0
371,289,0.2,0.47,1.0,0.1667,0.75,1,0.47806765838946186,1
820,64,0.2,0.595,0.75,0.3333,0.5,1,0.38415630080110386,0
342,868,0.2,0.94,1.0,0.0833,1.0,1,0.49392678745994517,0
753,325,0.2,0.535,0.5,0.75,0.75,1,0.3389412357424259,0
992,142,0.2,0.53,0.75,0.9167,1.0,1,0.5726453199524231,1
360,80,0.4,0.795,1.0,0.75,0.5,2,0.5804779854110724,1
643,661,0.2,0.475,1.0,0.0833,0.75,1,0.4707314182517671,1
234,990,0.2,0.565,1.0,0.25,0.5,1,0.54251450752606,0
854,777,0.2,0.925,0.75,1.0,0.25,1,0.45679248801924266,1
650,749,0.4,0.92,0.25,0.5833,0.75,2,0.5465440611893687,1
146,26,0.4,0.925,1.0,0.75,0.75,2,0.7774712749284877,1
788,727,0.2,0.965,0.75,0.9167,1.0,1,0.5774581494564706,1
454,560,0.2,0.89,1.0,0.3333,1.0,1,0.6351185235840681,0
617,595,0.2,0.975,0.75,0.8333,1.0,1,0.6516559831209262,1
656,479,0.2,0.76,0.25,0.8333,1.0,1,0.3405388480829567,1
458,366,0.2,0.67,0.75,0.25,0.75,1,0.47208141084313215,0
594,566,0.2,0.105,0.25,0.3333,0.25,1,0.2907169382021789,0
259,410,0.2,0.755,0.75,0.4167,0.75,1,0.556049938802445,0
645,814,0.2,0.815,0.75,0.8333,1.0,1,0.5241600522933809,0
242,651,0.2,0.305,0.5,0.9167,0.0,1,0.2626683483763893,0
70,186,0.2,0.195,0.75,0.5833,1.0,1,0.366664907408491,1
932,185,0.2,0.81,1.0,0.4167,0.25,1,0.5402548004238755,0
402,426,0.2,0.15,0.0,0.5,1.0,1,0.2849574491684077,1
355,188,0.2,0.59,0.5,0.9167,1.0,1,0.4737635222233108,1
725,26,0.2,0.7,1.0,0.8333,0.75,1,0.6020716086315587,1
702,923,0.2,0.69,1.0,0.3333,0.5,1,0.5958387070493056,0
958,48,0.2,0.405,1.0,0.6667,0.0,1,0.36930298588860383,0
387,25,0.2,0.515,0.5,0.75,0.5,1,0.46781969061011763,1
40,390,0.2,0.99,0.75,0.75,0.5,1,0.450648844287884,1
930,465,0.6,0.785,0.5,0.3333,0.25,3,0.54675269404476,0
826,623,0.4,0.645,1.0,0.6667,0.25,2,0.5035049251505475,0
852,546,0.2,0.885,0.5,0.1667,0.75,1,0.4734188181687702,0
672,98,0.2,0.79,0.0,0.6667,0.5,1,0.3063900362398524,0
278,477,0.4,0.955,0.5,0.6667,0.5,2,0.572463556496345,0
409,644,0.2,1.0,0.5,1.0,1.0,1,0.5472336278418961,0
86,854,0.2,0.3,0.5,0.5,0.25,1,0.41956395062912905,0
208,832,0.2,0.575,0.5,0.75,0.5,1,0.45803042825433404,0
107,483,0.4,0.765,0.5,0.3333,1.0,2,0.6038347065892778,1
708,528,0.4,0.47,0.25,0.5833,0.75,2,0.46902623969381807,0
62,408,0.6,0.755,0.75,0.1667,0.75,3,0.7287345692923061,1
456,110,0.2,0.71,0.5,0.75,0.75,1,0.5019735764930682,0
894,465,0.2,0.615,0.75,0.9167,1.0,1,0.6512680400675064,0
319,438,0.2,0.65,1.0,1.0,0.5,1,0.5873511957664366,1
398,642,0.2,0.9,0.25,0.8333,1.0,1,0.5409321805193221,1
836,594,0.2,0.98,0.75,0.5833,0.0,1,0.5095271626465001,0
710,956,0.2,0.845,0.75,0.9167,0.75,1,0.5653802848571158,1
267,97,0.2,0.665,0.25,0.75,0.75,1,0.43301639924109636,0
737,973,0.2,0.665,1.0,0.3333,0.0,1,0.4907585271946313,0
403,413,0.2,0.695,0.75,0.6667,0.5,1,0.43300820114426697,1
818,340,0.4,0.795,1.0,0.0,0.5,2,0.6672660775222499,1
473,107,0.6,0.7,0.75,0.5,0.25,3,0.5570073622041446,0
363,825,0.2,0.47,0.25,0.4167,0.25,1,0.3565926170176582,1
48,508,0.2,0.455,0.25,0.9167,0.5,1,0.3595749769834057,1
181,653,0.2,0.95,0.75,0.25,0.0,1,0.5184619818235787,0
294,846,0.2,0.345,0.5,0.5833,0.75,1,0.48077456577818667,0
103,300,0.2,0.63,0.75,0.5833,0.75,1,0.5300465655730302,1
9,691,0.2,0.975,0.5,0.3333,0.5,1,0.3543904100445935,0
617,5,0.2,0.425,0.25,0.4167,0.75,1,0.3895329359463507,1
673,197,0.2,0.825,0.0,0.6667,1.0,1,0.27617916289289596,0
258,330,0.2,0.82,0.75,0.8333,0.75,1,0.4741795824656296,1
254,1,0.2,0.39,0.25,1.0,0.5,1,0.2510924279275235,0
887,537,0.4,0.73,0.75,0.8333,1.0,2,0.6875626956377363,1
73,63,0.2,0.575,0.25,0.5833,0.75,1,0.45908922050879003,0
725,605,0.2,0.63,0.5,0.75,0.25,1,0.39297540494570393,0
357,872,0.2,0.65,0.75,0.9167,0.75,1,0.6272451667869392,1
918,653,0.4,0.385,0.5,0.6667,1.0,2,0.5734269954702386,1
91,55,0.2,0.235,0.5,0.5833,0.25,1,0.3454550225615436,0
664,529,0.2,0.98,0.5,0.8333,1.0,1,0.5985382411780645,1
879,844,0.2,0.675,0.75,0.9167,0.25,1,0.5724181864239593,1
521,630,0.4,0.74,0.75,1.0,0.75,2,0.6699458422818714,0
862,46,0.4,0.725,0.0,0.3333,0.75,2,0.39234340226642794,1
22,849,0.2,0.94,0.75,0.9167,0.75,1,0.4863309511933439,0
885,216,0.2,0.405,1.0,0.5833,0.0,1,0.5419644075839128,0
114,131,0.2,0.245,0.5,0.25,0.25,1,0.3478294550345301,0
710,41,0.2,0.565,0.5,1.0,0.25,1,0.39337929537337224,0
926,143,0.2,0.565,0.25,1.0,0.25,1,0.3139030458545853,1
703,545,0.2,0.355,0.75,0.9167,0.25,1,0.3799450252087423,0
618,31,0.2,0.965,0.25,0.5,1.0,1,0.5261944449811764,1
59,38,0.2,0.59,0.5,0.5833,0.5,1,0.4450533552497523,0
794,138,0.2,0.915,0.75,0.0,0.25,1,0.338862017866905,1
353,468,0.2,0.79,1.0,0.8333,0.75,1,0.5566684762030819,0
192,954,0.2,0.475,1.0,1.0,0.75,1,0.5765000144376953,1
980,437,0.2,0.34,0.75,0.25,0.5,1,0.4459409970410395,1
268,415,0.2,0.47,0.0,0.5,0.5,1,0.27871488121899857,0
109,874,0.2,0.24,1.0,0.8333,0.5,1,0.41246433277990713,1
253,906,0.2,0.67,0.75,0.9167,0.75,1,0.6208795648760898,1
79,631,0.4,0.89,0.75,0.8333,0.75,2,0.6728766438748606,1
533,6,0.4,0.495,0.75,0.5,0.75,2,0.6189007386981615,0
199,389,0.2,0.885,0.75,0.5,0.0,1,0.3605703949776615,1
340,619,0.2,0.555,1.0,1.0,1.0,1,0.544300083694591,1
588,789,0.2,0.875,0.75,1.0,0.75,1,0.5280108178709878,1
530,547,0.2,0.44,1.0,0.8333,0.5,1,0.5457905948511281,0
401,648,0.2,0.63,0.25,0.6667,0.5,1,0.4011317646495721,0
537,691,0.2,0.555,1.0,0.9167,0.0,1,0.4160726944334312,1
329,199,0.2,0.61,0.5,1.0,1.0,1,0.5291503352296152,1
345,637,0.2,0.485,0.5,0.5833,0.25,1,0.3345504457785968,0
434,587,0.2,0.485,0.5,0.75,0.5,1,0.3669493379210379,0
861,97,0.2,0.86,0.5,0.8333,1.0,1,0.5454067115512043,1
801,533,0.2,0.8,0.5,0.6667,0.5,1,0.4806547512391015,1
735,177,0.2,0.605,1.0,0.25,0.5,1,0.43611414649552266,0
785,393,0.2,0.82,1.0,0.5833,0.25,1,0.6350933573698093,0
341,106,0.2,0.655,1.0,0.4167,0.75,1,0.6270001746596474,1
762,77,0.2,0.73,0.5,0.25,0.75,1,0.32339434361799213,0
654,184,0.2,0.69,1.0,0.4167,1.0,1,0.5936536697648352,1
966,508,0.2,0.62,0.75,0.6667,0.75,1,0.4097158911233106,1
155,97,0.2,0.935,0.25,0.5833,0.5,1,0.3630773261968695,0
234,970,0.2,0.825,0.5,0.5,0.5,1,0.3989507842875465,0
270,748,0.2,0.845,1.0,0.1667,0.5,1,0.5723082478986445,0
549,373,0.2,0.73,0.0,1.0,0.75,1,0.29839444558092953,1
146,842,0.2,0.8,0.5,0.25,1.0,1,0.4944845050449551,1
263,37,0.2,0.975,0.0,1.0,0.75,1,0.4795664446347307,0
956,369,0.2,0.805,0.5,1.0,0.75,1,0.561303286691412,0
79,985,0.2,0.725,0.5,0.5833,1.0,1,0.3952648269602843,1
225,343,0.2,0.92,0.5,0.75,0.5,1,0.4411966256350616,1
215,628,0.2,0.87,0.0,0.9167,0.75,1,0.38993596155451327,0
416,645,0.6,0.93,0.75,0.8333,0.0,3,0.6279927212777274,1
931,380,0.4,0.92,1.0,0.4167,0.5,2,0.5449152506163566,1
342,423,0.2,0.795,0.0,0.1667,0.75,1,0.3268015369587749,0
889,605,0.2,0.825,0.75,0.5,1.0,1,0.540617415704349,0
297,187,0.4,0.59,0.25,0.8333,0.75,2,0.3777561734069251,1
63,409,0.2,0.99,0.25,0.8333,1.0,1,0.42214568749278863,1
857,158,0.2,0.12,1.0,0.5833,0.25,1,0.44084740801020805,1
338,306,0.2,0.545,0.75,0.0,0.25,1,0.3015229354286829,1
176,558,0.2,0.675,0.75,0.9167,0.75,1,0.5672788013530952,1
341,63,0.2,0.59,0.25,0.4167,1.0,1,0.4008087382537896,0
732,955,0.4,0.12,0.75,0.75,0.5,2,0.43716703095384035,1
166,619,0.2,0.88,0.75,0.25,0.0,1,0.3890428239899537,1
772,990,0.2,0.77,0.5,1.0,0.75,1,0.5751490980095031,0
41,612,0.2,0.45,0.25,0.1667,0.75,1,0.21242075774209374,0
932,125,0.2,0.85,1.0,0.4167,0.5,1,0.5934341928339194,1
432,71,0.2,0.535,0.0,0.6667,0.25,1,0.2498966260771257,0
299,329,0.4,0.48,0.5,0.5,0.0,2,0.4693304197165634,0
308,199,0.4,0.595,0.75,0.9167,1.0,2,0.7176889041829859,1
191,165,0.2,0.825,1.0,0.0833,1.0,1,0.6513086546976544,0
168,223,0.2,0.465,0.75,1.0,0.25,1,0.42982027000395595,0
77,176,0.4,0.695,1.0,0.8333,0.75,2,0.634879892810574,0
159,258,0.2,0.97,0.25,0.8333,0.75,1,0.5085244701219813,1
844,661,0.2,0.84,0.5,0.6667,0.75,1,0.486129942073399,0
896,715,0.2,0.715,0.0,0.3333,0.75,1,0.3244026713962149,1
989,629,0.4,0.74,0.25,1.0,0.5,2,0.5218134710627372,1
286,116,0.4,0.25,1.0,0.9167,0.5,2,0.5596529244660509,1
745,907,0.2,0.36,0.5,0.8333,0.75,1,0.5031663328335221,1
733,535,0.2,0.705,0.75,0.75,0.75,1,0.512605958265758,0
829,931,0.2,0.765,0.25,0.8333,0.25,1,0.36097996702836527,1
292,478,0.2,0.225,0.5,0.5833,0.25,1,0.3658991050739683,0
662,390,0.2,0.67,0.0,0.75,0.75,1,0.4043878002212312,1
140,681,0.2,0.62,0.5,0.0,0.75,1,0.4406760511687388,0
64,914,0.2,0.85,0.5,0.3333,0.5,1,0.46591687954283867,1
311,74,0.2,0.725,0.25,0.4167,0.5,1,0.2714869392687391,0
520,27,0.2,0.61,0.5,0.9167,0.75,1,0.5203603476824805,0
37,255,0.2,0.44,0.25,0.5,1.0,1,0.29857579300447673,0
296,863,0.2,0.65,0.5,0.25,0.5,1,0.43063522119061526,0
303,226,0.2,0.865,1.0,0.6667,0.5,1,0.536094310488219,1
73,354,0.2,0.105,0.75,0.3333,0.25,1,0.27145142784838416,0
667,933,0.2,0.855,0.75,0.6667,0.75,1,0.44345253784641037,0
992,971,0.2,0.64,0.75,0.75,0.5,1,0.4041059604099992,0
537,82,0.2,0.985,0.75,0.75,0.0,1,0.5371581983563202,0
112,139,0.2,0.705,0.75,0.5,1.0,1,0.48211511057547124,0
287,263,0.2,0.875,0.75,0.4167,0.75,1,0.5322545184170855,0
58,910,0.2,0.17,1.0,0.6667,0.75,1,0.45015002822041295,1
212,77,0.2,0.88,0.25,0.4167,0.75,1,0.2970143096290749,0
535,526,0.2,0.315,0.75,0.9167,0.75,1,0.4725618729270016,1
119,274,0.2,0.685,0.75,0.75,0.75,1,0.44345314238202427,0
74,341,0.2,0.14,0.75,0.0833,0.5,1,0.32745754127535165,0
798,236,0.6,0.955,0.0,0.5,0.25,3,0.46622661004704447,1
126,121,0.2,0.275,0.75,0.3333,1.0,1,0.35793453734876984,0
261,977,0.2,0.99,0.25,0.9167,1.0,1,0.522172399970987,1
970,326,0.4,0.7,1.0,0.75,0.75,2,0.6345525962344571,1
949,21,0.6,0.455,1.0,0.6667,0.75,3,0.7096787220632441,1
326,785,0.2,0.845,1.0,0.6667,0.75,1,0.6874713110611378,0
77,854,0.2,0.55,0.75,0.1667,0.5,1,0.49095952245530633,0
723,858,0.2,0.7,0.25,1.0,0.25,1,0.32627801771848325,1
480,152,0.2,0.605,0.5,0.8333,0.5,1,0.49291867304189463,1
510,633,0.2,0.625,0.5,0.5833,0.75,1,0.4354109507870369,0
4,523,0.2,0.735,0.75,0.8333,0.25,1,0.5243131608098262,1
86,734,0.2,0.215,0.5,0.9167,0.5,1,0.4178430815488666,0
155,604,0.2,0.705,1.0,0.5833,0.75,1,0.6313887048041246,1
144,391,0.2,0.17,0.75,0.8333,0.75,1,0.480212327441358,0
988,21,0.2,0.925,0.0,0.4167,0.75,1,0.3463553635771104,1
688,969,0.2,0.66,1.0,0.25,1.0,1,0.6538819596730723,1
496,222,0.2,0.775,0.5,0.5,0.5,1,0.4727319657981231,1
224,836,0.2,0.575,0.75,0.4167,0.75,1,0.48706299010563986,0
355,46,0.2,0.22,0.25,0.6667,1.0,1,0.3203956698474937,0
370,50,0.2,0.62,0.0,0.0833,0.5,1,0.2696982291354258,0
380,913,0.2,0.97,0.75,0.5833,0.75,1,0.5325460428287487,1
865,130,0.2,0.415,0.75,0.4167,1.0,1,0.423669858098004,1
599,625,0.4,0.795,0.75,0.9167,0.75,2,0.7271547531949115,1
461,454,0.6,0.73,1.0,0.75,0.5,3,0.6803166467599446,0
713,96,0.2,0.555,0.75,0.5,1.0,1,0.5955666506274042,0
446,450,0.2,0.585,0.75,0.4167,0.75,1,0.4384880816342677,1
846,506,0.2,0.96,0.75,0.4167,1.0,1,0.5209681386209813,0
839,457,0.2,0.52,0.25,0.25,0.75,1,0.2913831632802253,0
636,330,0.2,0.97,0.75,0.5833,0.25,1,0.40681744129566577,0
844,573,0.2,0.93,0.75,0.75,0.0,1,0.46073249506321323,0
970,598,0.2,0.41,1.0,0.5833,0.5,1,0.41160757563130346,0
814,333,0.2,0.95,0.5,0.9167,0.25,1,0.5526698307749792,0
678,716,0.6,0.745,0.5,1.0,0.5,3,0.7229458333531905,1
509,2,0.2,0.57,0.75,0.8333,0.5,1,0.4899540832576955,1
650,147,0.2,0.215,0.0,0.3333,0.75,1,0.28102065187191516,1
612,702,0.2,0.43,0.5,0.8333,0.5,1,0.42573358100025005,0
356,501,0.4,0.42,0.75,0.4167,0.75,2,0.5680287955240241,1
411,409,0.2,0.63,0.25,0.9167,0.75,1,0.3205435229410334,1
296,763,0.2,0.43,0.75,0.8333,1.0,1,0.5496087335903821,0
554,520,0.2,0.905,0.75,0.8333,0.5,1,0.5982402918516234,0
197,685,0.2,0.89,0.75,0.75,0.75,1,0.5679981650259924,0
804,655,0.2,0.415,1.0,0.5,0.0,1,0.40299570015618347,1
17,14,0.2,0.75,0.5,0.5,0.75,1,0.3741895772300822,0
960,816,0.2,0.935,0.25,0.3333,0.25,1,0.3094584591511933,0
379,868,0.2,0.975,0.25,0.1667,0.5,1,0.3397288349111872,0
257,720,0.2,0.31,0.5,0.25,0.0,1,0.304223571533786,1
740,302,0.2,0.53,1.0,0.5833,0.5,1,0.5430313643633551,1
239,903,0.2,0.995,1.0,0.5,0.75,1,0.6191022564031703,1
231,188,0.2,0.865,1.0,0.6667,0.75,1,0.6388863182435827,0
107,633,0.2,0.835,0.5,0.5,1.0,1,0.3887394847809207,1
284,829,0.2,0.965,0.75,0.25,0.75,1,0.475995756552278,1
729,822,0.2,0.62,0.5,0.5,0.75,1,0.3341004910517984,0
87,365,0.2,0.275,0.75,0.75,0.5,1,0.4866461760226325,1
713,461,0.2,0.82,0.75,0.1667,0.25,1,0.4684079571224528,0
267,892,0.2,0.85,0.25,0.9167,0.5,1,0.4941524830755816,1
63,846,0.2,0.61,0.5,0.8333,0.75,1,0.5005119543066199,1
524,810,0.4,0.345,0.75,0.5,0.75,2,0.4647012314571817,0
839,365,0.2,0.97,0.25,0.8333,0.25,1,0.45585705713070235,0
691,845,0.4,0.89,0.5,0.9167,0.0,2,0.461861573878938,1
313,599,0.2,0.95,0.75,0.75,0.75,1,0.586779018295776,1
460,370,0.4,0.37,0.25,0.8333,0.25,2,0.410364950670646,1
409,673,0.2,0.915,0.25,1.0,1.0,1,0.439429737133354,0
340,264,0.2,0.755,0.5,0.0,1.0,1,0.4953379600345591,1
408,367,0.2,0.895,0.75,0.5,0.5,1,0.502615438396214,0
395,792,0.2,0.34,0.5,0.9167,1.0,1,0.4859167715051746,0
340,927,0.2,0.725,1.0,0.8333,0.75,1,0.6416188617318046,0
894,868,0.2,0.79,0.75,0.9167,0.5,1,0.4630178741692381,1
160,631,0.2,0.245,0.75,0.5,0.0,1,0.4336498047641768,0
742,912,0.2,0.735,0.25,0.4167,0.75,1,0.3949873909486812,0
919,861,0.2,0.445,0.75,0.5833,0.25,1,0.3685683045227755,0
299,21,0.2,0.825,0.25,0.5833,0.5,1,0.4143196708127974,0
583,708,0.2,0.93,0.0,0.8333,0.75,1,0.44652595515335747,1
636,194,0.2,0.815,0.75,0.9167,0.75,1,0.5148828295279522,1
132,293,0.2,0.68,0.25,0.5,0.75,1,0.3651664902453203,0
321,250,0.2,0.545,0.5,0.9167,0.0,1,0.38912733397669,1
462,336,0.2,0.78,0.75,1.0,0.25,1,0.5633532701966512,0
775,460,0.4,0.755,0.5,0.4167,0.75,2,0.5091651999221418,1
379,566,0.4,0.135,0.75,0.25,1.0,2,0.4319853403368748,1
937,885,0.2,0.91,0.75,0.5,0.0,1,0.39259486994982146,0
144,775,0.2,0.25,0.25,0.9167,0.75,1,0.2619438065862357,0
122,97,0.4,0.825,0.0,0.6667,0.25,2,0.30310089313961835,1
974,800,0.2,0.595,0.75,0.5,0.75,1,0.5172632609255494,1
306,502,0.2,0.95,0.75,0.4167,0.25,1,0.5735221109607989,1
40,318,0.2,0.175,1.0,0.5,0.75,1,0.5267286985619696,0
824,718,0.2,0.565,0.75,0.9167,0.5,1,0.547678126796137,1
201,191,0.2,0.74,0.25,0.0833,0.5,1,0.23230125508690946,0
123,932,0.2,0.92,0.75,1.0,0.25,1,0.6276505319238196,1
978,717,0.2,0.595,0.25,0.6667,1.0,1,0.41221657257919375,1
378,588,0.2,0.795,0.25,0.25,0.75,1,0.3222758055657644,0
845,533,0.2,0.98,0.25,0.5833,1.0,1,0.3505484309175829,0
222,760,0.2,0.575,0.75,0.75,0.75,1,0.4870206287772127,0
130,61,0.2,0.955,1.0,0.5833,0.75,1,0.5071765141210738,0
611,508,0.2,0.94,0.5,0.75,0.5,1,0.3796423713933358,0
167,735,0.2,0.295,0.5,0.25,0.5,1,0.28081292145191067,0
914,784,0.2,0.685,0.5,0.4167,0.75,1,0.4521448440573116,1
210,379,0.4,0.64,0.75,1.0,0.75,2,0.5583051583272314,1
640,889,0.2,0.705,0.25,0.3333,0.5,1,0.3672011423635092,1
553,849,0.2,0.58,0.25,0.9167,0.5,1,0.3980552328128478,0
197,490,0.2,0.405,0.5,0.75,0.75,1,0.3204914186810757,0
314,532,0.2,0.93,0.25,0.8333,0.5,1,0.3862850398666445,0
947,281,0.2,0.77,1.0,1.0,0.5,1,0.4983515284052791,1
112,742,0.2,0.675,0.75,0.8333,0.75,1,0.5971461804839366,0
948,107,0.4,0.52,0.75,0.4167,0.75,2,0.4438486186019878,0
196,678,0.6,0.745,0.75,0.1667,1.0,3,0.5817605225294193,1
99,907,0.2,0.665,0.5,0.9167,0.5,1,0.5166209429155346,1
240,162,0.2,0.885,0.0,1.0,0.5,1,0.3128490863891465,0
694,422,0.4,0.92,0.75,1.0,0.75,2,0.7231737327521972,1
66,169,0.2,0.74,0.75,0.5,0.25,1,0.4954215622649067,1
713,24,0.2,0.49,0.75,0.5,0.0,1,0.31551248380506935,0
562,745,0.4,0.365,0.5,0.6667,0.5,2,0.4858469841891768,0
14,351,0.2,0.96,1.0,0.5833,0.5,1,0.6283539613260812,1
383,348,0.2,0.14,0.0,0.0833,1.0,1,0.17656030819159124,0
659,952,0.2,0.99,0.75,0.9167,1.0,1,0.5994611737993135,1
322,794,0.6,0.83,0.5,0.8333,0.75,3,0.5691035662665536,0
885,389,0.2,0.705,0.0,0.8333,0.0,1,0.1965172111583749,0
63,224,0.2,0.875,0.75,0.5833,0.75,1,0.44417251118259254,1
225,17,0.2,0.82,0.5,0.5,0.75,1,0.35604160582358824,1
435,310,0.2,0.61,0.5,0.9167,0.75,1,0.5297376106623269,1
695,896,0.2,0.43,0.5,0.75,0.75,1,0.4548926361021201,0
757,137,0.4,0.805,0.75,0.5,0.25,2,0.6215628745532376,0
990,531,0.2,0.775,1.0,0.25,0.75,1,0.6335572481898657,0
688,606,0.2,0.725,0.75,0.9167,1.0,1,0.5551270530771701,0
80,66,0.2,0.91,0.75,1.0,1.0,1,0.5463381900007442,1
463,172,0.2,0.615,0.5,0.5833,0.75,1,0.4706960813081671,0
579,421,0.2,0.45,0.5,0.6667,1.0,1,0.44037591525180503,0
933,109,0.4,0.265,0.75,1.0,0.25,2,0.535441222345204,1
322,49,0.2,0.7,0.75,0.8333,0.75,1,0.5624625052809845,0
148,906,0.2,0.89,1.0,0.1667,0.5,1,0.5988426671282369,0
146,132,0.2,0.555,0.5,0.5833,0.25,1,0.46282438270880566,1
229,242,0.2,0.44,0.5,0.75,0.75,1,0.4507892536487217,0
216,783,0.2,0.685,0.25,0.8333,0.0,1,0.3389615243925348,0
416,757,0.2,0.74,0.5,0.3333,1.0,1,0.5218464527020672,0
113,121,0.2,0.85,0.5,0.8333,0.25,1,0.41484452287150614,0
121,330,0.2,0.765,1.0,0.6667,0.5,1,0.5908565307226008,0
62,160,0.2,0.555,0.5,0.9167,0.0,1,0.4265795403661541,0
315,960,0.2,0.525,1.0,0.8333,1.0,1,0.5382917946767215,0
210,416,0.4,0.955,0.25,0.25,1.0,2,0.4686960898455459,0
226,303,0.2,0.865,1.0,0.6667,0.5,1,0.641145852676333,1
603,428,0.2,0.935,0.25,0.6667,0.5,1,0.38705089026865935,0
105,656,0.2,0.72,1.0,0.6667,0.5,1,0.5579671707426469,0
678,449,0.4,0.67,0.25,0.5,0.75,2,0.4674344661485734,0
803,737,0.4,1.0,1.0,0.9167,0.0,2,0.5638756267800722,0
795,951,0.2,0.565,0.5,0.5,1.0,1,0.3921879448657181,1
859,108,0.2,0.865,1.0,0.25,0.0,1,0.484363501830617,1
666,414,0.2,0.92,1.0,0.4167,0.5,1,0.5212768197973592,1
300,927,0.4,0.845,0.75,0.25,0.5,2,0.5634172334161661,1
732,64,0.4,0.845,0.25,0.8333,0.5,2,0.5733729537126824,0
383,35,0.2,0.67,0.25,0.5,0.25,1,0.22898913188811792,0
121,753,0.2,0.725,0.75,0.6667,1.0,1,0.5575097900200955,1
2,433,0.2,0.695,0.25,0.5833,0.25,1,0.3757376725056386,1
223,407,0.2,0.955,1.0,0.6667,0.25,1,0.5149290011661851,0
74,106,0.4,0.485,0.75,0.6667,0.75,2,0.6430148159436874,1
851,478,0.4,0.66,1.0,0.9167,0.75,2,0.6386790819665924,1
973,278,0.2,0.83,0.75,0.75,0.0,1,0.5027488793083685,1
469,173,0.2,0.895,0.5,0.9167,0.5,1,0.41411388351352185,0
402,908,0.2,0.74,0.75,0.9167,0.5,1,0.5583606176226542,1
107,66,0.2,0.79,1.0,0.8333,0.5,1,0.6431395986941648,1
595,155,0.4,0.815,0.75,0.8333,0.75,2,0.7170759710953802,1
373,947,0.2,0.915,0.25,0.6667,0.5,1,0.4894304615753873,1
36,286,0.2,0.4,0.25,0.25,0.75,1,0.3713476132000155,0
319,133,0.2,0.675,0.75,0.4167,1.0,1,0.5038366142129039,1
906,305,0.2,0.915,0.75,0.0833,0.25,1,0.47214769541036444,1
850,763,0.2,0.61,0.75,0.6667,1.0,1,0.5772450349086422,1
626,878,0.2,0.9,0.75,0.5833,0.75,1,0.5212833682197273,0
470,947,0.2,0.435,1.0,0.9167,0.25,1,0.5876634949768816,1
847,852,0.2,0.355,1.0,0.75,0.25,1,0.41692537593493406,0
334,828,0.2,0.55,0.0,0.75,0.75,1,0.29194465579034307,0
912,366,0.2,0.875,0.5,0.25,1.0,1,0.5357149024105395,1
608,33,0.2,0.48,0.75,0.75,0.5,1,0.5467825467655059,1
834,504,0.2,0.775,0.75,0.75,0.25,1,0.4854860334646483,1
729,176,0.2,0.735,0.75,0.5833,0.75,1,0.5473939934153933,1
782,150,0.2,0.955,0.0,0.9167,0.25,1,0.26606812535097896,0
73,566,0.2,0.9,0.75,0.1667,0.5,1,0.45778600805871045,0
696,497,0.2,0.59,0.75,0.6667,0.75,1,0.43002929334145334,0
952,373,0.2,0.8,0.75,0.4167,0.75,1,0.5723004656279138,0
531,25,0.2,0.985,0.75,0.0833,0.5,1,0.4819988669093851,1
191,832,0.2,0.965,0.5,0.1667,0.75,1,0.37004407041272225,0
461,844,0.2,0.785,0.75,0.4167,0.75,1,0.43722889376822305,0
604,819,0.4,0.83,0.75,0.75,0.75,2,0.6232334507984807,0
575,742,0.2,0.95,0.5,0.75,0.75,1,0.40997971097048147,1
404,741,0.4,0.72,0.25,0.25,0.75,2,0.3658990114295355,1
239,817,0.4,0.92,1.0,0.5,0.75,2,0.5997700548313631,0
244,150,0.2,0.865,1.0,0.9167,0.75,1,0.5904371930941711,0
722,682,0.2,0.64,0.0,0.8333,0.75,1,0.3132563775024587,0
436,437,0.2,0.225,0.75,0.75,0.5,1,0.48891932147972306,1
657,589,0.4,0.565,0.5,0.6667,0.5,2,0.4676408539174731,0
96,525,0.2,0.52,0.5,0.8333,0.25,1,0.30847341821103813,0
159,198,0.2,0.68,0.75,0.4167,0.75,1,0.5335336740048984,1
223,444,0.2,0.455,0.25,0.75,1.0,1,0.40180971410134475,0
904,756,0.2,0.63,0.5,0.9167,0.5,1,0.5151929568191155,0
416,63,0.2,0.775,0.75,0.5833,0.5,1,0.5402079703733086,1
356,703,0.4,0.915,0.5,0.9167,0.25,2,0.4597482095902358,1
149,102,0.2,0.895,0.75,0.5,0.5,1,0.5733191807656436,0
895,822,0.2,0.455,0.5,1.0,0.5,1,0.45974512466242856,1
239,264,0.2,0.845,0.75,0.5833,0.25,1,0.4663313774693049,1
33,678,0.2,0.865,1.0,0.5,0.75,1,0.5200813663466594,0
747,573,0.2,0.615,0.75,0.8333,0.0,1,0.4084655890255301,0
306,322,0.2,0.885,1.0,0.8333,0.75,1,0.562534109156202,0
90,989,0.2,0.825,0.5,0.5833,0.25,1,0.3555975334182786,0
457,644,0.2,0.88,1.0,0.5833,1.0,1,0.5373528357636537,1
960,655,0.2,0.26,0.5,0.9167,0.0,1,0.36242183639810843,0
310,111,0.2,0.57,0.75,0.9167,0.75,1,0.5166229283058826,1
586,988,0.4,0.81,0.25,0.3333,0.25,2,0.3304784062810805,0
571,428,0.2,0.79,0.25,0.75,0.5,1,0.4005807369860306,0
438,762,0.2,0.85,0.75,0.5833,1.0,1,0.48852904072455655,0
201,110,0.2,0.65,0.75,0.3333,1.0,1,0.5823862035179695,1
114,806,0.2,0.365,0.5,0.8333,1.0,1,0.38768735084753336,0
785,610,0.2,0.93,0.25,0.9167,0.75,1,0.40918541545430526,1
609,437,0.2,0.16,0.75,0.3333,0.75,1,0.3890908687072322,1
92,568,0.4,0.84,0.75,0.6667,0.5,2,0.5761765701152434,0
775,109,0.4,0.99,0.75,0.8333,0.5,2,0.658302453440747,0
566,948,0.2,0.905,0.25,0.9167,0.75,1,0.5219861765825857,1
265,504,0.4,0.955,1.0,0.9167,0.5,2,0.7878342389572968,1
798,905,0.2,0.74,0.75,0.8333,0.25,1,0.41023416998793605,0
343,335,0.2,0.73,0.75,0.5833,1.0,1,0.5951813156193654,1
894,478,0.2,0.81,0.5,0.75,0.25,1,0.3516400602540327,0
429,839,0.2,0.545,1.0,0.6667,0.5,1,0.5462111991361612,1
365,957,0.2,0.57,1.0,0.9167,0.5,1,0.5891857464629549,1
202,419,0.2,0.4,1.0,0.3333,0.5,1,0.5087747003174456,1
343,730,0.2,0.51,0.5,0.8333,0.0,1,0.39426070485837134,0
380,882,0.2,0.71,0.25,0.6667,0.5,1,0.3081063314586927,0
379,827,0.2,0.76,0.25,0.1667,0.75,1,0.2577013868298996,0
534,631,0.2,0.165,0.75,0.8333,0.0,1,0.3429571001436603,0
423,242,0.2,0.51,0.75,0.9167,0.5,1,0.5420290985568132,1
933,73,0.2,0.155,0.5,0.4167,0.5,1,0.29116461271231364,0
507,268,0.2,0.72,1.0,0.3333,0.5,1,0.4279288262135351,1
820,834,0.4,0.86,0.5,0.4167,0.75,2,0.47696291303454663,0
672,363,0.4,0.025,1.0,0.5833,0.5,2,0.5753906920376282,0
24,500,0.2,0.59,0.75,0.75,0.0,1,0.3649163285889686,0
234,288,0.2,0.175,0.5,0.0833,0.75,1,0.40470226135245857,0
372,744,0.2,0.56,0.5,0.9167,0.25,1,0.3140210611533316,1
91,776,0.2,0.975,0.75,0.8333,0.25,1,0.5620787700739626,0
633,29,0.2,0.97,0.75,0.5,0.5,1,0.46349089135706,0
321,386,0.2,0.71,0.75,0.75,0.0,1,0.5346527023675824,1
140,845,0.4,0.34,0.5,0.9167,0.75,2,0.4791051341603554,1
748,888,0.2,0.37,0.0,0.5833,0.75,1,0.2517056039480115,1
941,44,0.2,0.755,0.25,0.9167,0.25,1,0.31385530534646594,1
678,790,0.4,0.86,0.25,0.9167,0.75,2,0.5761433539442388,0
249,896,0.2,0.32,0.25,0.8333,0.75,1,0.4479013809291392,0
292,736,0.2,0.42,0.25,0.5,1.0,1,0.39295385058434074,1
558,822,0.2,0.68,0.5,1.0,0.75,1,0.5716357460752696,1
676,66,0.2,0.79,1.0,0.4167,0.75,1,0.6458735342894619,1
932,800,0.4,0.605,1.0,0.3333,0.75,2,0.5993514426725571,1
167,314,0.2,0.445,0.5,1.0,0.5,1,0.48320042481520875,0
720,269,0.2,0.505,1.0,0.3333,0.75,1,0.607648477962921,1
692,374,0.2,0.66,0.0,0.9167,0.75,1,0.3990909631074332,1
631,248,0.4,0.73,0.5,0.9167,0.5,2,0.5591434276831018,1
393,871,0.2,0.51,1.0,0.3333,1.0,1,0.583414739388272,1
456,394,0.2,0.75,0.0,0.75,1.0,1,0.4615385624563407,1
222,971,0.2,0.76,0.75,0.8333,1.0,1,0.6170334962408057,1
534,631,0.2,0.165,0.75,0.8333,0.0,1,0.39054592567014335,1
986,571,0.2,0.065,0.75,1.0,0.0,1,0.3496886521396665,1
695,318,0.2,0.955,0.75,0.5833,0.5,1,0.4796273693814752,1
59,376,0.2,0.3,1.0,0.8333,0.75,1,0.45429962749740194,0
961,543,0.2,0.69,0.0,0.1667,1.0,1,0.24839047438348952,1
181,7,0.2,0.85,0.25,0.0833,0.5,1,0.36655732310638733,1
54,236,0.2,0.55,1.0,0.6667,0.75,1,0.5821508111291901,1
465,177,0.2,0.845,0.5,0.3333,0.25,1,0.40916785453672216,0
437,789,0.2,0.66,0.75,0.5,1.0,1,0.6018918104348912,0
816,186,0.4,0.2,0.5,0.5,0.75,2,0.3716721563770632,1
448,856,0.4,0.335,1.0,0.75,0.75,2,0.6167574214681877,1
293,428,0.2,0.465,0.0,0.75,0.5,1,0.2068258046189755,0
334,866,0.2,0.85,0.5,0.75,1.0,1,0.5271526572598184,0
780,450,0.2,0.95,0.75,0.5833,0.75,1,0.5288487518089582,1
439,932,0.2,0.7,0.5,0.5,0.75,1,0.3973467400597675,0
694,509,0.2,0.635,0.75,0.9167,1.0,1,0.5516401119704744,1
614,748,0.2,0.84,0.75,0.1667,0.5,1,0.5149897859243605,1
3,318,0.2,0.96,0.25,0.5,0.5,1,0.4610164426649982,1
706,407,0.2,0.735,0.75,1.0,0.5,1,0.5091964074958294,1
975,644,0.2,0.495,0.25,0.6667,0.75,1,0.3363680788415254,0
428,146,0.2,0.34,0.25,0.8333,0.5,1,0.3794351066289633,1
880,818,0.2,0.925,0.75,0.5833,1.0,1,0.5905087128436833,1
343,179,0.2,0.65,0.75,0.4167,0.0,1,0.3286508089501301,0
323,687,0.2,0.315,0.75,0.75,0.25,1,0.33425902213387754,0
971,337,0.2,0.455,0.75,0.6667,0.75,1,0.4325797034479721,0
444,605,0.2,0.19,0.75,0.6667,0.5,1,0.3821596149975669,0
661,664,0.4,0.655,0.25,0.9167,0.5,2,0.48242955300376905,1
733,485,0.2,0.96,0.75,0.6667,0.0,1,0.5086252043669667,1
643,949,0.2,0.305,0.25,0.0,0.75,1,0.35309581590751693,1
337,36,0.2,0.6,0.5,0.25,0.75,1,0.43621839012692154,1
50,588,0.2,0.93,0.0,0.3333,0.75,1,0.2688423414665574,0
857,876,0.2,0.565,0.25,0.5833,0.25,1,0.2991423586601004,0
434,602,0.2,0.76,0.25,0.6667,0.75,1,0.3532889379583974,1
269,808,0.2,0.805,0.75,0.5833,0.25,1,0.5440299576637194,1
710,420,0.2,0.775,1.0,0.25,1.0,1,0.5878552440097655,0
688,913,0.4,0.89,1.0,0.6667,0.75,2,0.6355354861420857,1
510,435,0.4,0.6,1.0,0.9167,1.0,2,0.6165536472920136,1
268,902,0.2,0.94,0.0,0.5833,0.75,1,0.2932645326460439,0
510,892,0.2,0.81,0.5,0.8333,0.75,1,0.3853736898961636,0
91,645,0.2,0.9,0.75,0.5,1.0,1,0.6091916013692535,0
862,525,0.2,0.755,1.0,0.5,0.75,1,0.6131809975930929,1
503,528,0.2,0.8,1.0,0.6667,1.0,1,0.6719315730118123,0
298,996,0.2,0.915,1.0,0.4167,0.25,1,0.4621662264129758,0
137,282,0.2,0.855,0.75,0.9167,0.5,1,0.5903926000092883,1
800,670,0.2,0.8,0.5,0.4167,0.75,1,0.5075041854010852,0
805,98,0.2,0.62,0.0,0.25,0.25,1,0.17071168156627464,0
757,684,0.2,0.425,0.5,0.9167,0.0,1,0.3550186055939991,1
510,229,0.2,0.72,0.75,0.5833,0.75,1,0.4534229069011345,0
779,167,0.2,0.38,0.75,0.3333,0.0,1,0.2672053860618138,0
343,878,0.2,0.905,1.0,0.9167,1.0,1,0.5886115242868646,0
180,84,0.2,0.405,0.75,0.9167,0.75,1,0.4134027095052232,0
968,109,0.2,0.955,0.5,0.5833,1.0,1,0.5712693369148953,1
713,252,0.4,0.755,0.5,1.0,0.25,2,0.6009771251734327,1
841,594,0.2,0.27,0.5,0.3333,0.5,1,0.29407468068340203,0
964,600,0.2,0.315,0.25,1.0,0.75,1,0.45082954918366047,1
502,257,0.2,0.595,0.5,0.75,0.0,1,0.42662675850744847,1
111,459,0.2,0.35,0.75,0.9167,0.5,1,0.5289966818534138,1
372,497,0.2,0.5,1.0,0.8333,0.75,1,0.5252225355625324,1
683,817,0.2,0.795,0.25,0.9167,0.5,1,0.3822007409435376,1
79,244,0.2,0.84,0.75,0.5,0.5,1,0.5813266060292009,1
225,631,0.2,0.345,0.5,0.5833,0.5,1,0.3080111029429378,0
815,2,0.2,0.915,0.5,0.8333,0.5,1,0.5188956478458083,0
282,776,0.2,0.935,0.75,0.5833,1.0,1,0.48566823976820395,1
886,877,0.2,0.71,1.0,0.5833,0.0,1,0.4858922014310283,1
843,489,0.2,0.755,1.0,0.9167,0.5,1,0.4947793800410117,0
100,1,0.2,0.685,0.25,0.9167,0.75,1,0.41811558742861626,0
967,232,0.2,0.81,0.5,0.6667,0.25,1,0.34999343236729075,1
820,790,0.2,0.95,0.75,0.75,0.5,1,0.588174664630828,0
799,658,0.2,0.825,0.25,0.8333,0.75,1,0.3249939772232448,1
730,102,0.4,0.835,0.5,0.25,0.75,2,0.5639806705054489,1
849,948,0.2,0.81,1.0,0.9167,0.75,1,0.692507958641509,1
201,848,0.2,0.92,1.0,0.5833,0.75,1,0.6266593051885747,0
887,26,0.2,0.785,0.5,0.75,0.25,1,0.445331746645589,1
386,198,0.2,0.58,0.25,0.3333,0.5,1,0.25714002607014397,0
674,529,0.2,0.885,1.0,0.9167,0.75,1,0.660486733295245,0
172,375,0.2,0.685,0.5,0.3333,0.75,1,0.41523175381216887,0
966,603,0.2,0.83,0.5,0.4167,0.25,1,0.38250485277673657,0
583,516,0.2,0.97,0.5,0.1667,0.75,1,0.5093810927332917,0
366,110,0.2,0.9,0.75,0.4167,1.0,1,0.5294156739629656,1
901,548,0.2,0.565,0.25,0.9167,1.0,1,0.328583298804523,0
141,348,0.2,0.365,0.75,0.5,0.0,1,0.44097206698559266,1
600,798,0.2,0.24,1.0,0.1667,1.0,1,0.5689250139216081,1
339,846,0.4,0.515,0.5,0.9167,0.25,2,0.40156239652957193,1
762,892,0.2,0.875,0.75,0.25,0.25,1,0.3898658590838766,0
302,571,0.2,0.79,0.75,0.5833,0.75,1,0.563870274042908,1
95,305,0.2,0.95,0.75,0.3333,1.0,1,0.5174466254191108,0
231,364,0.2,0.345,0.25,0.6667,1.0,1,0.4607277329216508,0
742,775,0.2,0.93,0.75,0.9167,1.0,1,0.5328099054111303,1
86,633,0.2,0.33,1.0,0.75,0.75,1,0.5978925285081236,0
663,194,0.2,0.755,0.25,0.4167,0.75,1,0.3304301249374053,0
498,935,0.2,0.265,0.75,0.5,0.75,1,0.5213492898078481,1
693,760,0.2,0.765,0.5,0.0,0.75,1,0.34697270371567657,0
914,361,0.2,0.785,0.5,0.1667,0.5,1,0.48662729962386975,0
973,230,0.2,0.35,0.5,0.5,0.0,1,0.29293173262605166,0
752,300,0.2,0.96,0.75,0.3333,0.5,1,0.5792251048881167,0
219,394,0.2,0.63,1.0,0.25,0.5,1,0.5055394051187877,0
536,883,0.4,0.37,0.75,0.9167,0.75,2,0.5978449902278224,1
110,342,0.2,0.78,0.5,0.75,0.5,1,0.4529879466976292,0
610,268,0.2,0.805,1.0,0.8333,0.75,1,0.5837065025560674,1
922,109,0.2,0.73,1.0,0.6667,1.0,1,0.5102244493153802,1
816,638,0.2,0.185,1.0,0.3333,0.5,1,0.533348518793564,1
67,296,0.2,0.49,0.5,0.9167,0.5,1,0.3825227658089969,0
217,438,0.2,0.845,0.75,0.75,0.75,1,0.5428633982659988,1
606,273,0.2,0.655,1.0,1.0,0.5,1,0.4862105103594746,0
715,240,0.4,0.975,1.0,1.0,0.75,2,0.7264098260047224,0
585,814,0.2,0.785,0.5,0.1667,0.5,1,0.3180577585641016,0
74,558,0.2,0.525,0.0,0.9167,0.25,1,0.17715711237002535,1
465,42,0.2,0.585,0.75,0.1667,0.5,1,0.32321463896099817,1
743,120,0.2,0.88,0.75,0.6667,1.0,1,0.5000248104498318,1
184,573,0.2,0.825,1.0,0.5833,1.0,1,0.5420438789053031,1
21,889,0.4,0.94,0.0,0.75,0.75,2,0.5075532016097511,0
260,875,0.2,0.81,0.75,0.8333,0.75,1,0.5076145099370084,0
946,757,0.2,0.705,0.75,0.5833,1.0,1,0.46291628353632974,0
854,819,0.2,0.36,1.0,0.75,0.75,1,0.486674906904271,0
302,146,0.4,0.34,0.75,1.0,0.25,2,0.6171781723079557,0
119,676,0.2,0.865,1.0,0.25,1.0,1,0.5773391736587241,1
199,158,0.2,0.845,0.25,0.6667,0.0,1,0.23639618024732398,1
531,906,0.4,0.59,0.5,0.9167,1.0,2,0.49861315316958243,0
33,715,0.2,0.975,0.75,0.8333,1.0,1,0.6128019870604607,1
460,776,0.2,0.55,0.75,0.8333,0.5,1,0.5506752920272852,1
329,654,0.2,0.925,0.75,0.4167,1.0,1,0.5483459137044905,1
121,252,0.6,0.625,0.5,1.0,0.5,3,0.6463232568133217,0
477,515,0.2,0.65,0.75,0.9167,0.5,1,0.5559459757966001,1
789,221,0.2,0.925,0.75,0.4167,0.75,1,0.45212435657692496,0
787,609,0.2,0.095,0.75,1.0,0.75,1,0.5108388038262692,1
644,282,0.2,0.705,0.5,0.8333,0.75,1,0.49860800401837074,1
301,368,0.2,0.995,1.0,0.5,0.25,1,0.6340741256407016,1
428,528,0.4,0.415,0.25,0.6667,0.75,2,0.48823144589470546,0
784,426,0.2,0.9,0.0,0.75,0.75,1,0.4281935899925894,0
807,227,0.2,0.375,1.0,0.75,1.0,1,0.6295051155982014,1
468,494,0.2,0.305,0.75,0.3333,0.75,1,0.5157431108642058,1
71,363,0.2,0.145,0.0,0.8333,0.5,1,0.18374983832352482,0
562,76,0.2,0.855,0.25,0.6667,0.75,1,0.33505094240157235,0
942,415,0.2,0.725,0.25,0.5,0.75,1,0.3438256410346216,0
378,909,0.4,0.985,0.25,0.4167,0.75,2,0.4747542998329889,0
850,95,0.2,0.68,0.75,0.8333,0.75,1,0.4402541024709159,0
143,471,0.2,0.79,1.0,0.75,0.75,1,0.5961243678112137,1
957,169,0.2,0.81,0.5,0.8333,0.5,1,0.5340970392894382,0
264,749,0.2,0.46,0.75,0.5,0.25,1,0.3877927977571042,1
423,510,0.2,0.79,0.5,0.4167,1.0,1,0.42526277061921003,0
708,554,0.4,0.625,0.25,0.5833,0.75,2,0.49483196789960165,0
292,673,0.4,0.625,0.75,0.5833,0.75,2,0.569494850979395,1
300,501,0.2,0.865,0.75,1.0,0.25,1,0.5976742574215661,1
521,972,0.2,0.4,0.5,0.75,0.75,1,0.43288727564263707,0
313,342,0.2,0.9,0.0,0.5833,0.75,1,0.41169837501395024,0
192,948,0.2,0.395,0.75,0.4167,0.75,1,0.5029420883007876,1
308,652,0.2,0.455,0.5,0.75,0.75,1,0.44156026764376044,1
850,857,0.2,0.795,0.5,0.5833,1.0,1,0.47722460826743124,0
224,109,0.2,0.56,0.75,0.4167,0.25,1,0.35331218452146584,0
126,227,0.2,0.77,0.75,0.75,0.5,1,0.6079626265391276,0
120,65,0.2,0.79,0.75,0.75,0.75,1,0.5249816170201533,1
422,146,0.2,0.595,1.0,0.75,0.75,1,0.6475726822227007,0
955,71,0.2,0.2,0.5,0.5833,0.75,1,0.3145260484439996,0
698,599,0.2,0.5,0.25,0.75,0.5,1,0.2592649863853886,1
658,132,0.2,0.79,0.25,0.5833,0.75,1,0.4936932580828937,0
531,338,0.2,0.39,0.75,0.9167,0.75,1,0.5057446898967263,1
237,702,0.2,0.755,0.75,0.25,0.5,1,0.42961516293839125,1
92,438,0.4,0.76,0.75,0.8333,0.5,2,0.6586604551751981,1
636,528,0.2,0.64,0.75,0.5,0.25,1,0.5294512690272677,1
346,835,0.2,0.92,0.5,0.3333,0.25,1,0.436422602317492,0
462,756,0.2,0.755,0.75,0.3333,0.75,1,0.4868103422523699,0
842,862,0.2,0.97,0.75,0.8333,0.5,1,0.5959846921507169,0
389,414,0.2,0.805,0.5,0.3333,0.75,1,0.5090321464940526,1
24,468,0.2,0.685,0.75,0.4167,0.25,1,0.4807337695022028,1
140,395,0.2,1.0,0.5,0.1667,0.5,1,0.47431878567746466,1
727,266,0.2,0.925,0.75,0.75,0.25,1,0.4190722766230045,0
267,201,0.2,0.885,1.0,0.25,1.0,1,0.6015109413801902,1
216,326,0.2,0.975,0.25,0.6667,0.75,1,0.4470335054641584,0
69,566,0.2,0.95,0.0,0.25,0.5,1,0.3295174898004509,1
607,590,0.4,0.645,1.0,0.6667,0.5,2,0.6847772109049349,1
869,538,0.2,0.55,1.0,0.9167,1.0,1,0.6951896320325248,1
768,129,0.4,0.955,0.5,0.0833,0.25,2,0.38680812547012705,1
612,802,0.2,0.875,0.75,0.5,0.0,1,0.3660515569653979,1
531,630,0.2,0.855,0.5,1.0,0.25,1,0.4032191387534966,0
768,83,0.2,0.97,1.0,0.5833,1.0,1,0.6313285583843602,1
80,212,0.2,0.985,0.75,0.6667,0.25,1,0.42360922133110435,0
731,995,0.2,0.775,0.25,0.9167,0.75,1,0.4840403109381084,0
448,772,0.2,0.7,0.75,0.8333,1.0,1,0.6313190880344193,1
291,412,0.2,0.565,0.75,0.3333,0.75,1,0.3630550496649851,0
911,876,0.4,0.59,0.5,1.0,0.25,2,0.5973055221563981,1
916,338,0.2,0.62,1.0,0.75,0.5,1,0.6290992484181834,1
287,842,0.2,0.84,1.0,0.5833,0.5,1,0.47232718335250895,0
349,68,0.2,0.85,1.0,0.9167,1.0,1,0.5907695229934788,0
426,331,0.4,0.93,0.0,0.5,0.75,2,0.4631618829043551,0
491,906,0.2,0.66,1.0,0.8333,0.75,1,0.5857216730854103,1
435,378,0.4,0.595,0.75,0.3333,1.0,2,0.6253870954363425,0
432,860,0.2,0.84,0.5,0.6667,0.5,1,0.42415865039152567,1
622,239,0.2,0.465,0.75,0.6667,1.0,1,0.4467203132029778,1
876,697,0.4,0.535,0.75,0.5,0.75,2,0.5501485976787605,1
701,573,0.2,0.53,0.0,0.9167,1.0,1,0.3015553845640613,0
944,139,0.2,0.54,0.0,0.9167,0.75,1,0.39077707920726645,0
963,182,0.4,0.9,0.5,0.1667,0.0,2,0.49665367104724367,0
22,552,0.2,0.57,0.5,0.0833,1.0,1,0.47089067390634987,0
741,800,0.2,0.96,0.75,0.5833,0.5,1,0.5670091221377702,1
137,781,0.2,0.855,0.5,0.9167,0.5,1,0.47355473872931264,0
408,402,0.2,0.215,0.5,0.8333,0.25,1,0.3496248872098968,0
62,657,0.4,0.68,1.0,0.5,0.0,2,0.5076625506222823,1
183,860,0.2,0.995,1.0,0.1667,0.75,1,0.5834903607234846,0
730,646,0.2,0.4,1.0,0.8333,0.5,1,0.5739563339068228,1
792,325,0.2,0.325,1.0,1.0,0.25,1,0.44495157438741373,0
591,945,0.4,0.465,0.75,0.25,0.75,2,0.42575901203127575,1
798,31,0.2,0.23,1.0,0.1667,0.5,1,0.5046999843182713,1
258,188,0.2,0.9,0.75,0.5833,0.75,1,0.6127207669837014,0
970,658,0.2,0.93,0.25,0.6667,1.0,1,0.47060972494848874,1
836,107,0.2,0.7,1.0,0.5833,0.75,1,0.5673323436185508,1
89,925,0.2,0.435,0.75,0.5,0.5,1,0.4287787448266572,1
679,888,0.2,0.98,0.0,0.6667,1.0,1,0.4389834640064624,1
83,638,0.2,0.165,0.75,0.8333,1.0,1,0.555646939323762,0
493,95,0.2,0.545,0.75,0.25,0.0,1,0.32952037285402436,0
706,444,0.4,0.765,0.0,0.4167,0.75,2,0.4471935778502252,1
200,875,0.2,0.775,1.0,0.75,0.25,1,0.5850719157691774,0
505,389,0.2,0.425,0.5,0.4167,1.0,1,0.45468255336832636,0
653,12,0.2,0.89,0.5,0.9167,0.75,1,0.4054588457878795,1
188,454,0.4,0.605,0.75,0.5,1.0,2,0.589404386982949,0
225,621,0.2,0.52,0.25,0.4167,0.5,1,0.32118972129490775,0
975,349,0.2,0.295,0.0,0.5833,0.75,1,0.32427889921551184,1
876,554,0.2,0.845,0.5,0.8333,0.75,1,0.4730022821336959,0
844,853,0.2,0.82,0.5,0.5833,0.0,1,0.3471355943266339,0
716,183,0.2,0.925,0.75,0.1667,1.0,1,0.4244617698167566,0
805,880,0.2,0.84,0.25,0.75,0.5,1,0.3508893760557165,0
396,909,0.2,0.97,0.25,0.75,0.25,1,0.35285948445553145,1
766,977,0.2,0.675,1.0,0.4167,0.25,1,0.48163002418975465,1
20,265,0.6,0.88,0.75,0.9167,1.0,3,0.666375013957804,1
383,749,0.2,0.875,0.75,0.5,0.75,1,0.5758247661635629,1
155,676,0.4,0.98,0.75,0.9167,0.5,2,0.7276133053492728,1
504,449,0.2,0.565,0.5,0.8333,0.5,1,0.40877411486750975,1
63,51,0.2,0.81,0.25,0.5833,0.75,1,0.3262276002560075,1
439,280,0.2,0.505,0.0,0.5833,1.0,1,0.23672113668942646,0
613,618,0.4,0.65,0.25,0.75,0.75,2,0.5375880929665883,0
457,839,0.2,0.52,0.25,0.25,0.75,1,0.3064143399505551,0
816,409,0.2,0.74,0.75,0.5833,0.75,1,0.5162307771921948,0
931,858,0.2,0.82,0.0,0.8333,0.25,1,0.3673272071897996,0
158,419,0.2,0.975,0.25,0.5,0.5,1,0.4212832248675492,0
461,414,0.2,0.445,0.5,0.0833,1.0,1,0.3681533630909144,0
687,730,0.4,0.41,0.5,0.8333,0.0,2,0.37561408703390786,0
78,546,0.2,0.93,0.5,0.75,0.75,1,0.5936743595415509,0
234,223,0.2,0.72,1.0,0.75,0.75,1,0.4946002061390145,1
498,288,0.2,0.85,1.0,0.75,1.0,1,0.5410806469151873,1
550,281,0.2,0.97,0.5,1.0,0.75,1,0.5814856483424485,1
151,828,0.2,0.64,1.0,0.75,1.0,1,0.5803477962322835,0
331,36,0.2,0.335,0.25,0.8333,0.75,1,0.2533290508333961,1
603,935,0.2,0.905,0.75,0.6667,0.5,1,0.5221120001934993,1
774,479,0.2,0.91,0.5,0.25,0.75,1,0.4910278868429196,1
402,103,0.4,0.09,0.5,0.6667,0.0,2,0.40833307166442073,0
739,941,0.2,0.54,0.25,0.3333,0.0,1,0.271604423249365,0
468,146,0.4,0.155,0.5,0.1667,0.25,2,0.2798197687707887,1
892,930,0.2,0.855,0.0,0.8333,0.75,1,0.34235249516615535,0
775,332,0.2,0.98,0.25,0.25,0.75,1,0.4763644196420296,1
62,877,0.4,0.7,0.75,0.75,1.0,2,0.6968641088549106,0
627,482,0.2,0.66,0.5,0.25,0.75,1,0.45679690756329383,0
355,951,0.2,0.91,0.75,1.0,0.75,1,0.5926759165213163,0
347,188,0.4,0.915,1.0,0.75,0.75,2,0.6396755284391307,1
589,383,0.2,0.345,0.25,1.0,0.5,1,0.375440821655682,0
616,235,0.2,0.66,1.0,0.5833,0.5,1,0.6038939840518941,1
329,393,0.2,0.975,0.5,0.8333,0.75,1,0.5824532884707856,1
562,997,0.2,0.515,0.75,0.9167,1.0,1,0.4907843821363748,0
609,895,0.2,0.415,0.75,0.9167,0.75,1,0.4447824511116942,0
512,657,0.2,0.33,0.5,0.9167,0.75,1,0.49006045378880225,1
260,523,0.2,0.865,0.5,0.6667,0.75,1,0.4678917336089211,0
402,7,0.2,0.445,1.0,0.25,0.5,1,0.48863247866738657,0
111,370,0.2,0.93,0.25,0.8333,0.5,1,0.31743265049198555,1
689,798,0.2,0.36,1.0,0.9167,1.0,1,0.6208222487717412,0
54,428,0.2,0.795,0.0,0.9167,0.75,1,0.34486650791343376,0
386,444,0.2,0.78,0.25,1.0,0.25,1,0.4517666863430958,0
874,370,0.2,0.895,0.5,0.25,0.5,1,0.44303397013636303,0
913,589,0.2,0.945,1.0,0.4167,0.75,1,0.5309720894320011,0
273,232,0.2,0.78,1.0,0.8333,0.75,1,0.5976638296293686,0
433,929,0.2,0.505,0.75,0.9167,0.25,1,0.5162651428294032,1
104,77,0.2,0.96,1.0,0.4167,0.75,1,0.6533514613228228,1
137,241,0.2,0.525,1.0,0.6667,1.0,1,0.572412290690568,1
802,225,0.4,0.245,0.25,0.75,0.5,2,0.4739253607038654,0
756,904,0.2,0.63,0.5,0.9167,0.5,1,0.37730446282591434,0
649,158,0.2,0.84,0.75,0.5833,1.0,1,0.6124543422097002,1
570,590,0.2,0.415,0.25,0.6667,0.75,1,0.3779387846864367,0
481,853,0.2,0.84,0.25,1.0,0.75,1,0.417993466116724,0
277,227,0.2,0.93,1.0,0.4167,0.5,1,0.5980895052139439,0
730,820,0.2,0.615,0.75,0.75,0.5,1,0.43949792066100707,0
114,466,0.2,0.515,0.75,0.4167,1.0,1,0.4050606419210636,1
945,793,0.2,0.9,0.75,1.0,0.5,1,0.6120058502745269,1
822,575,0.2,0.96,1.0,0.25,0.75,1,0.494456461362164,1
384,770,0.2,0.53,0.5,1.0,0.25,1,0.3508272383820474,1
969,455,0.2,0.77,0.75,0.8333,1.0,1,0.6456691808939271,1
390,78,0.2,0.735,0.5,0.5833,0.75,1,0.47060997758825707,0
418,571,0.2,0.19,0.5,0.6667,0.75,1,0.30726580463338926,1
970,536,0.2,0.52,0.75,0.9167,0.75,1,0.6100017304666384,0
202,124,0.2,0.68,0.25,0.3333,0.5,1,0.27092334998516704,0
130,297,0.4,0.95,0.75,0.75,0.5,2,0.5358940943615581,0
319,561,0.2,0.6,1.0,0.4167,0.5,1,0.4618903956336741,1
792,90,0.2,0.98,0.75,1.0,0.5,1,0.5986683841517834,1
274,74,0.2,0.35,0.25,0.6667,0.75,1,0.3625280185344778,0
6,499,0.4,0.22,1.0,0.0,0.75,2,0.4402551592794743,1
556,499,0.2,0.215,1.0,0.5,0.75,1,0.5587453127692327,1
548,264,0.2,0.495,0.5,0.1667,0.5,1,0.2941687513047385,0
543,144,0.2,0.66,0.0,0.75,0.75,1,0.40051908795297175,0
619,33,0.2,0.57,0.75,0.3333,0.5,1,0.42746496680267415,1
217,55,0.2,0.91,0.5,0.5833,1.0,1,0.40553525106392835,0
801,509,0.2,0.165,0.5,0.75,1.0,1,0.34914655964482727,0
50,267,0.2,0.83,0.25,0.25,0.75,1,0.3598653884438037,1
989,813,0.2,0.625,1.0,0.4167,0.0,1,0.5286567979905882,1
480,910,0.2,0.905,1.0,1.0,0.5,1,0.5537167859805636,1
649,389,0.2,0.89,0.25,0.75,1.0,1,0.5157937343447415,0
625,576,0.2,0.965,0.75,0.1667,1.0,1,0.5533505427470631,1
630,876,0.2,0.86,1.0,0.6667,0.0,1,0.4434736610800081,1
439,42,0.2,0.93,0.25,0.5833,0.75,1,0.3237596649884274,1
474,624,0.2,0.665,0.5,0.8333,1.0,1,0.5707217231798392,1
662,612,0.2,0.81,1.0,0.5833,0.5,1,0.5236685071214952,0
889,498,0.2,0.515,0.75,0.8333,0.5,1,0.4424962329672892,0
172,131,0.2,0.825,0.75,0.0833,0.5,1,0.47506158030418516,1
524,220,0.2,0.48,1.0,0.6667,0.5,1,0.5835752438032017,1
994,206,0.2,0.49,0.75,0.8333,0.5,1,0.48671555266430055,1
197,961,0.2,0.855,1.0,0.8333,1.0,1,0.6098995988673698,1
829,730,0.4,0.82,0.75,0.8333,0.75,2,0.6758032403493714,1
767,262,0.2,0.695,0.5,0.5833,0.5,1,0.4116230732101298,0
985,373,0.2,0.98,0.25,0.6667,1.0,1,0.3774918974752225,1
611,525,0.2,0.87,0.5,0.9167,0.75,1,0.447061891086695,1
137,423,0.2,0.91,1.0,0.8333,0.75,1,0.6735940425550009,0
117,303,0.2,0.74,0.5,0.5,0.0,1,0.3188163914671964,1
345,662,0.2,0.64,0.5,0.6667,0.5,1,0.3249397524229765,1
103,214,0.2,0.385,1.0,0.6667,0.25,1,0.4151422697477297,0
191,201,0.2,0.74,0.25,0.0833,0.5,1,0.39310380486561836,0
213,197,0.2,0.62,1.0,0.9167,0.75,1,0.6331230830188026,0
444,522,0.2,0.9,0.75,0.6667,0.5,1,0.5405768025025998,1
402,584,0.2,0.515,0.25,0.6667,0.75,1,0.3757065994672524,0
684,538,0.6,0.485,1.0,0.3333,0.25,3,0.711219988226049,0
345,116,0.2,0.83,0.5,0.3333,0.25,1,0.3867179901887277,0
223,921,0.2,0.525,0.75,0.6667,0.25,1,0.5223232167216162,1
835,608,0.2,0.615,0.0,0.8333,0.0,1,0.27648719551121087,0
72,92,0.2,0.605,0.75,0.6667,0.75,1,0.47696182589287456,0
688,711,0.2,0.72,0.75,0.4167,1.0,1,0.4981904630412628,0
413,752,0.2,0.58,0.5,0.4167,1.0,1,0.4064024332064547,0
792,148,0.4,0.955,0.75,0.4167,0.5,2,0.5746097758998513,1
943,645,0.2,0.48,0.25,0.8333,0.25,1,0.33198853379620474,0
581,284,0.2,0.1,0.75,0.9167,1.0,1,0.5279982041749697,1
435,143,0.4,0.495,0.75,0.5833,0.5,2,0.5586192879976835,0
682,82,0.2,0.61,0.25,0.75,0.5,1,0.39980706572850977,0
616,705,0.2,0.93,0.75,0.4167,0.25,1,0.45397786649714994,1
297,130,0.4,0.95,0.75,0.75,0.5,2,0.5657009715231768,1
86,465,0.2,0.825,0.5,0.5,0.75,1,0.4103850709018665,0
843,750,0.2,0.895,0.5,0.5,0.75,1,0.5252790867844895,1
182,20,0.4,0.87,0.25,0.75,0.5,2,0.49167812767311503,0
959,266,0.2,0.69,0.75,0.75,0.25,1,0.5477443838113,0
104,851,0.4,0.88,0.5,0.8333,0.75,2,0.6414593993685971,1
80,77,0.2,0.865,0.5,0.75,0.5,1,0.4535861888253342,0
866,359,0.2,0.965,0.75,0.4167,1.0,1,0.6329822445997616,1
204,479,0.2,0.86,0.0,0.75,0.75,1,0.27628332712105363,1
935,828,0.4,0.3,0.5,0.8333,0.5,2,0.44647273844898894,1
709,309,0.2,0.725,1.0,0.9167,0.75,1,0.5369966560152406,1
583,121,0.2,0.895,0.75,0.1667,0.5,1,0.41777282927166554,1
391,656,0.2,0.295,1.0,0.75,0.0,1,0.4177734504878304,0
773,655,0.2,0.555,0.5,0.9167,0.25,1,0.33205451119146256,1
730,262,0.4,0.7,0.5,0.9167,0.25,2,0.5258878157699863,1
123,686,0.2,0.5,0.5,0.0833,0.25,1,0.3348148257544611,1
756,657,0.2,0.73,0.75,0.5,0.5,1,0.3922593721799026,1
9,905,0.2,0.87,0.75,0.8333,0.5,1,0.6206389181967763,0
895,416,0.2,0.975,0.25,0.3333,0.5,1,0.4615211786594885,1
292,208,0.2,0.635,0.75,0.5833,0.75,1,0.47358394863851083,1
675,314,0.2,0.92,0.5,0.8333,0.75,1,0.47930391933104766,0
527,419,0.2,0.645,0.75,0.3333,0.5,1,0.4894312019432828,1
630,794,0.2,0.705,1.0,0.0833,0.25,1,0.4812684967932833,0
832,97,0.4,0.325,0.5,0.5833,0.0,2,0.4580523050180176,1
73,304,0.2,0.195,0.75,0.0833,1.0,1,0.47642518862204897,1
123,316,0.2,0.55,0.75,0.4167,0.25,1,0.46361852301427764,1
408,30,0.6,0.685,0.5,0.3333,1.0,3,0.6649055229871439,1
977,973,0.2,0.325,0.25,0.9167,0.0,1,0.2732791223475753,0
754,767,0.2,0.885,0.25,0.6667,0.25,1,0.45806161205684925,0
864,666,0.2,0.555,0.5,0.3333,0.75,1,0.32437481098645027,1
894,841,0.2,0.535,0.5,1.0,0.75,1,0.3797230873319962,0
642,783,0.2,0.575,0.75,0.5833,0.5,1,0.560456188606094,0
782,760,0.2,0.715,0.5,0.4167,1.0,1,0.44783904014251924,0
107,312,0.2,0.675,1.0,0.6667,0.75,1,0.5240664248393458,1
25,920,0.2,0.33,0.5,0.0833,0.25,1,0.2684166497087848,0
829,580,0.2,0.105,0.75,0.6667,0.25,1,0.3978009485230461,1
527,82,0.2,0.535,0.75,0.75,1.0,1,0.43534025217367145,1
123,297,0.2,0.99,0.25,0.3333,0.25,1,0.42901571496631097,0
287,586,0.2,0.295,0.5,0.6667,0.5,1,0.45781568510616827,1
290,245,0.2,0.43,1.0,0.5,0.5,1,0.5638813798924134,1
666,988,0.2,0.88,0.5,0.75,0.5,1,0.36319463226509613,0
791,880,0.2,0.52,0.75,0.4167,0.75,1,0.5469138303486188,0
135,196,0.2,0.545,0.75,0.25,0.75,1,0.5024307508253211,1
650,805,0.2,0.655,0.0,0.9167,0.5,1,0.33832949054310785,0
167,523,0.2,0.5,0.75,1.0,0.75,1,0.535936707578221,1
249,345,0.2,0.79,0.75,0.5,0.0,1,0.42175979058117546,0
722,81,0.2,0.9,0.25,0.0833,0.75,1,0.40027907083819136,0
177,319,0.2,0.85,0.5,0.8333,0.5,1,0.49164388039284895,0
309,756,0.2,0.77,0.5,0.9167,0.5,1,0.408982774272128,1
642,603,0.2,0.425,0.25,0.8333,0.5,1,0.29891440051478746,0
399,880,0.2,0.86,0.5,0.5833,0.5,1,0.42036833346148594,0
397,720,0.2,0.4,0.25,0.25,0.75,1,0.3884605626855325,1
535,501,0.2,0.4,0.5,0.3333,0.25,1,0.24862567261178925,0
536,941,0.2,0.99,0.5,0.8333,0.75,1,0.5784953840025668,1
403,619,0.2,0.75,0.25,0.5,0.25,1,0.2579373842870061,0
872,947,0.2,0.905,1.0,0.5833,1.0,1,0.585897725745535,0
800,585,0.2,0.725,0.75,0.6667,1.0,1,0.524904925051714,1
157,27,0.2,0.925,1.0,0.75,0.75,1,0.6601830780088672,1
590,221,0.2,0.825,0.5,0.5833,0.75,1,0.5305409463003646,1
257,745,0.2,0.845,1.0,0.4167,0.75,1,0.6173427892796159,0
868,899,0.2,0.31,0.75,1.0,0.25,1,0.3865290748291205,1
265,549,0.4,0.755,0.5,0.4167,0.5,2,0.39935411117863284,0
779,686,0.2,0.6,0.5,0.1667,0.75,1,0.4249096618063811,0
165,607,0.2,0.94,1.0,0.8333,0.75,1,0.6499132762632064,0
225,923,0.2,0.63,0.5,0.4167,0.5,1,0.4077578318907813,0
568,317,0.2,0.965,0.5,0.9167,0.75,1,0.5831611174407099,0
461,562,0.8,0.72,1.0,0.5833,1.0,4,0.8340186198480067,1
626,58,0.2,0.51,0.25,0.9167,0.75,1,0.3142740748390497,0
590,933,0.6,0.795,0.25,0.8333,0.75,3,0.5023639318459279,0
613,421,0.2,0.975,0.5,0.8333,0.25,1,0.502751247725095,0
142,265,0.2,0.57,0.5,0.8333,0.5,1,0.3894074859077031,1
377,885,0.2,0.155,0.75,1.0,0.75,1,0.37074635055873145,1
206,539,0.2,0.925,0.75,0.5,1.0,1,0.5485102073285519,1
566,909,0.2,0.655,0.0,0.5833,0.5,1,0.3360092589641238,0
771,190,0.2,0.165,0.75,0.1667,0.75,1,0.32705249649189433,0
233,239,0.2,0.82,0.75,0.5833,0.75,1,0.433314828265832,0
12,248,0.2,0.935,0.0,0.3333,0.75,1,0.2897417718912756,0
44,887,0.2,0.93,0.5,0.6667,0.25,1,0.5192461486200488,1
429,105,0.2,0.895,0.75,0.8333,0.75,1,0.5575153037185908,0
712,892,0.2,0.41,0.25,0.8333,1.0,1,0.43155867234220396,0
612,589,0.4,0.83,0.25,0.0833,0.5,2,0.37977502281859854,1
27,355,0.2,0.98,0.25,0.6667,0.75,1,0.4218963781996151,0
854,787,0.4,0.925,1.0,0.1667,0.75,2,0.6168672807644596,1
968,930,0.2,0.975,0.0,0.9167,1.0,1,0.3927943947253667,0
892,192,0.4,0.475,0.5,0.9167,1.0,2,0.4522684734948941,1
843,944,0.2,0.585,0.5,0.1667,0.75,1,0.3966923880590689,0
966,682,0.2,0.87,0.25,0.25,0.75,1,0.36427899286856785,1
939,375,0.2,0.72,0.75,0.3333,0.5,1,0.44291876879741715,0
210,851,0.2,0.975,0.75,0.5833,0.25,1,0.4343273869879337,1
842,307,0.2,0.4,0.25,0.25,1.0,1,0.30083734942638807,0
284,141,0.2,0.245,0.75,0.75,1.0,1,0.46893832279417014,1
148,188,0.4,0.705,0.5,0.9167,1.0,2,0.6158251542302546,1
599,457,0.2,0.385,0.5,1.0,0.75,1,0.4695371745244564,1
450,874,0.2,0.905,0.75,0.4167,1.0,1,0.6001313339273433,0
992,57,0.2,0.765,1.0,0.25,0.25,1,0.5697270826247487,0
10,339,0.4,0.715,0.0,0.5,1.0,2,0.45445966980294084,1
333,482,0.2,0.935,0.25,0.9167,0.75,1,0.4564176076005473,1
739,415,0.2,0.79,0.25,0.9167,0.0,1,0.4241813510459522,0
693,880,0.2,0.99,0.25,0.4167,1.0,1,0.37935837593837496,0
545,767,0.2,0.505,0.0,0.5833,1.0,1,0.38024955061537613,0
923,384,0.2,0.93,1.0,0.1667,0.0,1,0.4531396586641313,0
992,956,0.2,0.605,0.75,0.8333,0.75,1,0.45571125830826886,1
6,964,0.2,0.965,0.75,0.0,0.75,1,0.5504956662951463,1
33,738,0.4,0.695,0.75,0.5,0.5,2,0.6047070713273568,1
836,875,0.2,0.39,1.0,0.8333,0.25,1,0.46340326722131575,1
498,253,0.2,0.245,0.75,0.3333,0.75,1,0.370602601435555,0
131,679,0.2,0.815,1.0,0.3333,0.75,1,0.6018057015702589,1
595,832,0.2,0.205,0.5,0.8333,0.25,1,0.38936012572590845,1
526,657,0.2,0.46,1.0,0.6667,0.5,1,0.4176564164655984,1
142,592,0.4,0.31,0.5,0.1667,0.0,2,0.4442692422425887,0
146,486,0.2,0.275,0.75,0.25,0.0,1,0.25515575930582,0
478,55,0.2,0.135,1.0,1.0,0.25,1,0.500275826906615,1
865,436,0.2,0.82,0.75,0.5,0.25,1,0.42370294082981763,0
918,545,0.2,0.485,0.0,0.75,0.75,1,0.3871502165886763,0
512,182,0.2,0.37,0.75,0.8333,0.75,1,0.5785206531864278,1
994,249,0.2,0.46,0.75,0.5,0.75,1,0.3779213480685787,0
816,144,0.2,0.325,1.0,0.6667,0.5,1,0.5328863903249503,1
600,252,0.4,0.455,0.75,0.8333,1.0,2,0.6361752674256569,0
911,493,0.2,0.955,0.25,0.4167,0.25,1,0.29964405233252817,0
123,274,0.2,0.315,1.0,0.4167,0.75,1,0.4161335635131695,0
670,617,0.2,0.89,0.25,0.9167,1.0,1,0.5604233662887066,1
711,426,0.2,0.92,1.0,0.8333,0.5,1,0.6614129027986936,0
446,1000,0.2,0.635,0.5,0.9167,0.25,1,0.3997564669289761,0
506,43,0.2,0.56,1.0,0.5,0.75,1,0.5147519299516939,0
5,42,0.2,0.57,0.75,0.8333,0.25,1,0.4688464673805472,1
368,242,0.2,0.82,0.75,0.75,0.25,1,0.41675139318376764,1
241,590,0.2,0.47,1.0,0.4167,0.75,1,0.5608706911029816,1
103,788,0.4,0.645,0.75,0.75,0.25,2,0.46860508207166385,0
188,477,0.2,0.625,0.5,1.0,0.75,1,0.5633799331183705,1
313,922,0.2,0.4,0.5,0.8333,0.5,1,0.4724131186477406,1
930,282,0.2,0.4,0.25,0.5,0.25,1,0.3604775275111428,0
676,750,0.4,0.965,0.5,0.5,1.0,2,0.6220806677555165,1
217,779,0.2,0.335,1.0,0.25,0.75,1,0.568405592923219,1
333,868,0.2,0.545,0.25,1.0,0.5,1,0.41895716557135737,0
122,483,0.2,0.855,0.0,0.25,0.5,1,0.2820123116446571,0
750,275,0.2,0.96,0.0,0.75,0.5,1,0.3489155411249255,0
917,231,0.2,0.76,1.0,0.4167,0.5,1,0.4529090445457463,1
49,665,0.2,0.345,0.5,0.75,0.25,1,0.26052286002542857,0
347,472,0.4,0.56,0.25,0.8333,0.25,2,0.3805288622226003,0
328,17,0.2,0.65,0.75,0.25,0.75,1,0.3860805172735823,1
830,983,0.2,0.785,0.75,0.8333,1.0,1,0.6609076915570802,1
677,39,0.2,0.31,0.75,1.0,0.75,1,0.40235528797987596,0
46,355,0.2,0.22,0.25,0.6667,1.0,1,0.3010735060851834,0
664,493,0.2,0.42,0.0,1.0,0.25,1,0.2615755421423173,0
745,613,0.2,0.95,0.5,0.5,0.75,1,0.4935949222797485,0
755,881,0.2,0.74,0.25,1.0,1.0,1,0.46472504202555254,0
18,493,0.2,0.6,0.25,0.75,0.0,1,0.2701424424389938,0
123,676,0.2,0.765,0.75,0.9167,1.0,1,0.5688931846448251,0
924,325,0.2,0.895,1.0,0.9167,0.25,1,0.6128364578242007,0
30,427,0.2,0.735,0.5,0.6667,0.75,1,0.5187628808858075,0
157,347,0.2,0.62,0.75,0.5833,0.75,1,0.5485815606032709,1
819,854,0.2,0.36,1.0,0.75,0.75,1,0.5039387290100781,1
977,252,0.2,0.885,1.0,0.4167,0.75,1,0.5302120648820553,1
100,737,0.4,0.98,0.0,0.9167,0.25,2,0.4950187921093028,1
773,925,0.2,0.505,0.5,0.9167,0.75,1,0.3847047444424814,0
49,509,0.2,0.29,0.75,0.75,0.75,1,0.47758912127512565,0
141,963,0.2,0.935,0.75,0.5,0.0,1,0.5492131582825545,1
642,629,0.2,0.68,0.0,0.9167,1.0,1,0.2869405353229796,1
854,859,0.2,0.335,1.0,1.0,0.25,1,0.5426999524208671,1
9,82,0.2,0.595,0.75,0.6667,0.5,1,0.392150547616841,0
364,677,0.2,0.16,0.0,0.8333,0.75,1,0.28957753999497404,0
478,787,0.4,0.975,0.75,0.5,0.5,2,0.5921541600511057,1
760,904,0.2,0.915,0.5,0.25,0.75,1,0.5262330954525629,1
102,383,0.6,0.4,0.5,1.0,0.25,3,0.6307675863627804,0
500,906,0.2,0.61,1.0,0.9167,0.25,1,0.44706925350319454,0
986,605,0.2,0.19,0.25,0.9167,0.25,1,0.20852347219035192,0
535,910,0.2,0.945,0.5,0.5833,0.5,1,0.3813406722754501,0
909,73,0.2,0.555,0.25,0.5833,1.0,1,0.3112032342377252,0
700,632,0.2,0.355,0.75,0.3333,0.5,1,0.4201342281242904,1
751,435,0.2,0.985,0.75,0.8333,1.0,1,0.5728114246891048,0
453,680,0.2,0.77,1.0,0.8333,0.75,1,0.6945295882388259,1
17,41,0.2,0.9,0.75,0.9167,1.0,1,0.6746599222588088,1
672,749,0.6,0.145,0.75,0.9167,1.0,3,0.5905573918359608,1
681,737,0.2,0.805,1.0,0.1667,0.5,1,0.4525624998551661,0
837,355,0.2,0.845,0.75,0.8333,0.25,1,0.46931367437305826,0
775,224,0.2,0.55,1.0,0.25,0.75,1,0.4235319502831511,0
231,792,0.6,0.615,0.75,0.8333,0.75,3,0.6393924196136028,1
504,318,0.4,0.665,0.75,0.1667,1.0,2,0.6425023149234946,1
654,560,0.2,0.83,1.0,0.25,0.75,1,0.6488149952436838,1
600,387,0.2,0.76,0.5,0.75,1.0,1,0.4419216415525964,1
791,402,0.2,0.93,0.5,0.1667,0.75,1,0.5289600142299444,1
912,731,0.2,0.945,1.0,0.9167,0.5,1,0.5627384121589022,0
435,460,0.2,0.48,0.75,0.8333,0.75,1,0.41020310478541855,0
36,196,0.2,0.94,0.75,1.0,0.75,1,0.667268064249224,1
303,93,0.4,0.775,0.75,0.5,0.25,2,0.6264050271757478,1
188,982,0.2,0.665,0.5,0.75,1.0,1,0.4292148022344389,1
202,392,0.2,0.92,1.0,0.8333,1.0,1,0.5912918062864169,1
522,410,0.2,0.46,0.75,0.75,0.5,1,0.4280547833130899,1
668,2,0.2,0.52,0.0,0.5833,0.25,1,0.15419024746688823,0
237,408,0.2,0.715,0.75,1.0,0.25,1,0.4516797621563535,1
438,865,0.4,0.985,1.0,0.5833,0.25,2,0.7027002587266553,0
317,816,0.2,0.51,1.0,0.1667,1.0,1,0.4916052310742496,1
284,41,0.2,0.295,0.75,0.9167,0.75,1,0.5679238975584909,1
751,625,0.2,0.875,0.75,0.5833,0.5,1,0.5192630524474523,0
326,597,0.2,0.64,0.75,0.5,0.25,1,0.537848487287803,1
566,439,0.2,0.41,0.0,0.6667,0.75,1,0.25543136101722347,0
438,178,0.2,0.77,0.5,0.4167,1.0,1,0.536363269370478,0
92,506,0.2,0.765,1.0,0.75,0.75,1,0.5847790063023283,1
969,721,0.2,0.43,0.5,0.0833,0.5,1,0.29308418842583966,1
363,715,0.2,0.545,0.0,0.1667,0.75,1,0.31921555665504975,1
682,509,0.4,0.535,0.25,0.6667,1.0,2,0.3874315085185216,0
178,80,0.2,0.975,0.25,0.3333,0.25,1,0.3543125820483669,1
995,734,0.2,0.31,0.5,0.75,0.5,1,0.3089758085872274,0
356,626,0.4,0.625,0.5,0.9167,0.5,2,0.4219052170311295,1
470,601,0.2,0.79,1.0,1.0,0.25,1,0.53340945051272,0
773,238,0.2,0.81,0.25,0.75,0.75,1,0.369551531503899,0
591,974,0.2,0.84,1.0,0.9167,0.5,1,0.6151155990926096,1
461,495,0.2,0.585,0.75,1.0,0.25,1,0.44387688529803143,0
293,562,0.6,0.795,1.0,0.5833,0.25,3,0.7777852293359119,1
531,257,0.2,0.39,0.75,0.9167,0.25,1,0.4595631230405002,1
695,244,0.2,0.595,0.5,1.0,0.75,1,0.37041121668029087,0
22,742,0.2,0.725,0.5,0.75,1.0,1,0.4835363171121003,0
133,365,0.2,0.85,0.5,0.75,0.5,1,0.39288719657974736,1
503,579,0.2,0.705,0.25,0.5,1.0,1,0.3146499396735125,1
602,867,0.2,0.715,0.75,0.6667,0.75,1,0.6082842484846767,1
815,689,0.2,0.785,0.5,0.6667,0.75,1,0.5471507614204659,1
947,818,0.2,0.775,0.75,0.5,0.75,1,0.43598841643920483,1
585,849,0.2,0.935,0.5,0.1667,0.75,1,0.43942182732977814,0
301,391,0.2,0.65,0.75,0.6667,1.0,1,0.43437065442659123,0
576,816,0.2,0.415,0.25,0.9167,0.25,1,0.33852657085355886,0
120,969,0.2,0.87,0.5,0.9167,1.0,1,0.4987987792984595,0
286,534,0.2,0.16,0.75,0.6667,0.25,1,0.42108593194568333,1
843,750,0.2,0.895,0.5,0.5,0.75,1,0.5286124269470344,0
946,909,0.2,0.65,0.0,0.8333,0.25,1,0.3048141386062593,0
509,53,0.2,0.935,1.0,0.5833,0.75,1,0.5124734219892769,0
225,412,0.2,0.68,0.25,0.5,1.0,1,0.45745347246940854,0
922,714,0.2,0.95,0.75,0.9167,0.75,1,0.5810566124150867,1
612,727,0.2,0.695,0.0,0.25,0.75,1,0.36314186011951777,0
670,400,0.4,0.25,0.25,0.6667,0.25,2,0.33627945085506383,0
91,224,0.2,0.73,1.0,0.8333,0.25,1,0.6056338073339329,0
24,783,0.2,0.955,0.75,1.0,0.0,1,0.5596440909514026,0
111,5,0.2,0.425,0.75,0.9167,0.5,1,0.5523398906568573,1
942,583,0.2,0.975,0.75,0.25,0.5,1,0.5533568077296623,1
617,731,0.2,0.585,0.5,0.3333,0.5,1,0.32739321628963697,0
51,538,0.2,0.785,0.5,0.25,1.0,1,0.3570869448308519,0
554,96,0.2,0.765,0.75,0.75,0.25,1,0.5028256091114633,0
379,101,0.2,0.76,0.25,0.5833,0.75,1,0.2933617105121974,0
279,363,0.2,0.785,0.75,0.3333,0.5,1,0.5066956688293376,0
201,609,0.2,0.73,0.5,0.1667,1.0,1,0.36881210952087373,0
263,906,0.2,0.405,0.75,0.0,1.0,1,0.4411899865337757,1
760,572,0.4,0.23,0.75,0.6667,0.5,2,0.5733069680403063,0
644,836,0.6,0.46,0.75,1.0,0.5,3,0.5900880169613336,1
31,461,0.2,0.38,0.0,0.0,0.5,1,0.2864974099142329,0
816,995,0.6,0.91,0.0,0.25,0.75,3,0.38038670721813805,1
509,95,0.2,0.485,1.0,0.8333,0.5,1,0.47280510286958366,1
586,433,0.2,0.95,1.0,0.9167,0.75,1,0.5731624538868153,0
384,149,0.4,0.79,0.75,0.5833,0.75,2,0.664981054843554,1
630,468,0.4,0.4,1.0,0.1667,0.75,2,0.6250078263950112,0
991,864,0.2,0.995,0.0,0.0,0.25,1,0.20237198445765273,0
785,329,0.2,0.845,0.5,0.75,0.0,1,0.4029132871467236,0
473,645,0.6,0.655,0.25,1.0,1.0,3,0.6923857687822531,1
427,352,0.2,0.925,0.5,0.4167,0.0,1,0.35257410426994407,1
465,97,0.2,0.585,0.5,0.5,0.75,1,0.4266585801304789,0
974,861,0.2,0.57,0.75,0.75,0.25,1,0.5406787375485873,0
388,295,0.2,0.93,0.25,0.5,0.25,1,0.36954244916240925,1
770,65,0.2,0.115,0.5,0.75,0.5,1,0.3228913435697528,1
844,920,0.2,0.66,0.75,0.5,1.0,1,0.5922631865572288,1
90,920,0.2,0.8,0.75,0.8333,0.25,1,0.42259886014330506,0
200,298,0.2,0.595,1.0,0.8333,0.25,1,0.4306233682425006,0
715,727,0.4,0.94,1.0,1.0,0.75,2,0.6943724159441883,1
498,126,0.2,0.83,0.75,0.4167,0.5,1,0.5336296940522444,1
958,134,0.2,0.435,0.25,0.6667,0.0,1,0.21140311342679102,0
992,983,0.2,0.91,1.0,0.9167,1.0,1,0.6481906611924786,1
234,223,0.2,0.72,1.0,0.75,0.75,1,0.6204137549552297,1
982,629,0.4,0.81,0.25,0.6667,0.75,2,0.4180083516698045,0
832,483,0.2,0.645,0.5,1.0,0.25,1,0.41254276298069076,1
792,96,0.2,0.89,1.0,0.9167,0.25,1,0.5799026670887689,0
92,22,0.2,0.905,0.75,0.6667,1.0,1,0.5099672336237256,0
615,9,0.2,0.815,1.0,0.9167,0.5,1,0.5272249227901324,0
186,315,0.2,0.61,0.75,1.0,0.0,1,0.41257172567964295,0
169,568,0.4,0.505,0.75,0.4167,0.0,2,0.4782837414872847,1
242,781,0.2,0.455,0.75,0.8333,0.75,1,0.4086647606155137,0
162,149,0.2,0.665,0.75,0.6667,1.0,1,0.46659083497864434,0
816,310,0.2,0.7,1.0,0.25,0.5,1,0.5171735699530935,0
405,797,0.2,0.475,0.5,0.9167,1.0,1,0.4917756173310603,0
318,309,0.2,0.87,0.75,0.75,0.0,1,0.5671280444392118,1
96,263,0.2,0.45,0.5,0.3333,0.25,1,0.25733140133415777,0
452,413,0.2,0.755,0.75,0.8333,0.25,1,0.5462332790089015,0
115,857,0.2,0.51,0.0,0.8333,0.75,1,0.25642979140980626,1
874,627,0.4,0.34,1.0,0.3333,0.75,2,0.5917039068580127,1
410,573,0.2,0.77,0.5,0.8333,0.25,1,0.40785720594540237,1
563,956,0.2,0.785,0.5,0.8333,0.5,1,0.38772026367216894,0
38,401,0.2,0.815,0.0,0.4167,1.0,1,0.34580680010880027,1
733,182,0.4,0.89,0.75,0.5833,0.0,2,0.5012822873014862,0
72,304,0.2,0.87,1.0,1.0,1.0,1,0.6124182523860443,0
268,330,0.2,0.85,0.75,0.75,0.75,1,0.5098655389009689,1
4,92,0.2,0.885,0.25,0.8333,0.5,1,0.3336025911370517,1
632,998,0.2,0.395,0.25,0.0833,0.75,1,0.32242766066039763,0
81,132,0.2,0.56,0.5,0.5,0.75,1,0.5083802238310395,0
670,945,0.4,0.77,0.5,0.0833,0.75,2,0.42089657462051183,0
978,945,0.2,0.77,0.75,0.5833,0.75,1,0.4780816545608221,1
697,414,0.2,0.905,1.0,1.0,1.0,1,0.7399085918225314,1
566,169,0.2,0.895,0.75,1.0,0.75,1,0.552379908900693,1
701,953,0.2,0.84,0.25,0.8333,0.25,1,0.28050801139687465,1
493,500,0.4,0.9,0.75,0.0833,0.0,2,0.4351066075249648,0
301,595,0.4,0.49,0.0,0.5,0.75,2,0.390220542027812,1
613,359,0.2,0.82,0.75,0.5833,0.25,1,0.4920748640737267,0
194,54,0.2,0.835,0.75,0.8333,1.0,1,0.49971300645618816,1
645,89,0.2,0.615,0.5,0.9167,0.5,1,0.39249496815177853,1
635,745,0.2,0.9,1.0,0.4167,0.5,1,0.5087433221020281,0
506,185,0.2,0.975,0.75,0.5833,0.25,1,0.40084196785232296,0
384,328,0.2,0.53,0.75,1.0,0.5,1,0.5931376119063774,1
665,929,0.2,0.815,0.5,0.6667,0.0,1,0.4496722993958458,0
1,158,0.2,0.955,0.75,0.5833,0.5,1,0.49658186148851446,0
813,747,0.4,0.625,0.5,0.5833,0.0,2,0.502350840424412,0
742,185,0.2,0.37,0.5,0.75,0.5,1,0.3915471137530861,1
261,889,0.2,0.59,0.0,0.4167,0.25,1,0.3244692388686064,1
472,654,0.2,0.76,0.0,0.3333,0.25,1,0.18470325921148284,0
47,896,0.2,0.545,0.75,0.75,0.75,1,0.5950796323698633,0
269,521,0.2,0.47,0.5,0.8333,0.5,1,0.38271898519530634,1
108,787,0.2,0.395,1.0,0.9167,0.5,1,0.4923797134283706,0
707,242,0.2,0.935,1.0,1.0,0.75,1,0.591201470749776,0
596,318,0.2,0.98,0.25,0.6667,0.5,1,0.40035938424359374,0
322,671,0.2,0.92,0.25,0.3333,0.5,1,0.4626522670709827,0
862,468,0.2,0.385,0.75,0.9167,0.75,1,0.44755268080720995,1
831,381,0.2,0.665,0.5,0.6667,0.75,1,0.5445345409925261,1
507,121,0.2,0.895,0.75,0.25,0.75,1,0.48780548519217026,0
47,826,0.2,0.83,0.25,0.6667,1.0,1,0.3500031607683723,0
313,479,0.2,0.505,0.0,0.5,0.5,1,0.20739123132864956,0
599,185,0.2,0.87,0.75,0.75,0.25,1,0.4902685526570669,0
111,645,0.2,0.815,0.25,0.5,0.5,1,0.3284309882877673,0
716,179,0.2,0.69,1.0,0.5,0.75,1,0.5728422819064746,1
793,242,0.2,0.72,0.5,0.0833,1.0,1,0.46148806185623303,0
27,521,0.2,0.27,0.5,0.75,0.75,1,0.4713810064349234,0
633,919,0.2,0.225,0.25,0.6667,0.5,1,0.2521355875396615,0
15,699,0.2,0.37,0.75,0.9167,0.0,1,0.4419670649187114,0
812,566,0.2,0.375,0.0,1.0,0.75,1,0.2390339699772984,0
561,106,0.2,0.89,0.75,0.4167,0.25,1,0.4474143160763834,1
918,154,0.2,0.365,0.25,0.6667,0.5,1,0.25944903647187173,0
903,402,0.2,0.175,0.75,0.25,0.0,1,0.38868184247300114,0
961,686,0.2,0.79,0.75,1.0,0.75,1,0.4943503752809612,0
436,773,0.2,0.7,0.5,0.8333,0.75,1,0.5398880180086081,1
522,410,0.2,0.46,0.75,0.75,0.5,1,0.40086141006157827,0
366,846,0.2,0.745,0.75,0.4167,1.0,1,0.48130403996431126,1
449,860,0.6,0.335,0.5,0.5,1.0,3,0.5190154442289622,1
752,52,0.2,0.56,1.0,0.9167,0.75,1,0.631022032340475,0
675,5,0.2,0.505,0.5,0.8333,0.75,1,0.5052260424186504,0
753,325,0.2,0.535,0.5,0.75,0.75,1,0.4288114494092537,1
299,801,0.2,0.99,0.5,0.9167,0.5,1,0.5301500513029376,1
158,761,0.2,0.525,0.0,1.0,0.25,1,0.3190565057120947,1
287,554,0.2,0.81,0.5,0.8333,0.75,1,0.3920257362879755,0
137,773,0.2,0.82,0.25,0.6667,0.5,1,0.37307974230725033,0
458,155,0.2,0.535,0.75,0.25,0.5,1,0.33362342512439247,0
329,654,0.2,0.925,0.75,0.4167,1.0,1,0.5139419271971937,0
621,810,0.4,0.78,1.0,0.5833,0.75,2,0.6619484099967093,0
503,972,0.2,0.69,0.25,0.4167,0.25,1,0.23756300623683962,0
2,942,0.2,0.88,0.25,0.5,0.25,1,0.25144145077475816,1
492,825,0.2,0.595,0.25,0.5,1.0,1,0.4764702386266113,0
809,702,0.2,0.315,0.75,0.8333,0.5,1,0.35173044026462297,0
256,452,0.2,0.36,0.75,0.75,0.0,1,0.4436313599050733,1
585,379,0.2,0.355,1.0,0.9167,0.75,1,0.609119223956991,1
794,278,0.2,0.885,0.5,0.4167,0.75,1,0.46458609802736195,0
711,182,0.4,0.49,1.0,0.25,0.5,2,0.5869287670005958,1
930,42,0.2,0.37,0.25,0.8333,0.75,1,0.41000593500402505,0
492,41,0.2,0.855,0.25,0.1667,0.25,1,0.30595860862408997,0
17,135,0.4,0.605,0.75,0.4167,0.75,2,0.48719244412996093,0
708,929,0.4,0.595,0.5,0.4167,0.5,2,0.5321996324079215,1
173,499,0.2,0.8,0.5,0.75,0.75,1,0.5307156085367369,0
956,913,0.2,0.735,0.75,0.4167,1.0,1,0.5527772345185142,1
474,450,0.2,0.485,0.75,0.5,0.5,1,0.49166856426804184,0
294,919,0.2,0.905,0.25,0.6667,0.25,1,0.4218309006998428,1
438,712,0.4,0.435,0.75,0.8333,0.25,2,0.4791375969169135,0
497,696,0.2,0.59,0.75,0.6667,0.75,1,0.5466917939729476,1
640,691,0.2,0.6,0.75,0.4167,0.75,1,0.40418770699157824,0
896,265,0.2,0.765,0.5,0.4167,0.75,1,0.4661125847099702,0
615,857,0.2,0.325,0.0,0.4167,0.75,1,0.18035883056963423,0
945,836,0.6,0.59,1.0,0.4167,0.5,3,0.585334666556721,1
889,6,0.2,0.52,0.5,0.0833,1.0,1,0.4275370840177516,1
505,531,0.4,0.885,0.75,0.25,0.75,2,0.6521604420713146,1
991,792,0.2,0.66,0.5,0.75,1.0,1,0.4804969793934133,1
689,188,0.4,0.635,0.25,0.3333,0.5,2,0.4605889011506892,1
102,888,0.2,0.45,0.5,0.4167,0.5,1,0.2977256691211995,0
121,158,0.2,0.81,0.75,0.5833,0.25,1,0.4306560468862545,0
934,818,0.2,0.645,1.0,0.9167,0.75,1,0.6256164062250993,1
27,198,0.4,0.86,0.0,0.5833,1.0,2,0.541634482784156,1
273,52,0.2,0.48,0.5,0.3333,1.0,1,0.4333364058443913,1
105,731,0.2,0.955,1.0,0.75,0.75,1,0.6423422107343087,1
298,833,0.2,0.895,0.5,0.25,0.5,1,0.3795179176155992,0
41,383,0.8,0.725,0.25,0.9167,0.25,4,0.695145522701656,1
356,650,0.4,0.95,0.75,0.4167,0.75,2,0.6679682391020096,1
464,725,0.2,0.75,0.5,0.9167,0.25,1,0.49696044594557465,0
989,911,0.2,0.245,0.5,0.75,0.25,1,0.30968560456126415,0
179,345,0.4,0.65,0.75,0.8333,0.0,2,0.5517293668086765,0
190,982,0.2,0.855,0.75,0.0833,0.75,1,0.4740615499316783,1
694,798,0.2,0.725,0.5,0.8333,0.75,1,0.486099940509114,1
13,254,0.4,0.35,0.25,0.1667,1.0,2,0.42786025351607715,0
258,801,0.2,0.43,0.75,0.8333,1.0,1,0.5009191860565753,0
455,328,0.2,0.425,0.25,0.9167,1.0,1,0.476707422300117,1
223,410,0.2,0.905,0.75,0.8333,1.0,1,0.5003636996998045,0
137,139,0.2,0.795,0.0,0.3333,0.5,1,0.35006111485447106,1
426,637,0.2,0.94,1.0,0.9167,0.75,1,0.5862010568297107,1
687,715,0.4,0.715,0.5,0.5833,0.5,2,0.42156163438876204,1
197,83,0.2,0.81,0.75,0.75,0.75,1,0.5265069262988864,1
785,184,0.2,0.61,0.25,0.75,0.0,1,0.29336705669126883,1
437,729,0.2,0.58,0.5,0.9167,0.75,1,0.44252018634046275,0
520,567,0.2,0.59,1.0,0.5833,0.75,1,0.5409072883382908,0
199,811,0.2,0.4,1.0,0.8333,0.25,1,0.4344682634691841,0
464,522,0.2,0.41,1.0,0.6667,1.0,1,0.6111121617432544,1
351,756,0.2,0.675,0.5,0.4167,1.0,1,0.4157776105119516,0
828,602,0.2,0.89,0.25,0.4167,0.25,1,0.2725649644364604,1
334,261,0.2,0.59,1.0,1.0,0.75,1,0.5731091515394457,0
703,412,0.6,0.495,1.0,0.5833,0.5,3,0.6994976919893419,1
670,92,0.2,0.745,0.75,0.6667,0.75,1,0.47360412021017695,1
646,179,0.2,0.54,0.75,0.75,0.5,1,0.5225685686588055,0
827,404,0.2,0.81,1.0,0.0833,0.75,1,0.5207573291152299,1
265,512,0.2,0.62,0.75,1.0,0.75,1,0.5576090204245732,0
918,172,0.2,0.75,0.75,0.5833,0.5,1,0.5378311768015237,1
870,93,0.2,0.405,0.25,0.5,1.0,1,0.3465488458286623,1
640,941,0.2,0.25,0.25,0.4167,0.25,1,0.2875017425554218,0
977,507,0.2,0.615,0.25,0.8333,0.0,1,0.35703649982431696,0
750,624,0.2,0.855,1.0,0.5833,1.0,1,0.6692114814314237,0
898,588,0.2,0.67,0.75,0.5,0.75,1,0.4162861643456714,0
404,930,0.2,0.215,1.0,0.75,0.75,1,0.43549991133207566,1
686,50,0.2,0.815,0.75,0.1667,0.75,1,0.5341885713040062,1
10,467,0.2,0.11,1.0,0.6667,0.75,1,0.497690275531778,0
772,990,0.2,0.77,0.5,1.0,0.75,1,0.522965592654468,1
702,592,0.4,0.995,1.0,0.8333,0.5,2,0.7045220784518283,0
977,664,0.2,0.55,0.25,0.25,0.25,1,0.20113272286244094,0
152,790,0.2,1.0,0.5,0.4167,0.25,1,0.50762529060113,1
463,75,0.2,0.67,1.0,0.9167,1.0,1,0.5715483948381654,0
440,23,0.2,0.09,0.75,0.8333,0.75,1,0.5088616572309038,0
725,444,0.2,0.56,0.25,0.9167,0.75,1,0.48137158348161746,0
291,826,0.2,0.51,0.5,0.4167,0.25,1,0.2670956227910342,1
222,715,0.2,0.89,0.25,0.9167,1.0,1,0.5411674634771647,0
773,588,0.2,0.74,0.75,0.9167,0.5,1,0.5872585473980799,1
10,854,0.2,0.175,0.5,0.75,0.75,1,0.3572280276584411,0
651,143,0.2,0.48,0.5,0.9167,1.0,1,0.3795466321899975,0
401,133,0.2,0.84,0.25,0.4167,0.5,1,0.3525995259644017,1
758,303,0.2,0.885,0.5,0.25,1.0,1,0.5425857082838732,1
218,599,0.2,0.27,0.75,0.4167,1.0,1,0.44866860934186203,0
373,782,0.4,0.995,0.0,0.75,1.0,2,0.39289553836570934,0
594,859,0.2,0.21,0.75,0.25,0.0,1,0.3057761759413419,1
899,980,0.2,0.97,0.5,0.0833,1.0,1,0.4396652358696238,1
534,687,0.2,0.84,0.75,0.8333,0.0,1,0.43746542687221224,1
190,870,0.2,0.35,0.75,0.9167,0.75,1,0.4795478848645758,1
180,507,0.2,0.66,1.0,0.75,0.25,1,0.5277394621093227,1
618,216,0.2,0.405,0.75,1.0,0.25,1,0.38253558111745456,1
326,468,0.2,0.44,1.0,0.9167,0.5,1,0.6139067449682059,1
530,393,0.2,0.42,0.5,0.8333,1.0,1,0.49356975534038566,1
942,503,0.2,0.765,1.0,0.8333,0.5,1,0.5456671575464409,1
935,495,0.2,0.795,0.75,0.75,0.5,1,0.6083058252750817,0
656,251,0.4,0.455,0.75,0.9167,0.5,2,0.599910621643692,0
472,321,0.2,0.525,0.5,0.5,0.75,1,0.3134666322422684,0
971,791,0.2,0.96,1.0,0.4167,0.75,1,0.5612807502636508,0
534,412,0.2,0.5,1.0,0.75,0.5,1,0.5890461056757281,0
9,844,0.2,0.975,0.25,0.5833,0.5,1,0.3129182173318148,1
173,664,0.2,0.93,1.0,0.75,1.0,1,0.7191376428914298,1
400,50,0.2,0.45,0.25,0.6667,0.5,1,0.3015266055879027,0
783,156,0.4,0.655,0.75,0.5,0.25,2,0.5916239972195886,0
907,305,0.2,0.49,1.0,1.0,1.0,1,0.6455633784644363,1
710,135,0.2,0.94,0.5,0.3333,0.5,1,0.4625568167246618,1
463,375,0.2,0.3,1.0,0.75,1.0,1,0.5746904951807655,1
961,186,0.2,0.225,0.5,0.5833,0.5,1,0.29509865490039083,1
307,521,0.2,0.185,0.5,1.0,0.25,1,0.3803830080087325,0
81,755,0.2,0.685,0.25,0.4167,0.5,1,0.24840330814545097,0
396,781,0.2,0.745,0.75,0.9167,0.75,1,0.6235756711350465,1
548,963,0.2,1.0,0.5,0.9167,0.5,1,0.566845476684031,1
699,328,0.2,0.995,0.5,0.8333,0.5,1,0.44776199014971246,1
710,7,0.2,0.845,0.75,0.1667,0.5,1,0.4508356136787181,0
907,495,0.2,0.3,0.25,0.0833,1.0,1,0.21774379763150842,0
419,562,0.2,0.065,0.25,0.5,0.75,1,0.3152405642727749,1
631,289,0.2,0.31,1.0,0.3333,0.75,1,0.495391814382763,1
356,683,0.2,0.15,0.75,0.6667,0.75,1,0.5300578933161999,1
745,355,0.4,0.82,0.75,0.9167,1.0,2,0.7616775691783043,1
265,580,0.4,0.54,0.5,0.6667,0.5,2,0.5533165102080382,1
656,594,0.2,0.73,0.5,0.4167,1.0,1,0.3576359020192352,1
896,114,0.2,0.775,0.5,0.3333,1.0,1,0.3985252468273152,0
167,187,0.2,0.68,0.75,0.75,0.0,1,0.5022189238108796,0
47,35,0.2,0.96,0.5,0.9167,0.75,1,0.5624569435331046,1
232,695,0.4,0.535,1.0,0.75,0.75,2,0.705757435120634,1
680,746,0.2,0.735,0.0,0.9167,0.75,1,0.33919413183433333,0
347,520,0.2,0.915,0.75,0.4167,0.75,1,0.49647098690203256,0
659,918,0.2,0.465,0.0,0.75,0.0,1,0.18666644563340695,0
254,713,0.2,0.845,0.25,1.0,0.0,1,0.3015721588082206,0
404,112,0.2,0.58,0.75,0.5,0.5,1,0.43401229207260317,1
236,250,0.2,0.985,0.0,0.5833,1.0,1,0.4487857735613198,1
348,266,0.4,0.735,0.75,0.5,1.0,2,0.6540753022915247,1
823,665,0.2,0.885,0.75,0.5833,0.0,1,0.5023695138166979,0
206,526,0.2,0.335,0.5,0.3333,0.75,1,0.3132341533778624,0
343,710,0.2,0.565,0.75,0.1667,1.0,1,0.47529830965746533,1
750,757,0.2,0.75,0.25,0.75,0.0,1,0.38512598783476537,0
532,957,0.2,0.72,0.5,0.75,0.5,1,0.3829380875886158,0
537,448,0.2,0.165,1.0,0.9167,0.25,1,0.5381698581495207,0
65,545,0.4,0.745,0.5,1.0,0.5,2,0.4640820009941824,1
770,279,0.2,0.805,0.75,0.4167,0.5,1,0.3953689972854626,1
826,877,0.2,0.78,0.5,0.6667,0.0,1,0.44104059382470234,0
867,126,0.4,0.62,1.0,0.8333,0.75,2,0.7443577658716389,1
455,318,0.2,0.53,0.75,0.8333,0.5,1,0.38601995221948576,1
172,855,0.2,0.935,0.75,1.0,0.5,1,0.4910376436767781,0
262,412,0.4,0.95,0.75,0.5,0.75,2,0.5223003408821385,0
911,883,0.2,0.24,1.0,0.8333,0.75,1,0.6170000326065667,1
584,589,0.4,0.83,1.0,0.5,0.75,2,0.704720051403193,0
861,55,0.2,0.435,0.75,1.0,0.75,1,0.4614609180218373,0
286,687,0.2,0.32,0.5,0.8333,0.75,1,0.32054395991776097,0
408,971,0.2,0.325,1.0,0.5833,0.75,1,0.536678769341156,1
711,955,0.2,0.29,0.5,0.5833,0.5,1,0.3133216894970299,0
83,153,0.2,0.46,0.75,0.6667,0.5,1,0.40074207077997476,0
232,343,0.2,0.635,1.0,0.4167,0.25,1,0.4197674023809386,1
252,867,0.2,0.97,0.75,0.5,0.25,1,0.5787454818284509,1
906,547,0.2,0.82,0.5,0.4167,1.0,1,0.46451580167796896,0
520,287,0.2,0.715,0.75,1.0,0.75,1,0.5492492207479639,1
505,988,0.4,0.43,0.5,0.25,0.75,2,0.35843986335166794,0
914,646,0.2,0.53,0.5,0.5833,1.0,1,0.4133226496817576,0
819,221,0.2,0.765,1.0,0.8333,0.75,1,0.6257115754789324,1
23,254,0.2,0.285,0.5,0.1667,0.75,1,0.396348224178781,0
407,115,0.2,0.995,0.25,1.0,1.0,1,0.518226218359386,0
813,293,0.2,0.77,0.25,0.9167,1.0,1,0.5465233964938974,0
758,194,0.2,0.98,0.5,0.25,0.25,1,0.47500397663259186,0
461,755,0.4,0.63,0.0,0.4167,0.75,2,0.37606658267580106,0
413,802,0.4,0.97,0.75,0.75,0.25,2,0.5162491384301652,1
387,326,0.2,0.715,0.75,0.9167,1.0,1,0.5532407609501958,1
566,684,0.2,0.135,0.25,0.25,0.25,1,0.26381900500261324,1
816,676,0.2,0.5,0.5,0.9167,0.75,1,0.5088521942039337,0
609,768,0.2,0.915,1.0,0.1667,1.0,1,0.6782877767626361,1
719,583,0.4,0.675,0.0,1.0,0.75,2,0.4986205728824168,0
758,507,0.2,0.895,0.25,0.1667,0.0,1,0.31938041779391585,0
356,612,0.2,0.27,0.25,0.75,0.75,1,0.2343680205953227,1
911,330,0.2,0.57,1.0,0.9167,0.5,1,0.467041883577106,0
484,723,0.2,0.66,0.75,0.75,0.75,1,0.4758402513890362,0
792,444,0.2,0.36,0.5,0.8333,1.0,1,0.4545232301286815,1
995,204,0.2,0.64,0.0,0.5833,0.75,1,0.3981911923202674,0
307,737,0.2,0.69,1.0,0.25,1.0,1,0.6469227813220985,1
79,621,0.2,0.935,1.0,1.0,0.25,1,0.5529601184207464,1
328,549,0.2,0.27,0.25,0.9167,0.5,1,0.24620765634465797,1
636,503,0.2,0.84,0.75,0.1667,0.25,1,0.48382315333692905,0
255,498,0.2,0.585,1.0,0.75,0.75,1,0.526068492976817,1
340,563,0.2,0.77,1.0,0.1667,0.75,1,0.4897548857694077,0
71,612,0.2,0.965,0.0,0.9167,0.25,1,0.4146418922581042,1
592,721,0.2,0.99,0.75,0.1667,1.0,1,0.5946971178706868,0
48,330,0.2,0.685,1.0,0.75,0.75,1,0.6041344443661955,1
649,547,0.2,0.66,1.0,0.4167,0.75,1,0.5332547037165122,1
706,990,0.2,0.845,0.75,0.8333,1.0,1,0.6557083249089066,1
971,154,0.2,0.335,0.75,0.6667,1.0,1,0.45323714153420913,0
27,44,0.4,0.645,0.75,0.4167,0.75,2,0.5229191535080736,0
129,827,0.2,0.445,0.75,0.0833,0.5,1,0.30251932002737897,1
452,340,0.2,0.745,0.25,0.3333,0.0,1,0.3733097899229496,0
261,303,0.2,0.635,0.75,0.8333,1.0,1,0.4692119430961183,1
245,846,0.2,0.495,0.75,0.75,0.75,1,0.43465737855085435,0
204,339,0.2,0.705,1.0,0.5,0.75,1,0.6216845717112549,0
919,55,0.4,0.99,1.0,0.5833,0.5,2,0.7456060250390519,0
599,932,0.4,0.94,0.75,0.1667,1.0,2,0.5276303291082037,0
845,355,0.2,0.84,0.25,0.75,0.75,1,0.4513638752033896,0
294,667,0.2,0.46,0.5,0.5833,1.0,1,0.4164734950026817,1
941,719,0.2,0.255,1.0,0.1667,0.0,1,0.35270287522125804,0
129,617,0.2,0.265,1.0,0.1667,0.25,1,0.34181985054831787,0
210,714,0.2,0.725,0.75,0.75,0.25,1,0.4823222461060102,0
345,413,0.2,0.355,1.0,1.0,0.25,1,0.5633973551264604,1
913,141,0.2,0.625,1.0,0.8333,0.25,1,0.43403090716852066,0
979,797,0.2,0.31,1.0,0.5,1.0,1,0.5751061919927397,1
102,262,0.4,0.865,1.0,0.3333,0.5,2,0.6100335894890162,0
103,754,0.2,0.365,0.75,0.9167,1.0,1,0.4201548433756981,0
795,113,0.2,0.9,0.75,0.1667,0.0,1,0.49005993032022993,1
885,949,0.2,0.23,1.0,0.0833,0.25,1,0.3619215128619103,1
815,190,0.2,0.67,0.5,0.6667,1.0,1,0.5592335027600221,1
343,878,0.2,0.905,1.0,0.9167,1.0,1,0.6653625351077788,1
352,40,0.2,0.855,0.75,0.9167,0.75,1,0.5902285530476462,1
740,268,0.2,0.935,0.5,0.75,0.75,1,0.5692023368125478,0
644,575,0.4,0.685,0.75,0.6667,0.75,2,0.6793495006299222,1
546,727,0.4,0.75,0.0,0.9167,1.0,2,0.4662762140121332,1
963,913,0.2,0.56,0.75,0.6667,0.75,1,0.5350641516852916,0
497,659,0.2,0.595,0.75,0.6667,0.0,1,0.4477316653205098,0
204,633,0.2,0.785,0.0,1.0,0.5,1,0.3820971212067056,0
378,849,0.2,0.925,0.5,0.8333,0.75,1,0.4181835356458749,0
237,12,0.2,0.855,0.75,0.1667,0.75,1,0.44531010259377657,1
505,929,0.2,0.785,1.0,0.9167,1.0,1,0.7297705298588716,1
448,173,0.2,0.815,0.5,0.9167,0.5,1,0.3832910104404026,0
949,268,0.2,0.83,1.0,0.75,0.75,1,0.6907536322366213,1
345,914,0.2,0.64,1.0,0.1667,0.5,1,0.4635768283752408,0
313,446,0.2,0.57,0.5,0.6667,0.75,1,0.4951190860101081,0
245,898,0.2,0.315,1.0,0.25,0.5,1,0.5285377987930289,1
352,563,0.2,0.84,1.0,0.75,0.75,1,0.5707447371737477,1
242,676,0.2,0.51,0.75,1.0,0.0,1,0.4472409318118791,0
500,652,0.2,0.305,0.25,0.1667,0.75,1,0.3347523062607508,1
889,148,0.2,0.95,0.75,0.9167,1.0,1,0.5609077972001385,1
258,579,0.2,0.755,0.0,0.9167,0.75,1,0.2869231797051759,0
905,194,0.2,0.69,0.5,0.8333,0.75,1,0.49063540198299815,1
546,650,0.4,0.275,0.0,1.0,0.75,2,0.3493841640692046,1
358,878,0.2,0.67,0.5,0.0,0.5,1,0.4334606649003995,0
619,154,0.2,0.91,0.25,0.75,0.5,1,0.503150060670725,1
186,101,0.2,0.75,0.5,1.0,0.0,1,0.3759028682025361,1
512,62,0.2,0.65,0.5,0.4167,0.25,1,0.3989425690364404,1
299,618,0.2,0.95,0.5,0.75,0.25,1,0.3875174638566514,0
234,334,0.2,0.81,0.75,0.75,0.75,1,0.6281261102910771,1
728,829,0.2,0.52,0.25,0.8333,0.5,1,0.42725795779699793,0
63,92,0.2,0.885,0.25,0.8333,1.0,1,0.4002848594819477,1
469,665,0.2,0.24,0.5,0.5833,0.25,1,0.3782415323335273,0
844,745,0.2,0.86,0.75,0.8333,0.25,1,0.5159418682947674,0
146,393,0.2,0.69,0.5,0.1667,0.25,1,0.3787120730226541,0
957,869,0.2,0.605,1.0,1.0,0.75,1,0.6259423187064759,1
968,42,0.2,0.395,0.75,0.9167,0.75,1,0.5023449617530311,0
502,464,0.2,0.68,0.25,0.6667,0.25,1,0.40171688129972766,1
382,132,0.2,0.92,1.0,0.5833,0.5,1,0.571352327063505,1
10,667,0.2,0.345,0.5,0.5833,0.0,1,0.32685808534458455,1
662,135,0.2,0.865,0.25,0.75,1.0,1,0.348144120053277,0
909,176,0.2,0.72,0.75,0.8333,0.25,1,0.49428372134565457,1
912,946,0.2,0.66,0.75,0.5,0.75,1,0.50369793413003,1
870,414,0.4,0.4,0.75,0.25,0.5,2,0.4534730296932388,0
690,748,0.2,0.815,0.5,0.8333,0.5,1,0.4649887086097404,1
80,467,0.2,0.62,0.25,0.3333,1.0,1,0.3498742101451967,1
696,699,0.2,0.34,0.25,0.4167,0.75,1,0.3462132816886895,0
330,308,0.2,0.865,0.75,0.8333,0.25,1,0.49927449489466963,1
146,602,0.2,0.99,1.0,0.4167,0.25,1,0.6352606270933909,1
901,732,0.2,0.655,0.5,0.25,1.0,1,0.35115002811871066,0
30,947,0.4,0.93,0.75,0.8333,0.5,2,0.5361676513684063,1
483,482,0.4,0.89,0.0,1.0,0.75,2,0.4488446432696269,0
48,54,0.2,0.735,0.75,0.9167,0.25,1,0.43020303927205883,1
140,255,0.2,0.415,0.75,0.5,0.25,1,0.37348173761304404,1
82,906,0.4,0.525,1.0,0.5,0.75,2,0.5515888636845193,0
321,100,0.2,0.975,0.5,0.4167,0.25,1,0.40684901953518626,1
152,524,0.2,0.81,0.5,0.1667,0.75,1,0.5037086534570613,0
202,876,0.2,0.87,1.0,0.8333,1.0,1,0.5458337433584602,1
243,832,0.2,0.97,1.0,0.9167,1.0,1,0.6026377818867555,1
808,864,0.2,0.52,0.75,0.6667,1.0,1,0.5066520807448949,1
614,103,0.2,0.93,0.75,0.5,1.0,1,0.48544779587455666,0
816,868,0.2,0.235,0.0,0.9167,1.0,1,0.3037091165880731,0
639,350,0.2,0.375,0.25,0.6667,0.0,1,0.2078734748944454,0
463,657,0.2,0.785,1.0,0.9167,0.75,1,0.7048133898416636,1
506,208,0.2,0.735,0.25,0.75,0.75,1,0.3491543035254169,0
93,263,0.2,0.165,0.0,0.6667,0.5,1,0.2549594828826628,0
169,669,0.2,0.26,0.75,0.25,1.0,1,0.5130420044972008,0
428,747,0.2,0.93,0.25,0.75,0.5,1,0.4441602664068779,0
909,320,0.2,0.645,0.75,0.8333,0.75,1,0.5497141954183593,1
15,35,0.2,0.68,0.75,0.6667,0.25,1,0.5399026022524249,0
195,962,0.2,0.515,0.75,0.5,0.0,1,0.3393897636227889,0
480,323,0.2,0.175,0.75,1.0,0.5,1,0.5153798399831245,1
174,719,0.4,0.9,0.25,0.6667,0.75,2,0.4625104703208614,0
502,216,0.2,0.955,1.0,0.9167,1.0,1,0.6191244446703374,1
793,187,0.4,0.955,1.0,0.5,1.0,2,0.6800270799904029,0
517,207,0.2,0.435,1.0,0.9167,0.25,1,0.42088517275342835,1
664,527,0.2,0.9,0.5,0.25,0.25,1,0.37193188901503094,1
306,199,0.2,0.58,0.5,0.75,0.75,1,0.3489757691177178,1
469,193,0.2,0.22,0.75,0.4167,0.5,1,0.4464784223186852,1
556,393,0.4,0.775,0.75,0.5833,0.5,2,0.5719245833093646,0
436,201,0.2,0.795,0.5,0.5833,0.75,1,0.5515000292971847,0
905,128,0.2,0.635,1.0,0.5833,0.25,1,0.42966180826248335,0
9,277,0.4,0.635,0.75,0.1667,0.75,2,0.4681302574871798,1
907,344,0.6,0.055,0.75,0.9167,0.25,3,0.572543671761553,0
633,19,0.2,0.915,1.0,0.9167,0.25,1,0.5213852011912524,1
477,511,0.2,0.725,0.25,0.75,0.5,1,0.31504895664912524,0
338,236,0.2,0.295,0.5,0.3333,0.0,1,0.18657786109148494,0
929,477,0.2,0.5,0.75,1.0,0.5,1,0.4822634060093911,1
960,859,0.2,0.905,0.75,0.4167,1.0,1,0.5841522651280093,0
776,575,0.2,0.325,1.0,0.4167,1.0,1,0.5222735223328506,1
312,777,0.2,0.795,0.75,0.5833,1.0,1,0.46087569939141976,1
399,852,0.2,0.965,0.75,0.9167,1.0,1,0.61073009902598,0
59,316,0.2,0.76,1.0,0.8333,0.75,1,0.5102749061204964,0
935,164,0.2,0.235,0.75,0.3333,0.75,1,0.4168584691106277,0
450,354,0.2,0.93,0.75,0.5,0.5,1,0.4836814385257062,1
97,417,0.2,0.93,0.0,0.9167,0.0,1,0.31265110514745287,0
597,921,0.2,0.92,0.0,0.6667,1.0,1,0.40040305675351623,0
272,648,0.2,0.81,0.75,0.1667,0.5,1,0.39534350665365325,0
998,736,0.2,0.515,0.25,0.75,0.5,1,0.3790332959410586,0
296,414,0.2,0.22,1.0,1.0,0.5,1,0.41701842647430076,1
440,755,0.2,0.41,0.75,0.5833,0.5,1,0.45392959717805337,1
535,692,0.2,0.69,0.5,0.9167,0.75,1,0.5255665602377256,1
427,323,0.2,0.875,0.75,0.3333,0.25,1,0.43212122876371895,1
165,313,0.2,0.245,1.0,0.5,0.75,1,0.48435717168416437,1
74,861,0.2,0.745,0.5,0.5,0.0,1,0.31030610551942395,0
813,740,0.2,0.835,0.75,0.5833,0.25,1,0.4967329405447492,1
808,190,0.2,0.905,0.25,0.4167,0.5,1,0.33094574582673697,0
173,495,0.2,0.945,0.75,0.25,0.75,1,0.5112405467508654,0
656,423,0.2,0.95,0.75,0.9167,0.5,1,0.6057466670097845,0
473,460,0.2,0.97,1.0,0.5,0.75,1,0.6223529411662228,1
294,675,0.2,0.335,0.5,0.4167,0.75,1,0.4700458136497819,0
470,356,0.2,0.13,1.0,0.9167,0.25,1,0.4465079877861552,1
356,938,0.2,0.805,0.25,0.9167,0.75,1,0.4082471455998247,1
811,132,0.2,0.63,1.0,0.9167,0.5,1,0.5666350399481288,0
972,23,0.4,0.695,0.5,0.6667,0.25,2,0.5274549471556493,0
594,656,0.2,0.73,0.5,0.4167,1.0,1,0.5478813522484115,1
384,847,0.4,0.515,1.0,0.75,0.75,2,0.6350726215482978,1
165,838,0.2,0.925,0.5,0.75,0.75,1,0.5015425497431439,0
718,187,0.2,0.56,0.75,0.6667,0.75,1,0.4981024495772149,0
673,604,0.2,0.88,0.75,0.8333,0.75,1,0.5902012600061741,1
265,692,0.2,0.875,0.5,0.5833,1.0,1,0.5445830645018391,0
832,350,0.2,0.2,0.5,0.5,1.0,1,0.44526258080561354,1
992,888,0.2,0.58,0.25,0.5833,0.75,1,0.2757351120712336,0
916,419,0.2,0.475,0.75,0.3333,1.0,1,0.556084727010952,0
379,450,0.4,1.0,0.5,0.9167,0.75,2,0.6039483107957099,0
750,996,0.2,0.82,0.5,0.8333,0.0,1,0.32655789369673766,0
391,874,0.2,0.15,0.75,0.75,0.5,1,0.3341858870773081,0
30,154,0.2,0.695,0.25,0.9167,0.75,1,0.40469839296842214,0
844,602,0.2,0.595,1.0,0.9167,0.25,1,0.6154547729537067,1
599,313,0.2,0.95,0.75,0.75,0.75,1,0.5390535611508772,1
802,825,0.2,0.585,0.5,1.0,1.0,1,0.4232499889518271,0
669,401,0.2,0.87,0.5,0.6667,0.0,1,0.36503178612096404,0
549,273,0.2,0.665,0.5,0.3333,0.0,1,0.2771460372421777,0
706,571,0.2,0.3,0.75,0.8333,0.5,1,0.350340183137417,0
109,846,0.4,0.295,1.0,0.6667,0.25,2,0.5066516872088038,1
356,971,0.4,0.985,0.75,0.75,0.75,2,0.6925486442032069,0
659,135,0.2,0.905,0.25,0.4167,0.5,1,0.37580304263415054,1
435,86,0.2,0.305,0.5,0.9167,0.5,1,0.33004174643414447,1
419,303,0.4,0.67,0.5,0.25,0.5,2,0.5575185501260351,1
589,927,0.2,0.96,0.75,0.1667,0.75,1,0.5309332513905074,1
444,630,0.2,0.69,0.75,1.0,0.25,1,0.4790629387805487,0
999,504,0.2,0.78,0.5,0.9167,0.75,1,0.4285600509851142,0
773,130,0.2,0.535,0.5,0.75,0.5,1,0.48776536078177546,1
989,433,0.2,0.965,0.5,1.0,0.25,1,0.491725015530409,0
742,731,0.2,0.68,0.25,0.5,0.75,1,0.3632368673172056,0
44,2,0.2,0.97,0.25,0.3333,0.75,1,0.3826351677344854,0
403,356,0.2,0.48,0.5,0.8333,0.5,1,0.4930302572504518,0
52,33,0.2,0.495,0.75,0.5,0.5,1,0.3938200712916011,1
712,670,0.4,0.93,0.25,0.3333,0.5,2,0.44717146446596434,1
942,293,0.4,0.615,0.75,0.25,0.75,2,0.6288155400513472,1
945,178,0.4,0.965,0.5,0.0,0.5,2,0.3932853042548948,0
983,678,0.2,0.99,1.0,0.25,0.75,1,0.6392241969071449,0
146,128,0.2,0.325,0.5,0.3333,0.75,1,0.27819405455416274,0
826,374,0.2,0.735,1.0,0.5,0.75,1,0.5860239496368326,1
29,143,0.4,0.55,0.5,0.4167,0.75,2,0.40426491061808406,0
727,715,0.4,0.94,1.0,1.0,0.75,2,0.698701309657833,0
617,588,0.2,0.76,0.75,0.4167,0.5,1,0.4252174575234443,0
310,948,0.4,0.72,0.25,0.5,0.75,2,0.39702653859667686,1
602,495,0.2,0.395,1.0,0.3333,0.75,1,0.559572918527982,1
783,199,0.6,0.9,1.0,0.5833,1.0,3,0.7102529379340008,1
488,695,0.2,0.85,0.5,1.0,0.75,1,0.41427856187919204,0
866,537,0.2,0.3,1.0,0.3333,0.25,1,0.44036143211299916,0
405,682,0.2,0.84,0.0,0.6667,0.75,1,0.4265743612332857,0
450,899,0.2,0.285,1.0,0.25,0.5,1,0.4264637945757472,0
191,282,0.2,0.32,0.75,0.25,0.5,1,0.3119944558689166,0
363,825,0.2,0.47,0.25,0.4167,0.25,1,0.3557113193419325,0
644,729,0.2,0.975,0.75,0.9167,0.75,1,0.5177725010937604,1
278,261,0.2,0.505,0.75,0.9167,1.0,1,0.5932308408107758,1
588,645,0.2,0.945,1.0,0.5833,0.75,1,0.540435102559067,1
961,575,0.2,0.92,0.5,0.1667,0.75,1,0.36827344372462234,0
507,941,0.2,0.58,0.0,0.25,1.0,1,0.21419548553187479,0
583,785,0.2,0.595,0.25,0.5,0.75,1,0.33155879959530477,1
590,976,0.2,0.955,0.5,0.6667,0.75,1,0.5389426397146662,1
510,55,0.2,0.59,0.75,0.6667,0.75,1,0.42788411321304665,0
82,39,0.2,0.34,0.5,0.5833,0.0,1,0.37148321178082677,0
14,563,0.2,0.475,0.0,0.5,0.75,1,0.21755000298379756,1
988,942,0.2,0.955,0.25,0.3333,0.5,1,0.3848198493389127,1
232,653,0.2,0.885,1.0,0.5833,0.75,1,0.5205012818700545,0
93,694,0.2,0.575,0.5,0.6667,0.75,1,0.34662462433517444,0
837,184,0.2,0.94,0.0,0.9167,0.0,1,0.31849628019217296,0
8,15,0.2,0.725,0.0,0.6667,0.25,1,0.32866721207990396,0
468,755,0.2,0.725,0.75,0.6667,0.25,1,0.3748089820669905,0
378,153,0.2,0.765,0.75,0.1667,0.75,1,0.44853948282399725,0
66,10,0.4,0.58,0.5,0.6667,0.75,2,0.5187729004528889,0
681,464,0.2,0.67,0.25,0.9167,0.75,1,0.36435887617503226,1
806,888,0.2,0.715,1.0,0.75,0.5,1,0.6120288438131983,1
691,844,0.4,0.95,0.75,0.75,1.0,2,0.644379014220876,1
763,461,0.2,0.655,0.25,0.25,0.5,1,0.3745296843571575,0
133,282,0.2,0.755,1.0,0.75,0.75,1,0.5875645849168996,1
868,943,0.2,0.26,0.25,0.5833,0.5,1,0.32255647252066827,1
438,155,0.2,0.605,0.75,0.5833,0.5,1,0.3894165540124497,0
595,787,0.2,0.935,0.5,0.4167,0.75,1,0.559177627847093,1
695,692,0.4,0.79,0.5,0.9167,1.0,2,0.509825107838404,1
894,186,0.4,0.755,0.75,0.6667,0.25,2,0.5001692075408206,1
531,982,0.2,0.44,0.5,0.0833,0.5,1,0.4232811714382858,0
328,166,0.2,0.04,0.5,0.3333,0.5,1,0.24808031509747966,0
574,209,0.2,0.375,0.0,0.3333,0.25,1,0.12695720985096146,0
741,846,0.2,0.82,0.75,0.5,0.25,1,0.5654104669113672,0
419,761,0.2,0.5,0.75,0.5,0.75,1,0.4870211103151909,0
360,365,0.2,0.525,0.5,0.3333,0.25,1,0.26674103496914175,0
812,200,0.2,0.415,0.5,0.8333,0.5,1,0.4319677119552334,0
114,756,0.2,0.52,1.0,0.3333,0.75,1,0.49151494684153274,0
289,952,0.2,0.475,0.75,0.3333,0.75,1,0.4181282856025931,0
380,711,0.2,0.86,1.0,0.3333,1.0,1,0.5456045479497826,0
1,428,0.2,0.875,0.25,0.4167,1.0,1,0.39403155199670037,0
194,407,0.2,0.815,1.0,0.5,0.75,1,0.593624354410487,1
641,972,0.2,0.365,0.5,0.6667,0.25,1,0.3620833559317831,1
856,554,0.2,0.96,0.75,0.8333,0.75,1,0.5677004976660851,1
194,747,0.2,0.89,1.0,0.6667,0.25,1,0.4585870596602975,1
707,424,0.2,0.625,0.75,0.6667,0.25,1,0.4714456992766667,0
321,364,0.2,0.6,0.5,0.5833,0.5,1,0.38461046819161526,0
846,869,0.2,0.185,0.75,0.5833,1.0,1,0.5312315896075839,1
912,109,0.6,0.675,0.75,0.5,0.25,3,0.5273095447616725,0
833,718,0.2,0.7,0.5,0.25,1.0,1,0.39950664710133743,1
262,470,0.2,0.5,0.75,0.9167,0.75,1,0.5245091759706585,0
268,811,0.4,0.82,0.25,0.8333,0.75,2,0.5324659002970119,0
413,860,0.4,0.315,1.0,0.3333,0.75,2,0.5067419111390526,0
181,375,0.2,1.0,0.5,0.3333,0.25,1,0.36282028900992097,0
101,311,0.4,0.875,0.75,0.8333,0.5,2,0.5893638299690862,1
707,242,0.2,0.935,1.0,1.0,0.75,1,0.6732985461050476,1
58,626,0.2,0.51,0.25,0.9167,0.75,1,0.38306188746641967,0
232,383,0.4,0.36,0.5,0.6667,0.25,2,0.4416466127141634,1
941,305,0.2,0.69,1.0,0.9167,1.0,1,0.5365135552383925,1
279,612,0.2,0.395,0.75,0.4167,0.25,1,0.4651474879126217,0
370,378,0.2,0.485,0.25,0.0,0.5,1,0.2509341592699817,0
764,112,0.2,0.935,1.0,0.5833,1.0,1,0.6203825525461182,0
262,179,0.4,0.84,0.75,0.6667,0.25,2,0.5026559288699108,0
102,653,0.2,0.845,1.0,0.25,0.75,1,0.4991380195471563,0
700,50,0.2,0.605,0.75,0.75,0.5,1,0.4034325593805315,0
2,889,0.4,0.82,1.0,0.3333,0.25,2,0.5769355903465733,1
356,7,0.4,0.54,0.25,0.75,0.75,2,0.4789884322294925,0
677,661,0.2,0.75,0.25,1.0,0.5,1,0.3411783757343677,0
48,867,0.2,0.575,0.75,0.9167,0.0,1,0.5186997144658388,1
64,623,0.2,0.32,0.0,0.75,0.75,1,0.2885552872331423,0
907,941,0.4,0.8,1.0,0.9167,1.0,2,0.7395657020335821,1
439,590,0.2,0.95,0.0,0.9167,1.0,1,0.36309744627715834,0
307,37,0.2,0.14,1.0,0.0833,1.0,1,0.39024883938955834,1
355,306,0.2,0.52,0.5,0.6667,1.0,1,0.500139400838888,0
219,22,0.2,0.955,0.5,0.0833,1.0,1,0.4806257868918563,1
505,461,0.2,0.785,0.5,0.1667,0.75,1,0.507088500826027,0
589,41,0.2,0.62,1.0,0.9167,0.75,1,0.5418592046314336,1
128,121,0.2,0.965,0.5,0.9167,0.5,1,0.5278111553684208,0
759,512,0.2,0.96,1.0,0.25,0.75,1,0.6305002112936349,1
940,12,0.2,0.695,0.5,0.75,0.75,1,0.49796662605567754,1
395,965,0.2,0.965,1.0,0.5,0.75,1,0.5857237254818369,0
201,961,0.2,0.89,0.25,0.1667,0.75,1,0.28535415485850224,0
611,236,0.2,0.89,0.5,0.9167,0.0,1,0.38605093307108074,0
490,673,0.4,0.58,0.5,0.4167,0.75,2,0.4377142581702079,0
220,878,0.2,0.61,0.5,0.6667,1.0,1,0.46059917743017686,0
345,790,0.2,0.845,0.5,0.4167,1.0,1,0.4198546537979732,0
549,983,0.4,0.805,0.75,0.25,1.0,2,0.6742891304822104,1
520,364,0.2,0.48,0.5,0.6667,0.75,1,0.3833269306994061,1
721,955,0.2,0.8,0.75,0.6667,0.0,1,0.5339190737832697,0
422,507,0.2,0.87,0.75,0.75,0.25,1,0.49349527132836246,0
645,786,0.2,0.72,0.75,1.0,0.25,1,0.5403140014555945,1
673,604,0.2,0.88,0.75,0.8333,0.75,1,0.5531430070249042,0
154,504,0.2,0.69,0.75,0.4167,0.5,1,0.43042513253301673,1
173,257,0.2,0.96,0.5,0.4167,0.75,1,0.4010637641116738,0
303,306,0.2,0.73,1.0,0.1667,0.25,1,0.4034060880630335,1
908,295,0.2,0.725,1.0,0.5,0.5,1,0.6352716321647891,1
492,114,0.2,0.16,0.5,0.25,0.25,1,0.2663335526437966,0
614,659,0.4,0.835,0.25,0.1667,1.0,2,0.3794893381321912,1
894,242,0.2,0.455,0.5,0.9167,0.75,1,0.4779103488324725,0
316,89,0.2,0.875,1.0,0.6667,0.75,1,0.5642150687861487,0
933,607,0.4,0.44,0.25,0.8333,0.25,2,0.40615670587343256,0
583,444,0.2,0.4,0.0,0.9167,1.0,1,0.40193611765958726,0
131,858,0.2,0.325,0.0,0.6667,0.25,1,0.1535016816080806,1
774,599,0.4,0.465,0.75,1.0,0.5,2,0.5383302956486739,0
201,436,0.2,0.795,0.5,0.5833,0.75,1,0.5171461133149159,0
566,178,0.2,0.57,0.0,0.8333,0.75,1,0.27026940202615257,1
331,738,0.2,0.82,0.5,0.3333,0.25,1,0.3392336873212103,0
482,56,0.2,0.825,0.5,0.25,0.75,1,0.4986528558744593,1
885,666,0.2,0.82,0.5,0.75,0.75,1,0.40249038475574483,0
862,520,0.4,0.905,0.5,0.4167,0.75,2,0.5285315488292304,1
381,755,0.2,0.99,0.5,0.9167,0.25,1,0.48285647473089727,1
342,275,0.2,0.72,0.0,0.3333,0.75,1,0.3674729089463974,1
231,531,0.2,0.91,1.0,0.6667,0.75,1,0.6553095042659376,0
897,478,0.4,0.935,0.75,0.75,0.5,2,0.6649365138647922,1
832,851,0.4,0.505,0.75,0.6667,0.75,2,0.5742857486661703,1
375,480,0.2,0.33,0.25,0.6667,0.5,1,0.3310623955841553,0
882,346,0.2,0.85,0.75,0.5833,0.75,1,0.6179120527075491,1
717,86,0.2,0.78,0.0,0.6667,0.75,1,0.37196563195660765,0
92,109,0.2,0.57,0.75,1.0,0.5,1,0.5116433493392313,0
573,794,0.2,0.805,0.25,0.3333,0.25,1,0.2856564938544217,0
197,97,0.2,0.585,1.0,0.8333,0.5,1,0.6486275159015866,0
202,628,0.2,0.66,0.75,0.3333,0.25,1,0.45564748452653225,0
300,356,0.4,0.555,1.0,0.4167,0.5,2,0.4980647920585333,1
532,779,0.2,0.865,0.5,0.5,1.0,1,0.4737747848757399,0
979,194,0.2,0.87,0.75,0.3333,1.0,1,0.4401781012031488,0
402,971,0.4,0.89,0.5,0.75,0.5,2,0.6083826346566333,1
896,716,0.2,0.57,0.75,1.0,1.0,1,0.6283402340173271,0
433,148,0.2,0.925,0.5,0.8333,1.0,1,0.6079457058525868,0
208,453,0.2,0.83,1.0,0.8333,1.0,1,0.6229969179918633,1
133,450,0.2,0.99,0.5,0.1667,1.0,1,0.5305565983125645,0
411,575,0.4,0.315,0.5,0.75,1.0,2,0.5713455405514645,1
946,909,0.2,0.65,0.0,0.8333,0.25,1,0.19614818282345908,0
598,306,0.2,0.74,0.5,0.1667,0.25,1,0.28479517447165414,0
932,599,0.4,0.94,0.75,0.1667,1.0,2,0.6925622855709636,1
960,551,0.2,0.21,0.5,0.3333,0.25,1,0.30616653627397666,1
255,90,0.4,0.945,0.5,0.75,0.25,2,0.4356358946017425,0
223,831,0.2,0.585,0.75,0.8333,0.25,1,0.39211637053764087,1
349,843,0.2,0.49,0.5,0.75,0.75,1,0.483679427067236,0
151,509,0.2,0.48,0.75,0.9167,0.5,1,0.3859612400862834,0
221,111,0.2,0.56,0.75,0.3333,0.75,1,0.49819475441250727,0
31,937,0.2,0.945,0.25,0.5833,0.25,1,0.35896523653840723,1
829,727,0.2,0.575,0.25,0.25,1.0,1,0.3330682246661844,0
697,719,0.2,0.99,0.5,0.0833,0.75,1,0.49474901692578777,1
560,902,0.2,0.845,0.0,0.4167,1.0,1,0.279669586002119,1
86,72,0.2,0.235,0.5,0.5,0.25,1,0.3018422505683065,1
961,836,0.4,0.225,0.5,0.5,0.5,2,0.3987116211807994,0
278,481,0.2,0.42,0.75,0.75,0.25,1,0.3666208151744989,1
49,389,0.2,0.89,0.5,0.5833,0.75,1,0.41081378918980455,0
681,353,0.2,0.66,0.25,0.25,1.0,1,0.42597516774470395,0
973,587,0.2,0.94,0.5,0.9167,0.0,1,0.49936378071101806,0
692,214,0.2,0.91,0.5,0.5,0.75,1,0.3801577748131844,0
289,716,0.2,0.845,0.75,0.9167,0.5,1,0.46555302560594686,0
976,94,0.4,0.635,0.75,0.9167,0.5,2,0.5042722974229351,1
228,870,0.2,0.795,0.75,0.1667,0.25,1,0.44116390860196925,1
818,834,0.2,0.615,0.75,0.5833,0.75,1,0.5450309302038949,1
143,750,0.2,0.72,0.25,0.6667,1.0,1,0.5012451723120525,1
434,719,0.4,0.39,1.0,0.6667,0.5,2,0.5363404694373987,1
719,140,0.2,0.055,0.5,0.0,0.25,1,0.3126990529292727,1
14,17,0.2,0.75,0.5,0.5,0.75,1,0.39931085224776586,0
636,44,0.2,0.925,0.75,0.1667,0.25,1,0.5152482400560063,1
980,575,0.2,0.9,0.75,0.0833,0.75,1,0.42421036719332406,1
782,300,0.2,0.95,0.75,0.5,1.0,1,0.5400645509082919,1
362,210,0.2,0.915,0.25,0.3333,1.0,1,0.43696888814640444,0
784,262,0.2,0.515,0.5,0.75,0.5,1,0.32549762376699837,0
575,341,0.2,0.895,0.75,0.9167,0.75,1,0.5855608091803135,1
103,149,0.2,0.795,0.75,1.0,0.75,1,0.62016659718348,0
210,133,0.4,0.63,0.75,0.0833,0.5,2,0.509917092763528,0
843,73,0.2,0.255,0.75,0.0833,1.0,1,0.44494503508451577,1
65,102,0.2,0.69,1.0,0.3333,0.5,1,0.5897069316498165,0
122,506,0.2,0.81,0.25,0.25,0.5,1,0.2859087369415363,1
853,783,0.2,0.66,1.0,0.8333,1.0,1,0.6893373209068536,1
823,883,0.4,0.165,0.5,0.75,0.5,2,0.49645520749454397,1
740,920,0.2,0.435,1.0,0.5833,0.75,1,0.6003933020172366,1
265,15,0.6,0.86,0.5,0.4167,0.5,3,0.638282294828928,1
112,944,0.2,0.835,0.25,0.5833,0.75,1,0.34149572637903625,0
211,43,0.2,0.415,0.5,0.8333,0.75,1,0.4660684766603162,0
493,887,0.2,0.73,0.75,0.5833,0.0,1,0.36079145404222845,1
945,219,0.2,0.925,0.5,1.0,1.0,1,0.5950258547095209,0
210,558,0.2,0.795,0.0,0.9167,0.75,1,0.3813906574363803,1
196,918,0.2,0.825,1.0,0.5833,0.25,1,0.5606793120481668,0
153,933,0.2,0.85,0.75,0.5833,0.5,1,0.5623091723081378,0
556,81,0.2,0.2,0.75,0.5,0.75,1,0.3636271665092481,1
604,814,0.2,0.865,1.0,0.5833,0.75,1,0.5241319773783353,0
291,952,0.2,0.735,0.75,0.4167,0.75,1,0.42055823597399705,0
794,46,0.2,0.415,0.25,0.3333,0.5,1,0.2692676498852685,0
959,817,0.2,0.545,0.25,0.75,0.75,1,0.39857902811374907,1
202,556,0.4,0.83,0.75,0.75,0.75,2,0.6626932952219455,1
727,826,0.2,0.94,1.0,0.9167,0.75,1,0.5406413419973082,1
597,188,0.2,0.6,0.25,0.5833,0.75,1,0.36079338307475356,0
899,319,0.2,0.6,0.75,0.5,0.5,1,0.5427260165158364,1
621,657,0.2,0.545,1.0,0.75,1.0,1,0.5691993323189607,1
932,292,0.2,0.155,0.75,0.1667,1.0,1,0.411357764218764,0
125,639,0.2,0.42,0.75,0.75,0.25,1,0.4803056196978015,1
483,165,0.2,0.785,1.0,0.9167,0.5,1,0.6051094133932374,1
813,879,0.4,0.615,0.75,0.4167,0.75,2,0.6555571332112551,0
271,384,0.2,0.91,0.5,0.5,0.0,1,0.3214679760107914,1
530,991,0.2,0.345,0.25,0.25,0.5,1,0.2321232394806932,0
174,615,0.2,0.865,0.25,0.9167,0.25,1,0.320092011213585,0
806,35,0.2,0.995,0.25,0.8333,1.0,1,0.4114885038974527,0
302,747,0.2,0.93,0.75,0.5833,0.25,1,0.5857834195393181,0
365,897,0.4,0.97,0.25,0.9167,0.5,2,0.575562686660583,0
851,123,0.4,0.67,0.5,0.5,0.75,2,0.48909688528427864,1
438,684,0.2,0.335,0.75,0.6667,0.0,1,0.42556179023191837,1
428,60,0.2,0.255,0.75,0.75,0.5,1,0.3328391163437152,0
93,1,0.2,0.965,0.75,0.8333,0.75,1,0.6230909237040346,0
988,21,0.2,0.925,0.0,0.4167,0.75,1,0.35618483290901937,1
74,656,0.2,0.85,0.75,0.3333,1.0,1,0.4630560947235724,1
820,295,0.2,0.845,1.0,0.5833,0.5,1,0.6587088884550573,1
566,66,0.2,0.635,0.5,0.5,0.5,1,0.32315430997178346,0
916,527,0.2,0.83,1.0,1.0,0.5,1,0.6993730448664114,0
196,114,0.2,0.345,0.5,0.8333,0.5,1,0.30499292531552247,0
860,829,0.2,0.29,0.75,0.9167,0.75,1,0.4023473128991805,0
956,492,0.2,0.265,0.5,0.0833,0.75,1,0.3850247861238705,0
500,879,0.2,0.38,0.75,0.4167,0.75,1,0.5316430301607804,1
13,674,0.2,0.68,0.75,0.25,0.0,1,0.4693545297394297,0
297,29,0.2,0.89,0.25,0.8333,0.5,1,0.38029044137402,1
565,748,0.2,0.64,0.75,0.9167,0.5,1,0.46026908351599616,0
636,21,0.2,0.805,1.0,0.4167,0.5,1,0.4971033428772408,0
954,267,0.2,0.85,0.75,1.0,0.75,1,0.48578448011508046,0
563,580,0.4,0.4,0.0,0.5833,0.25,2,0.22997892952603816,0
974,632,0.2,0.345,0.25,0.1667,0.75,1,0.26791568210223127,0
416,523,0.4,0.96,1.0,0.4167,0.25,2,0.6465375841210264,1
384,504,0.2,0.97,1.0,0.25,0.0,1,0.5140221997885213,0
269,257,0.2,0.805,0.5,0.9167,0.25,1,0.4616375785467311,0
318,672,0.2,0.15,0.25,0.5833,0.25,1,0.22556433945205512,0
14,860,0.2,0.89,0.5,0.8333,0.5,1,0.3868424087907912,1
419,856,0.2,0.335,0.75,0.5,1.0,1,0.4909762328262903,1
804,922,0.4,0.885,0.75,0.5,0.0,2,0.6092880128425824,0
794,864,0.2,0.69,0.25,1.0,0.25,1,0.40574850674591134,1
848,933,0.2,0.385,1.0,0.9167,0.75,1,0.5933031228975951,1
805,340,0.2,0.97,0.0,0.1667,0.0,1,0.15734210000480148,0
775,538,0.4,0.65,1.0,1.0,0.75,2,0.7104485224721712,1
417,350,0.2,0.945,0.0,1.0,1.0,1,0.3930902913339556,1
525,556,0.2,0.9,0.5,1.0,1.0,1,0.5897356854693181,0
334,965,0.2,0.38,0.0,0.6667,0.75,1,0.36895211896064184,0
606,692,0.2,0.62,0.5,0.5,1.0,1,0.5441836600415446,0
225,214,0.2,0.9,0.5,0.5,0.75,1,0.43103962620997005,0
767,769,0.2,0.56,0.75,0.4167,0.5,1,0.35256416652803446,0
699,33,0.2,0.585,1.0,0.5833,0.5,1,0.4909123113711437,0
449,931,0.2,0.81,0.0,0.5833,0.5,1,0.3035266812704337,0
278,602,0.2,0.355,1.0,0.75,0.25,1,0.4617182726593232,1
815,508,0.2,0.7,0.5,0.9167,1.0,1,0.569498302274743,1
186,490,0.2,0.965,1.0,0.5,0.75,1,0.5455205382482877,1
61,670,0.2,0.97,0.75,0.25,0.25,1,0.5246034839533946,1
589,340,0.6,0.765,0.75,0.0,0.5,3,0.6797340028678837,0
895,245,0.2,0.685,0.25,0.8333,1.0,1,0.5253819428037916,1
79,688,0.2,0.75,0.5,0.8333,0.75,1,0.541386923765999,0
490,620,0.2,0.705,0.75,0.5833,0.25,1,0.42164740003170365,1
15,291,0.2,0.7,0.5,1.0,0.75,1,0.44743847968383693,1
221,94,0.2,0.505,0.75,0.3333,1.0,1,0.4615384813785155,0
738,770,0.4,0.285,0.5,0.9167,0.25,2,0.4217375638437042,0
156,389,0.4,0.67,1.0,0.4167,0.75,2,0.6940885811260025,1
232,286,0.2,0.785,0.5,0.5833,0.5,1,0.45493645704732033,0
447,998,0.2,0.83,0.75,0.5,1.0,1,0.45440864260394337,0
381,808,0.2,0.85,0.75,0.8333,0.75,1,0.564419051250531,0
509,807,0.2,0.19,1.0,0.75,0.75,1,0.577254724539145,1
682,600,0.2,0.615,0.0,0.75,0.75,1,0.30831141433885995,1
765,820,0.2,0.77,1.0,0.5833,0.75,1,0.5737434590332474,0
600,722,0.4,0.975,1.0,0.9167,1.0,2,0.7295286980831497,1
118,685,0.2,0.735,1.0,1.0,0.25,1,0.5318711087193351,0
976,83,0.2,0.56,0.75,0.5833,1.0,1,0.5969547001573758,1
390,170,0.2,0.855,0.5,0.75,0.5,1,0.5418866881163829,1
945,439,0.4,0.875,0.5,0.5,1.0,2,0.5418419889991746,1
703,934,0.2,0.03,0.25,0.5,0.75,1,0.3594946872935085,1
687,79,0.4,0.435,0.75,0.5,0.75,2,0.5484348404880194,0
731,208,0.4,0.98,0.25,0.5833,0.75,2,0.4797863207717979,1
988,618,0.2,0.7,0.25,0.5833,0.5,1,0.39116466917207476,1
835,732,0.2,0.63,0.25,0.4167,0.5,1,0.26065640356475567,1
700,396,0.2,0.725,1.0,1.0,0.0,1,0.44653360932540925,1
198,508,0.4,0.6,1.0,0.5833,1.0,2,0.635382171919032,1
964,24,0.2,0.595,0.75,0.3333,0.5,1,0.5270013917750448,1
160,732,0.2,0.155,1.0,0.4167,0.5,1,0.5283975732981199,0
262,829,0.4,0.52,0.75,0.75,0.5,2,0.47555372638861737,0
241,217,0.2,0.965,0.25,0.1667,0.5,1,0.40082503804352015,0
212,714,0.2,0.79,0.75,0.6667,0.25,1,0.5747243606108606,0
222,679,0.2,0.68,0.25,1.0,0.75,1,0.4656700872314428,0
669,843,0.2,0.8,1.0,0.1667,0.25,1,0.40431425991213826,0
777,843,0.4,0.95,0.75,1.0,0.25,2,0.6957033218594799,1
680,750,0.2,0.93,1.0,0.8333,0.75,1,0.6291228778467102,1
242,209,0.2,0.935,0.25,0.25,1.0,1,0.4606356759038538,0
905,966,0.2,0.755,1.0,0.6667,0.75,1,0.5587712821577325,0
469,418,0.2,0.285,0.75,0.3333,0.5,1,0.4048764011653294,0
280,29,0.2,0.385,0.25,0.9167,0.75,1,0.40503244923706216,0
591,42,0.2,0.27,0.5,0.3333,0.5,1,0.3903336181875634,0
262,149,0.2,0.76,0.75,0.8333,1.0,1,0.6240432923429351,0
738,971,0.2,0.37,1.0,0.5833,0.5,1,0.4151661118333839,1
909,349,0.2,0.79,1.0,0.75,0.75,1,0.691137679393909,1
905,864,0.2,0.92,0.25,0.3333,1.0,1,0.35148571959602554,0
74,944,0.2,0.455,1.0,1.0,0.5,1,0.5430399123420765,0
399,383,0.2,0.31,0.75,0.1667,0.0,1,0.3345551479700606,1
753,278,0.2,0.71,0.75,0.9167,0.25,1,0.4974862985356986,0
674,720,0.2,0.515,0.5,0.8333,0.0,1,0.40821337802722996,1
452,413,0.2,0.755,0.75,0.8333,0.25,1,0.49373235405039606,1
882,782,0.2,0.85,0.25,0.9167,0.75,1,0.34367691858702154,0
956,7,0.4,0.69,0.5,0.0833,0.75,2,0.4851557459206374,0
836,998,0.2,0.265,0.75,0.6667,0.25,1,0.48779017484768195,1
786,482,0.2,0.89,0.75,0.8333,0.75,1,0.6043617325205884,0
782,149,0.2,0.785,0.25,0.9167,1.0,1,0.4301640750216711,1
213,925,0.2,0.825,0.75,0.9167,0.75,1,0.4917646843743793,0
768,714,0.2,0.795,1.0,0.4167,0.5,1,0.45846093630655604,0
402,896,0.2,0.255,1.0,0.3333,0.75,1,0.47872456792620033,1
559,95,0.2,0.485,0.25,0.3333,0.25,1,0.2301417465454705,0
706,887,0.2,0.88,0.25,0.9167,0.5,1,0.34143851067419284,1
716,225,0.2,0.88,0.25,0.8333,0.75,1,0.386849101276882,0
818,710,0.4,0.915,0.25,0.9167,0.5,2,0.562680094536355,1
762,467,0.2,0.215,0.25,0.8333,0.25,1,0.3021728010990923,1
76,132,0.2,0.62,1.0,0.5833,0.25,1,0.4558841009160243,1
742,111,0.2,0.265,0.25,0.5,1.0,1,0.29856068640141253,1
21,278,0.2,0.975,0.75,0.75,0.5,1,0.5743506549343402,1
554,547,0.2,0.9,1.0,1.0,1.0,1,0.74571658970962,1
405,277,0.2,0.49,0.75,0.4167,1.0,1,0.42160138341732034,1
293,39,0.2,0.43,0.75,0.0833,1.0,1,0.5089074818294737,1
702,612,0.2,0.43,0.5,0.8333,0.5,1,0.4181937029026318,0
533,531,0.2,0.505,0.5,0.5833,0.25,1,0.33083968536602026,0
210,843,0.4,0.86,0.5,0.1667,0.25,2,0.4719609739706037,0
732,33,0.2,0.495,1.0,0.8333,1.0,1,0.6611779240806321,0
922,506,0.4,0.605,0.75,0.4167,0.25,2,0.5212345281658295,0
494,293,0.2,0.975,0.5,0.75,0.5,1,0.5512165472690006,0
907,198,0.2,0.34,1.0,0.8333,0.5,1,0.5598043068272467,0
894,570,0.2,0.325,1.0,0.25,0.5,1,0.5222451377466466,0
592,340,0.2,0.83,0.5,0.9167,1.0,1,0.47358385918728996,1
8,30,0.2,0.905,0.0,0.8333,0.5,1,0.27460164127406084,0
808,126,0.2,0.205,0.75,0.5,0.75,1,0.37243311820975317,0
33,802,0.2,0.485,0.5,0.9167,0.5,1,0.46706624803376917,0
801,866,0.2,0.925,0.75,0.9167,0.75,1,0.6187342084737798,1
706,725,0.2,0.795,0.75,0.5,0.5,1,0.5327975482497109,1
905,307,0.4,0.51,0.25,0.75,0.0,2,0.3274729788920427,0
687,730,0.4,0.41,0.5,0.8333,0.0,2,0.5036161099318651,0
38,177,0.2,0.87,0.0,0.25,1.0,1,0.26300027194600484,0
988,95,0.2,0.92,0.75,0.8333,0.25,1,0.4138430494365467,0
480,967,0.2,0.585,0.0,0.6667,0.75,1,0.33069857772733113,0
23,681,0.2,0.405,0.5,1.0,0.75,1,0.3619710738578244,0
106,111,0.4,0.455,1.0,0.75,0.75,2,0.5978086327856155,0
269,681,0.2,0.78,1.0,0.75,0.75,1,0.5665873057550773,0
210,625,0.2,0.88,0.5,1.0,1.0,1,0.5281222906869841,1
781,436,0.2,0.375,0.75,0.75,0.75,1,0.46268543473798557,0
791,646,0.4,0.905,0.5,0.5833,0.75,2,0.570741379418687,0
562,522,0.2,0.885,0.25,1.0,0.5,1,0.4197729574503144,0
911,140,0.4,0.94,0.75,0.4167,1.0,2,0.6940166502645942,1
262,328,0.4,0.56,0.75,0.75,0.75,2,0.6187010202120765,1
341,849,0.2,0.63,0.5,0.8333,0.75,1,0.4868066799635231,0
350,680,0.2,0.685,0.0,0.75,0.75,1,0.38121994345562227,1
694,99,0.2,0.925,1.0,0.3333,1.0,1,0.6707641644104387,1
322,844,0.2,0.955,1.0,0.75,0.5,1,0.547015260313178,1
616,465,0.2,0.75,0.5,0.5,0.25,1,0.39351617352646967,0
347,630,0.2,0.835,0.5,0.0833,1.0,1,0.4432989787175544,0
265,262,0.6,0.955,1.0,0.5833,0.75,3,0.6769397750376096,1
631,834,0.2,0.39,0.75,0.8333,0.75,1,0.45724964006271096,0
621,790,0.2,0.755,0.75,0.3333,0.0,1,0.3832158684645696,1
585,874,0.2,0.45,0.75,0.25,1.0,1,0.41697867561739554,0
301,926,0.2,0.575,0.0,0.4167,0.75,1,0.23689676364969225,1
912,471,0.2,0.865,1.0,0.0833,0.5,1,0.6160382397240276,1
922,912,0.2,0.945,0.75,0.8333,0.25,1,0.5375124396636756,0
879,329,0.2,0.545,0.75,0.9167,0.75,1,0.5806355979971372,1
312,996,0.2,0.46,1.0,0.75,1.0,1,0.5622943071893753,0
173,519,0.2,0.9,0.0,0.5833,0.25,1,0.3323952673216454,1
892,932,0.2,0.285,0.5,0.0833,0.5,1,0.306869354132222,0
290,391,0.2,0.14,0.5,1.0,0.0,1,0.2578473774859773,0
228,1,0.2,0.575,0.25,0.8333,0.5,1,0.2717525433094101,0
595,874,0.2,0.99,0.5,0.9167,0.75,1,0.5946398957212814,1
374,858,0.2,0.835,0.0,0.8333,1.0,1,0.48526708705418875,1
293,870,0.2,0.97,0.25,0.8333,0.75,1,0.3646828680572465,0
1000,746,0.2,0.35,1.0,1.0,0.5,1,0.6143287170574612,0
378,773,0.2,0.945,0.5,0.3333,0.75,1,0.4499929847736913,0
324,924,0.2,0.925,0.5,0.5,0.25,1,0.41135750174819874,1
731,540,0.2,0.87,0.75,0.1667,0.25,1,0.3809104358375634,0
71,512,0.2,0.97,0.75,0.4167,0.5,1,0.5520429196426462,1
393,792,0.2,0.735,0.75,0.3333,0.5,1,0.49777395602512425,1
827,680,0.2,0.845,1.0,0.6667,0.75,1,0.631129447089648,0
877,463,0.2,0.765,0.75,0.8333,0.25,1,0.5709157562292161,1
146,90,0.2,0.445,1.0,0.8333,0.25,1,0.49643557595448107,1
795,862,0.2,0.84,1.0,0.1667,0.5,1,0.4315259388093526,0
697,507,0.2,0.685,0.5,0.1667,0.25,1,0.4009726714371001,0
10,349,0.2,0.81,1.0,1.0,0.5,1,0.5401542466651196,1
407,583,0.2,0.9,0.75,0.3333,0.25,1,0.44134934345024657,1
633,561,0.2,0.41,0.5,0.6667,0.75,1,0.49821658550750425,1
89,66,0.2,0.87,1.0,0.5833,0.75,1,0.5024122892821455,1
710,672,0.4,0.73,0.75,0.5,0.75,2,0.6347934745375259,0
275,101,0.2,0.875,0.0,0.8333,0.5,1,0.4309307261703604,1
91,645,0.2,0.9,0.75,0.5,1.0,1,0.6142902170898736,0
956,14,0.2,0.26,0.5,0.3333,0.25,1,0.2604790319744846,0
21,528,0.2,0.445,0.75,0.9167,0.75,1,0.5133012152712008,1
471,69,0.2,0.48,0.25,0.0833,1.0,1,0.38819357136891075,0
236,347,0.2,0.595,0.75,0.6667,1.0,1,0.5573031473607981,0
64,985,0.2,0.68,0.25,0.8333,0.75,1,0.32779322928585,0
456,656,0.4,0.645,0.25,0.75,0.0,2,0.3977722532904642,0
114,142,0.4,0.97,0.5,0.9167,0.25,2,0.5505437777420995,1
201,851,0.2,0.73,0.5,0.5833,0.5,1,0.4104022238679261,0
404,585,0.2,0.405,0.25,1.0,0.75,1,0.43106566028948035,1
330,415,0.4,0.62,0.25,0.75,0.25,2,0.35233764356936037,0
793,816,0.2,0.71,0.25,0.0,0.25,1,0.20860490408030766,0
239,913,0.2,0.78,0.5,0.8333,1.0,1,0.4291686417562624,0
655,599,0.2,0.92,1.0,0.9167,0.25,1,0.6250302004880466,1
331,829,0.2,0.975,0.75,0.25,1.0,1,0.5559712165124526,1
659,860,0.2,0.56,0.5,0.3333,0.5,1,0.35747013321204,1
689,81,0.2,0.805,0.25,0.9167,0.75,1,0.49872087441590107,0
219,72,0.2,0.555,0.5,0.0833,0.75,1,0.3075438395755531,1
352,748,0.2,0.87,1.0,0.75,0.5,1,0.5909502766517195,1
140,299,0.2,0.11,0.75,0.25,0.25,1,0.4125365610482209,0
899,320,0.2,0.45,1.0,0.3333,0.5,1,0.5387637511157626,0
822,762,0.2,0.93,0.75,0.3333,1.0,1,0.5766033780977433,1
948,995,0.4,0.93,0.75,0.5,0.5,2,0.58349455462171,0
484,15,0.2,0.72,1.0,1.0,0.75,1,0.5610123250195507,1
506,298,0.4,0.77,0.75,1.0,0.5,2,0.6824403386600675,0
381,689,0.2,0.87,0.5,0.5833,0.5,1,0.4340216802385737,1
377,649,0.2,0.34,1.0,0.9167,0.25,1,0.5000449791671964,0
703,805,0.2,0.62,0.75,0.5833,1.0,1,0.5098788066702385,0
436,843,0.4,0.36,0.75,0.5833,0.25,2,0.3947364855431555,0
810,732,0.2,0.955,0.5,0.6667,0.75,1,0.5778436537517502,0
892,370,0.2,0.3,0.0,0.9167,0.25,1,0.2949625402757815,0
299,755,0.2,0.765,0.75,0.6667,1.0,1,0.6141768695776477,1
527,661,0.2,0.755,0.75,0.3333,0.75,1,0.5873177082232933,0
953,920,0.2,0.9,0.75,0.8333,0.75,1,0.5430286946930108,1
191,968,0.2,0.895,1.0,0.8333,0.75,1,0.5749942735903539,1
208,101,0.2,0.785,1.0,0.9167,0.5,1,0.6443696735814144,1
563,956,0.2,0.785,0.5,0.8333,0.5,1,0.4119993236315356,1
790,687,0.2,0.745,0.5,0.8333,1.0,1,0.5434393632554646,1
349,930,0.2,0.895,1.0,0.5833,0.5,1,0.6232876468086874,0
219,437,0.2,0.61,0.5,0.25,1.0,1,0.4892567240281603,1
367,901,0.2,0.915,1.0,0.5833,0.75,1,0.5555245457495653,0
306,921,0.2,0.75,0.75,0.0,0.75,1,0.40810020996532925,0
760,430,0.2,0.52,0.75,0.25,0.5,1,0.5088430110530937,0
852,546,0.2,0.885,0.5,0.1667,0.75,1,0.4471333942117442,1
225,497,0.2,0.925,0.25,0.8333,0.5,1,0.33650033086364584,0
998,169,0.2,0.965,0.5,0.9167,0.25,1,0.40588619365493633,0
522,21,0.2,0.405,0.25,0.75,0.75,1,0.3085367434109801,0
188,132,0.2,0.88,0.5,0.75,1.0,1,0.4665327442737148,0
106,437,0.2,0.48,0.75,0.6667,0.75,1,0.4079652283381424,0
942,763,0.2,0.965,0.5,1.0,1.0,1,0.572616892575386,0
995,204,0.2,0.64,0.0,0.5833,0.75,1,0.31405220040925313,0
524,770,0.2,0.785,1.0,0.9167,0.75,1,0.5933059216578083,0
237,703,0.2,0.51,1.0,0.4167,0.0,1,0.49115437130525275,0
909,925,0.2,0.545,0.25,0.8333,0.25,1,0.27751988950979695,0
769,534,0.2,0.415,0.5,0.5833,0.25,1,0.3324459058347304,0
993,351,0.2,0.905,0.0,1.0,0.75,1,0.4905895676097799,1
134,689,0.2,1.0,1.0,0.8333,0.75,1,0.5996666779928599,1
193,823,0.2,0.905,0.5,0.4167,0.25,1,0.3420598427541214,0
985,62,0.2,0.925,0.5,0.6667,0.75,1,0.5390064561274872,1
144,816,0.2,0.325,1.0,0.6667,0.5,1,0.48893366644149405,1
362,416,0.2,0.87,1.0,0.9167,1.0,1,0.5828857997078081,1
859,625,0.2,0.48,1.0,0.1667,1.0,1,0.6091770366803428,0
435,429,0.4,0.475,0.5,0.75,0.75,2,0.5909489398454528,1
903,659,0.2,0.85,0.75,0.25,1.0,1,0.605989149864546,1
845,53,0.2,0.45,0.25,0.9167,0.75,1,0.38986505111263026,0
974,944,0.2,0.86,0.25,0.25,0.75,1,0.34644337852544776,0
374,496,0.2,0.4,0.75,1.0,0.25,1,0.5078805231618047,1
897,978,0.2,0.94,0.25,0.5833,0.75,1,0.42809323543555533,0
110,705,0.2,0.865,0.75,0.25,1.0,1,0.43476675891554195,0
211,478,0.2,1.0,0.5,0.9167,0.75,1,0.5253394694568554,1
849,899,0.4,0.865,1.0,0.9167,0.25,2,0.5917851788258124,1
804,72,0.2,0.33,0.75,0.8333,0.25,1,0.48309791657697776,0
672,337,0.2,0.675,0.75,0.8333,0.5,1,0.5812294271655596,1
956,427,0.2,0.87,1.0,0.0,0.75,1,0.63433172055712,0
483,816,0.2,0.735,1.0,0.8333,0.5,1,0.6665441135130771,1
665,434,0.2,0.765,1.0,0.9167,0.5,1,0.5139939683230814,1
719,929,0.4,0.34,0.5,0.25,1.0,2,0.5573687243415408,0
97,238,0.2,0.835,1.0,0.6667,1.0,1,0.5797408538017685,0
151,722,0.2,0.695,1.0,0.4167,0.75,1,0.5693492398400963,1
931,908,0.2,0.55,0.25,0.3333,0.5,1,0.35506983347693244,0
941,536,0.2,0.99,0.5,0.8333,0.75,1,0.5841620062460142,1
340,702,0.2,0.835,0.5,0.75,0.5,1,0.47918120958463795,1
949,344,0.4,0.225,0.25,1.0,1.0,2,0.49408794089751457,1
188,303,0.2,0.8,1.0,0.4167,0.25,1,0.6127036269628792,0
832,489,0.2,0.585,1.0,1.0,0.25,1,0.44959237002811847,0
743,657,0.2,0.64,0.75,0.75,0.5,1,0.4483742970583889,0
579,431,0.2,0.83,1.0,0.6667,0.75,1,0.5953184697920945,1
11,1,0.2,0.625,0.25,0.9167,0.5,1,0.33311091909166546,0
509,883,0.4,0.225,0.5,0.8333,1.0,2,0.4760270261785982,1
281,584,0.2,0.855,1.0,1.0,0.5,1,0.698121128613211,0
606,323,0.2,0.905,0.75,0.8333,0.75,1,0.6487202875678468,1
958,53,0.2,0.9,0.5,0.75,0.75,1,0.4168838191054817,0
18,521,0.2,0.565,0.75,0.3333,0.75,1,0.5451348846958043,1
36,79,0.6,0.515,0.5,0.9167,0.75,3,0.5499843413514468,0
589,402,0.2,0.345,0.25,0.8333,0.5,1,0.3942416670783697,0
857,228,0.2,0.59,0.0,0.8333,0.25,1,0.35785736993174605,0
408,71,0.2,0.925,0.5,0.1667,1.0,1,0.36167689555843247,0
24,302,0.2,0.87,1.0,0.75,0.25,1,0.5939429462255783,0
624,292,0.4,0.36,0.75,0.3333,0.25,2,0.5571401005340394,1
614,102,0.2,0.76,0.75,0.0,0.25,1,0.4035917251797454,1
697,737,0.2,0.64,0.5,0.9167,0.75,1,0.3911669457425766,0
396,865,0.2,0.81,0.75,0.3333,0.25,1,0.5053049790356123,1
836,566,0.2,0.125,0.5,0.75,0.75,1,0.38338886144029294,0
949,503,0.2,0.81,0.75,0.9167,1.0,1,0.6267291604598982,1
843,192,0.2,0.945,1.0,0.25,1.0,1,0.6235270212501065,0
325,881,0.2,0.07,0.75,0.6667,0.0,1,0.35551708609009863,1
38,750,0.2,0.99,0.0,0.4167,1.0,1,0.4395612232220228,1
300,412,0.2,0.975,0.5,0.9167,0.75,1,0.4535016006981101,1
247,427,0.2,0.985,1.0,1.0,0.75,1,0.708799125023037,1
882,30,0.2,0.87,0.25,0.8333,0.75,1,0.36764419518180913,0
612,413,0.2,0.905,0.5,0.25,0.75,1,0.38099932045018137,0
900,785,0.2,0.26,0.75,0.75,1.0,1,0.49333424749156973,1
644,912,0.2,1.0,0.5,0.5,0.75,1,0.41223665828966977,0
802,539,0.2,0.22,0.75,0.9167,0.75,1,0.3841983566417634,0
336,142,0.2,0.985,0.0,0.9167,1.0,1,0.4045426807365212,1
90,140,0.2,0.36,0.75,0.25,1.0,1,0.39928265420428716,1
834,426,0.2,0.39,0.75,0.75,0.25,1,0.39603371409211086,1
742,473,0.2,0.795,0.25,1.0,0.5,1,0.3350996402525287,0
381,643,0.2,0.78,0.75,0.5,0.75,1,0.43417647952334837,0
65,858,0.4,0.98,0.5,0.9167,0.5,2,0.6490676253453272,0
311,110,0.2,0.94,0.75,0.5833,0.75,1,0.474938421901287,1
62,860,0.4,0.695,0.75,1.0,0.5,2,0.5169122535489977,0
340,62,0.4,0.88,0.25,0.8333,0.0,2,0.5355401780791518,1
43,200,0.2,0.805,0.75,0.6667,0.5,1,0.5181429626998072,0
996,111,0.2,0.555,0.75,0.9167,0.5,1,0.5124835792214375,1
507,326,0.2,0.75,0.25,0.25,0.25,1,0.35537040026417605,1
984,428,0.2,0.665,0.75,0.75,0.5,1,0.5412588629497118,1
592,872,0.2,0.755,0.75,1.0,0.75,1,0.4697549053635028,0
277,864,0.4,0.845,0.25,1.0,0.75,2,0.43126857803099516,0
933,473,0.2,0.53,0.5,0.9167,0.25,1,0.31543358231656093,0
22,10,0.2,0.6,0.5,0.75,0.5,1,0.46423049757918455,0
575,394,0.4,1.0,0.5,0.8333,0.75,2,0.6713216616029047,0
288,421,0.2,0.405,0.75,0.0833,1.0,1,0.48563881375398077,1
465,92,0.2,0.805,0.75,0.6667,0.75,1,0.4679625190471264,0
940,829,0.2,0.395,0.75,0.6667,0.75,1,0.44687603827137806,1
210,107,0.2,0.93,0.5,0.9167,0.75,1,0.434481275605114,0
59,945,0.2,0.655,1.0,0.4167,1.0,1,0.6257291900507866,0
27,600,0.4,0.905,0.0,0.3333,0.75,2,0.5035033634627734,1
905,937,0.2,0.545,0.5,0.75,0.0,1,0.43484283763448384,1
769,612,0.2,0.775,0.25,0.9167,0.25,1,0.3664491629994062,0
861,200,0.2,0.52,1.0,0.9167,1.0,1,0.6516972658110598,1
338,128,0.2,0.965,0.75,0.25,0.75,1,0.5818373690321024,1
255,799,0.4,0.98,1.0,0.75,0.75,2,0.6969605780396457,0
876,353,0.2,0.75,1.0,0.6667,0.5,1,0.6417530211912661,1
485,102,0.2,0.81,1.0,0.8333,0.75,1,0.5745243121644463,0
930,32,0.2,0.265,0.0,0.6667,0.75,1,0.16355387531669452,0
374,730,0.2,0.96,0.0,1.0,0.75,1,0.46112575956045126,1
474,107,0.2,0.775,1.0,0.5,0.25,1,0.567252611154943,1
478,251,0.6,0.26,0.75,0.9167,0.5,3,0.5929328330330924,0
604,714,0.2,0.93,0.5,0.9167,1.0,1,0.4657719626432691,0
710,790,0.4,0.72,0.75,0.3333,1.0,2,0.570799860829848,0
539,802,0.2,0.22,0.75,0.9167,0.75,1,0.46918494080769324,0
246,823,0.2,0.395,0.75,0.6667,0.5,1,0.4364961811644624,1
588,201,0.2,0.645,0.75,0.3333,0.5,1,0.4694654131053369,0
282,63,0.2,0.695,0.25,0.6667,0.75,1,0.32503772740848513,0
58,524,0.2,0.28,0.0,0.6667,1.0,1,0.28001157963475665,1
322,850,0.2,0.785,0.75,0.5833,0.75,1,0.5059222121672463,0
200,849,0.2,0.755,0.75,0.8333,0.25,1,0.5371896752100476,1
10,479,0.2,0.56,1.0,0.75,1.0,1,0.6813290785112205,1
403,337,0.2,0.96,1.0,0.75,0.5,1,0.6765991429237517,1
4,109,0.2,0.685,0.5,0.8333,0.0,1,0.31558504173664825,0
225,318,0.2,0.935,0.75,0.6667,0.5,1,0.5875919045861828,1
852,959,0.2,0.63,0.5,0.75,0.75,1,0.46535652691703333,0
598,964,0.2,0.87,0.5,0.1667,0.5,1,0.392417135152773,0
839,686,0.4,0.615,0.75,0.1667,1.0,2,0.4836553069800249,0
49,173,0.2,1.0,0.5,0.9167,0.5,1,0.5541696215094882,1
87,789,0.2,0.56,0.75,0.25,1.0,1,0.5607456469582209,1
880,375,0.2,0.845,0.5,0.75,0.75,1,0.43600840253477596,0
749,179,0.4,0.5,1.0,0.8333,0.25,2,0.6732684616962898,1
512,114,0.2,0.92,0.75,0.9167,1.0,1,0.5943785775288217,1
318,172,0.2,0.74,1.0,0.0,0.5,1,0.5079849241996338,0
481,973,0.2,0.25,1.0,1.0,0.75,1,0.4655771529156301,1
733,318,0.2,0.76,1.0,0.5,0.0,1,0.496546847139893,1
908,790,0.2,0.83,0.75,0.3333,0.5,1,0.39838746535471026,0
252,511,0.2,0.84,0.25,0.8333,0.25,1,0.44674969496683625,0
461,562,0.8,0.72,1.0,0.5833,1.0,4,0.7593548425729874,1
965,498,0.2,0.865,0.75,0.9167,0.75,1,0.468699934995922,0
246,199,0.2,0.83,0.75,0.75,0.5,1,0.6088402684903153,1
552,245,0.2,0.705,0.75,1.0,1.0,1,0.6413956693801782,1
158,844,0.4,0.585,0.75,0.8333,1.0,2,0.5667409813902023,0
567,982,0.2,0.925,0.75,0.8333,0.75,1,0.5626437569397298,0
677,499,0.2,0.135,0.5,0.9167,0.75,1,0.3688095447872198,0
142,162,0.2,0.43,0.0,0.9167,0.75,1,0.3917315014192514,1
514,886,0.2,0.73,1.0,0.75,0.5,1,0.5139865307832848,1
46,792,0.2,0.38,0.5,0.9167,0.5,1,0.48084529523980846,0
699,279,0.2,0.8,0.5,0.5833,0.25,1,0.44262207191929315,1
736,762,0.2,0.425,0.75,0.8333,0.75,1,0.5044412599218918,0
750,932,0.2,0.65,0.5,0.4167,0.25,1,0.44183139486361755,1
153,32,0.2,0.83,0.5,0.5833,1.0,1,0.5399871392112772,1
842,887,0.2,0.91,1.0,0.75,0.0,1,0.48527696140495413,0
490,110,0.2,0.72,1.0,0.75,0.5,1,0.6272177713924092,1
405,171,0.4,0.87,0.75,0.75,0.25,2,0.6324869730357761,0
86,80,0.2,0.615,0.25,0.9167,0.25,1,0.4304912717667433,0
41,985,0.2,0.81,1.0,0.5833,0.5,1,0.619686789405361,1
236,1,0.4,0.22,0.75,0.8333,0.5,2,0.563839983004053,1
638,995,0.2,0.275,0.0,0.9167,0.25,1,0.22055079793255986,0
328,15,0.2,0.375,0.25,0.9167,0.5,1,0.40352593868581155,1
176,243,0.2,0.39,0.75,0.3333,0.0,1,0.37943529442296886,0
73,846,0.2,0.185,0.75,0.75,0.5,1,0.33979780617559696,0
637,426,0.2,0.94,1.0,0.9167,0.75,1,0.6930656499321199,0
575,155,0.2,0.425,0.75,0.9167,0.75,1,0.48442591907604904,1
467,4,0.2,0.49,1.0,0.4167,0.25,1,0.40999183812160145,1
252,121,0.6,0.625,0.5,1.0,0.5,3,0.6849549688183517,0
218,576,0.2,0.44,0.75,0.8333,0.75,1,0.49538035741473074,0
615,227,0.2,0.52,0.75,0.8333,0.25,1,0.3739984545912528,1
149,244,0.2,0.875,0.75,0.9167,0.5,1,0.5879470337178191,1
838,656,0.2,0.425,0.75,0.9167,1.0,1,0.44182068209054387,1
690,877,0.2,0.745,1.0,0.4167,1.0,1,0.6736650836567084,0
416,865,0.4,0.635,0.75,0.1667,0.25,2,0.5661686456434882,0
79,612,0.2,0.915,0.75,0.1667,0.25,1,0.49187783677417185,0
596,679,0.2,0.92,0.0,0.5833,0.75,1,0.30597901910323827,0
765,596,0.2,0.96,0.75,0.9167,0.75,1,0.6535634440773601,1
525,486,0.2,0.26,0.5,0.6667,0.25,1,0.42489181836597123,0
571,559,0.2,0.09,0.75,0.5833,0.25,1,0.284704763020728,1
330,844,0.4,0.99,1.0,0.9167,0.75,2,0.7135005885720066,1
875,892,0.2,0.91,0.5,0.6667,1.0,1,0.5793228419257999,0
845,299,0.2,0.77,0.25,0.3333,0.0,1,0.3730446536134755,1
843,400,0.2,0.3,0.75,0.6667,0.75,1,0.5109892382715207,0
29,555,0.2,0.93,0.75,0.25,1.0,1,0.4942346270598532,0
680,976,0.2,0.975,0.5,0.5,0.5,1,0.5499289207361113,0
708,600,0.2,0.795,1.0,0.1667,0.75,1,0.532149099598602,1
804,439,0.2,0.575,0.25,0.75,0.5,1,0.36646970146537206,0
377,613,0.2,0.505,0.25,0.8333,0.75,1,0.41208811244767585,0
823,321,0.2,0.455,0.75,0.5,1.0,1,0.47931256034828174,1
302,831,0.2,0.765,0.5,0.9167,0.75,1,0.4768551482808887,0
692,271,0.2,0.8,0.0,0.75,0.5,1,0.25957247447549225,0
978,897,0.2,0.94,0.25,0.5833,0.75,1,0.3794443219446929,1
64,346,0.4,0.705,0.5,0.75,0.75,2,0.6027128889097201,0
815,507,0.2,0.94,0.5,0.6667,0.5,1,0.4535803715007542,0
51,197,0.2,0.89,0.75,0.75,0.75,1,0.4587015240020572,1
50,943,0.2,0.605,0.75,0.5833,0.75,1,0.5497486921206318,1
861,19,0.2,0.865,0.5,0.8333,0.0,1,0.4625364581333775,0
200,185,0.4,0.34,1.0,0.75,0.0,2,0.4852255218366055,0
64,877,0.2,0.455,0.5,0.75,1.0,1,0.4622545219837367,1
347,11,0.4,1.0,0.25,0.9167,0.0,2,0.5499336448764183,1
730,432,0.2,0.63,1.0,0.75,1.0,1,0.5640153478723837,1
202,495,0.2,0.64,0.5,0.75,0.0,1,0.28344455795373413,1
278,935,0.2,0.835,0.75,0.8333,0.5,1,0.4952574264812579,1
909,332,0.4,0.675,0.0,0.5833,0.5,2,0.4358484862272403,0
970,199,0.4,0.91,1.0,0.8333,0.5,2,0.7737355620748291,1
159,6,0.2,0.835,0.75,0.8333,1.0,1,0.5173891413579159,0
453,446,0.4,0.79,0.5,1.0,0.75,2,0.48174854023581687,0
919,394,0.2,0.945,0.75,0.75,0.25,1,0.5380493348115161,1
67,598,0.2,0.51,0.25,0.3333,0.75,1,0.34319057883286774,0
88,373,0.2,0.89,0.0,1.0,0.75,1,0.4120148341114034,1
268,737,0.2,0.765,1.0,0.9167,0.5,1,0.5553802330285625,0
810,337,0.2,0.76,1.0,0.75,1.0,1,0.6941384826870187,1
627,112,0.2,0.715,0.75,0.5833,0.5,1,0.4554086202738905,0
64,403,0.2,0.83,0.75,0.8333,0.75,1,0.4564598670698863,0
802,826,0.2,0.51,0.25,0.8333,0.0,1,0.2059861411250623,0
420,679,0.2,0.545,0.25,0.4167,0.75,1,0.2466628808243025,0
31,180,0.2,0.375,0.0,0.3333,0.5,1,0.19597906094540912,1
184,941,0.2,0.595,0.0,0.9167,1.0,1,0.2913489382890127,0
300,512,0.2,0.65,1.0,0.8333,0.5,1,0.5182312657769459,0
807,461,0.2,0.43,0.25,0.3333,1.0,1,0.43125025579939874,1
949,173,0.2,0.415,1.0,0.75,0.5,1,0.49226398269857274,0
29,478,0.2,0.89,0.5,0.5833,0.75,1,0.47425695073627944,0
947,631,0.2,0.55,0.75,0.75,0.25,1,0.3936476783776715,0
231,82,0.2,0.845,0.5,0.9167,0.5,1,0.3892829020489521,0
845,9,0.2,0.865,0.0,0.25,0.5,1,0.2362670169939333,0
956,179,0.2,0.76,0.75,0.6667,0.25,1,0.3766302498691698,0
251,776,0.4,0.385,0.5,0.6667,0.75,2,0.526158498459643,0
5,899,0.4,0.92,0.25,0.3333,1.0,2,0.3950509126129092,1
523,954,0.2,0.585,0.75,0.9167,0.75,1,0.4259975628206216,0
516,958,0.2,0.56,0.75,0.75,0.5,1,0.542582567805878,0
659,58,0.2,0.715,0.0,0.5,0.5,1,0.3200320618960708,0
240,692,0.2,0.9,0.0,0.5,0.75,1,0.36213563003456006,0
605,530,0.2,0.855,0.5,0.6667,1.0,1,0.4221103232987574,1
591,185,0.4,0.23,0.75,0.6667,0.25,2,0.4869871497726392,1
958,26,0.2,0.95,1.0,0.75,0.25,1,0.6482822816000305,0
645,105,0.2,0.725,0.25,0.75,0.5,1,0.3577839011284756,0
588,161,0.2,0.72,0.0,0.6667,0.75,1,0.24164519292009612,0
685,922,0.2,0.855,0.75,0.75,0.25,1,0.5562508743306191,0
970,658,0.2,0.93,0.25,0.6667,1.0,1,0.5361251023546685,0
818,732,0.2,0.685,0.75,0.8333,1.0,1,0.45926388461815565,0
711,225,0.2,0.425,1.0,0.8333,1.0,1,0.5012744613403713,0
540,187,0.2,0.89,0.75,0.5,1.0,1,0.6477399578205457,0
536,949,0.2,0.98,0.5,0.6667,0.5,1,0.5594583382328372,1
100,1,0.2,0.685,0.25,0.9167,0.75,1,0.3499321139924806,1
533,27,0.2,0.88,0.25,0.8333,0.5,1,0.3987480677908692,0
941,386,0.2,0.96,0.25,0.25,1.0,1,0.35665480625883195,0
635,428,0.2,0.995,0.5,0.9167,0.75,1,0.4977728404429483,0
455,239,0.2,0.78,0.25,0.5833,0.75,1,0.3710203150627735,0
858,732,0.2,0.95,0.25,0.5833,0.75,1,0.37890104974467265,1
455,318,0.2,0.53,0.75,0.8333,0.5,1,0.5499834990336967,1
10,68,0.2,0.66,1.0,0.9167,0.5,1,0.604051907522797,0
339,869,0.2,0.67,0.25,0.5,0.25,1,0.3733656655091372,0
193,34,0.2,0.645,0.75,0.8333,1.0,1,0.6428003028223644,0
586,306,0.2,0.51,1.0,0.75,0.75,1,0.47972853551596706,0
208,144,0.2,0.66,0.0,0.9167,0.75,1,0.3048185449168921,0
739,469,0.2,0.8,0.75,0.3333,0.75,1,0.5245472936756874,0
147,623,0.2,0.275,0.0,0.8333,0.5,1,0.3457297510553846,1
151,121,0.2,0.84,0.25,0.5,0.25,1,0.43046660513572255,0
498,864,0.2,0.855,0.25,0.75,0.25,1,0.3816671855086087,1
546,512,0.4,0.88,0.25,0.8333,1.0,2,0.627748177199351,1
196,693,0.2,0.775,0.0,0.0,0.75,1,0.3673539831717021,0
198,100,0.2,0.895,1.0,0.8333,0.75,1,0.5400376626500867,0
746,627,0.2,0.375,0.5,0.4167,0.75,1,0.3139885159467234,0
383,955,0.2,0.94,0.5,0.5833,1.0,1,0.4815712837710493,1
700,946,0.2,0.895,0.75,0.9167,0.0,1,0.5277032661301375,0
941,23,0.2,0.225,0.5,0.1667,0.25,1,0.288562782447703,1
956,716,0.4,0.45,0.75,0.1667,0.5,2,0.5794560274310754,1
167,506,0.2,0.415,0.75,0.4167,0.25,1,0.36072825099690126,1
27,487,0.2,0.805,1.0,1.0,0.5,1,0.5465510002832402,1
415,469,0.6,0.99,0.5,0.4167,0.25,3,0.6597293680585613,1
114,830,0.2,0.375,1.0,0.9167,0.25,1,0.430529375792796,1
470,225,0.2,0.23,0.75,0.9167,0.5,1,0.36552097157281843,0
10,332,0.2,0.925,0.0,0.3333,0.25,1,0.2371270968214993,0
132,18,0.4,0.975,0.5,0.75,0.75,2,0.5627978922514171,1
387,525,0.2,0.415,0.5,0.75,1.0,1,0.5056165509167339,0
515,468,0.4,0.505,0.75,0.75,0.25,2,0.5200579330045577,0
879,984,0.2,0.585,0.75,0.8333,0.25,1,0.4851601801461751,0
79,606,0.2,0.975,0.75,0.9167,0.75,1,0.5787191589418759,0
83,932,0.2,0.165,0.75,0.5,1.0,1,0.4879607203209793,0
742,139,0.2,0.38,1.0,0.3333,0.75,1,0.5008216437145906,1
426,790,0.4,0.58,0.0,0.9167,0.0,2,0.3287056046000512,1
90,269,0.2,0.96,0.75,1.0,0.5,1,0.6463835768296741,0
15,412,0.4,0.865,0.25,0.3333,0.5,2,0.4464867649718054,1
440,642,0.2,0.83,0.75,0.4167,1.0,1,0.5014142295335015,0
23,344,0.2,0.97,0.75,0.0,1.0,1,0.6124253840121652,0
463,834,0.2,0.765,0.5,1.0,0.5,1,0.4369215566441744,0
461,965,0.2,0.75,0.0,0.3333,0.75,1,0.26192902874525276,0
395,508,0.2,0.74,1.0,0.8333,0.75,1,0.6214182807943432,0
433,505,0.2,0.29,0.75,0.8333,0.25,1,0.49462116063762945,0
536,694,0.2,0.78,1.0,0.6667,0.75,1,0.6360005777348268,1
722,970,0.2,0.8,0.75,0.6667,0.75,1,0.5070215582689229,0
54,261,0.2,0.705,1.0,1.0,0.25,1,0.46810040536499703,1
33,601,0.2,0.68,1.0,0.75,0.75,1,0.5255791968166302,1
805,672,0.2,0.41,1.0,0.5833,0.75,1,0.5413969438477184,1
973,344,0.2,0.965,0.25,0.1667,0.25,1,0.2718060062790458,1
436,576,0.2,0.345,0.5,0.5833,1.0,1,0.4937013432647578,1
135,30,0.2,0.7,0.75,0.9167,0.75,1,0.4571433445625874,1
534,549,0.2,0.26,0.25,0.5833,0.0,1,0.23417379101735616,0
972,883,0.2,0.85,0.25,0.75,0.5,1,0.41865824732976564,0
149,835,0.2,0.865,0.75,0.75,0.25,1,0.5505112138380184,1
131,172,0.2,0.825,0.75,0.0833,0.5,1,0.39135830677880035,1
896,826,0.2,0.715,0.0,0.4167,0.75,1,0.35651229315671995,1
883,982,0.2,0.925,0.5,0.5833,0.75,1,0.41565073616887893,0
767,653,0.2,0.405,0.5,0.5,0.75,1,0.3774767282179786,1
525,798,0.2,0.935,1.0,0.6667,1.0,1,0.6141846800225779,1
458,948,0.4,0.965,0.75,0.3333,0.5,2,0.4942281063989055,1
916,419,0.2,0.475,0.75,0.3333,1.0,1,0.5415734710848643,0
123,617,0.2,0.995,1.0,0.8333,0.25,1,0.6328671405344861,0
30,601,0.2,0.715,0.75,0.9167,0.5,1,0.47899326393797675,0
874,221,0.2,0.595,1.0,0.9167,0.75,1,0.6502048314764498,1
844,138,0.2,0.79,0.25,0.4167,0.0,1,0.3482198541808176,1
255,26,0.2,0.575,0.5,0.8333,0.75,1,0.4514167595495763,0
301,92,0.2,0.83,0.75,0.5833,0.5,1,0.41165616625422224,1
360,119,0.2,0.81,0.75,0.9167,0.25,1,0.47392343645244056,0
505,988,0.4,0.43,0.5,0.25,0.75,2,0.4746934528958576,1
214,412,0.2,0.78,0.75,1.0,0.75,1,0.6394558916069668,0
373,141,0.2,0.74,0.25,0.5833,0.25,1,0.30804245476388253,1
913,699,0.4,0.42,1.0,0.8333,0.25,2,0.5123554488564929,0
68,107,0.2,0.71,0.5,0.5833,0.75,1,0.41326410005003555,1
8,592,0.2,0.875,0.5,0.5833,0.75,1,0.48710284243001045,1
380,373,0.4,0.855,0.0,0.3333,0.75,2,0.31661261183590866,1
817,247,0.2,0.98,0.75,0.9167,0.75,1,0.6071929555507858,1
439,789,0.2,0.85,0.75,0.75,1.0,1,0.5782411416178591,0
477,972,0.2,0.885,0.75,0.5833,0.5,1,0.5529183462569993,1
70,446,0.2,0.62,0.75,0.3333,0.25,1,0.32454019642578985,1
555,946,0.2,0.355,0.0,0.6667,0.25,1,0.14068652424284275,0
188,159,0.2,0.93,0.5,0.4167,1.0,1,0.45896187495975477,0
531,395,0.2,0.815,0.25,0.9167,1.0,1,0.38914104055912374,0
783,586,0.4,0.83,0.5,0.5833,1.0,2,0.6157104828596338,0
445,827,0.2,0.93,0.5,1.0,1.0,1,0.4559411039025632,1
460,43,0.4,0.99,1.0,0.8333,0.75,2,0.6300831724424216,1
271,662,0.2,0.95,0.0,0.9167,0.5,1,0.4232234253218858,0
774,290,0.2,0.515,0.75,0.6667,0.75,1,0.43821779499090696,1
307,598,0.2,0.195,0.25,0.9167,1.0,1,0.45709263195778604,1
368,933,0.2,0.52,0.25,0.9167,0.5,1,0.3194811738653006,0
516,973,0.2,0.74,0.5,0.3333,0.5,1,0.3719814680583743,1
555,513,0.2,0.815,0.75,0.4167,0.75,1,0.474050369938845,0
924,866,0.2,0.285,1.0,0.9167,1.0,1,0.5916343669864685,1
825,546,0.2,0.765,0.25,0.6667,0.25,1,0.41297093253800865,1
191,108,0.2,0.71,0.5,0.8333,0.75,1,0.5408494272324492,0
670,552,0.2,0.22,0.0,0.0833,0.75,1,0.1921645459036906,0
536,299,0.2,0.3,0.75,0.5833,0.25,1,0.30325033611830005,0
419,421,0.2,0.675,0.75,0.1667,0.75,1,0.426570071500332,0
248,790,0.6,0.85,0.0,0.4167,0.5,3,0.4073502402964961,0
440,587,0.2,0.215,0.75,0.9167,0.5,1,0.41131922563360346,0
922,489,0.2,0.88,1.0,0.4167,0.25,1,0.46179627884042196,0
39,13,0.2,0.87,1.0,0.0833,0.0,1,0.5394880691781836,1
960,930,0.4,0.98,0.75,0.9167,0.0,2,0.5899470725962314,1
507,527,0.2,0.965,0.5,0.8333,0.0,1,0.5086185970091225,1
280,55,0.2,0.86,0.75,0.5,0.75,1,0.6211629317868343,1
493,911,0.2,0.955,0.25,0.4167,0.25,1,0.37831903893762925,1
948,591,0.2,0.835,1.0,1.0,0.75,1,0.6455515661997445,0
91,191,0.2,0.23,0.25,0.8333,0.75,1,0.273963130477896,0
631,279,0.2,0.37,0.75,0.9167,0.75,1,0.5844324309307154,0
314,50,0.2,0.85,0.0,0.3333,1.0,1,0.3277732064171824,0
198,171,0.2,0.88,0.75,0.4167,0.5,1,0.3951125171000563,0
198,53,0.2,0.45,0.75,0.9167,0.75,1,0.5104888179966842,0
478,945,0.4,0.645,0.75,0.4167,0.5,2,0.4760015575832305,0
724,888,0.2,0.495,1.0,0.5833,0.5,1,0.5373773592960729,1
354,538,0.2,0.555,0.75,0.9167,0.75,1,0.5643499135584973,1
544,534,0.2,0.905,1.0,0.5833,0.0,1,0.47101846440512535,1
450,750,0.2,0.675,0.75,0.75,0.5,1,0.5760268365094505,1
732,994,0.2,0.665,0.75,1.0,0.75,1,0.5351949304592669,0
685,400,0.4,0.81,0.5,0.9167,0.25,2,0.5578737667406772,0
354,74,0.2,0.98,0.5,0.4167,0.0,1,0.4629077075157012,1
908,788,0.2,0.705,0.5,0.8333,0.75,1,0.42418145897174153,0
828,562,0.2,0.8,0.0,0.6667,0.75,1,0.38717225941696287,0
914,626,0.2,0.835,0.75,0.5833,0.75,1,0.5366092327833862,1
104,292,0.2,0.685,1.0,0.5,0.75,1,0.6488143125190459,1
131,244,0.4,0.635,0.0,0.6667,0.25,2,0.29429715706638354,1
89,201,0.2,0.975,0.75,0.8333,0.75,1,0.4825605968529737,1
980,376,0.2,0.3,0.75,0.5833,0.25,1,0.4775658590337325,0
248,817,0.2,0.84,0.25,0.25,1.0,1,0.43873893297043803,0
748,413,0.2,0.76,0.5,1.0,0.75,1,0.414198588291565,0
825,501,0.2,0.86,0.75,0.6667,0.0,1,0.4851671520871922,0
865,712,0.4,0.42,0.75,0.75,1.0,2,0.5186837165189029,1
141,678,0.2,0.655,1.0,0.5833,0.25,1,0.4407697263498272,0
686,676,0.2,0.735,0.75,0.1667,0.25,1,0.33647615631905436,0
131,806,0.2,0.88,0.0,0.4167,0.25,1,0.23275910997741567,0
972,188,0.4,0.74,0.25,0.5833,0.75,2,0.49187298720213335,1
725,325,0.4,0.525,0.75,0.9167,0.0,2,0.5180387183462509,0
779,948,0.2,0.385,1.0,0.8333,0.5,1,0.49110214937854185,1
186,909,0.2,0.47,0.5,0.9167,0.75,1,0.5152713969562898,0
395,126,0.2,1.0,0.5,1.0,0.5,1,0.41498493669964737,0
436,707,0.2,0.985,1.0,0.5833,0.75,1,0.5347572716768485,0
586,797,0.2,0.315,0.75,0.5833,0.75,1,0.5304584774391063,1
453,320,0.2,0.54,0.75,0.5,1.0,1,0.5137405828677478,0
963,650,0.2,0.885,0.5,0.1667,0.5,1,0.3245568828494689,0
258,21,0.2,0.595,1.0,0.6667,1.0,1,0.5082054164327527,0
535,840,0.2,0.265,0.75,0.9167,0.75,1,0.4968215051951831,1
676,167,0.4,0.515,1.0,0.3333,1.0,2,0.5889011930946474,0
887,600,0.2,0.48,0.75,0.5833,0.25,1,0.44596834576386046,0
257,39,0.2,0.985,0.75,0.25,1.0,1,0.5316578313735126,0
297,235,0.2,0.985,0.0,0.6667,0.75,1,0.2860058739192112,1
836,609,0.2,0.065,0.75,0.5,0.75,1,0.39700050279612725,1
969,678,0.2,0.74,1.0,0.8333,0.75,1,0.6249737830524309,1
563,830,0.2,0.695,0.5,0.9167,0.25,1,0.4308763001402394,0
970,252,0.2,0.68,1.0,0.75,0.75,1,0.6503803804885817,1
713,82,0.2,0.985,0.5,0.6667,0.0,1,0.3521622870318536,0
199,917,0.2,0.755,0.5,0.75,1.0,1,0.4703916312457942,1
909,155,0.4,0.75,0.75,0.5833,0.75,2,0.5926643012407471,1
443,149,0.2,0.375,0.5,0.75,0.75,1,0.35782595841713205,1
693,356,0.2,0.555,0.25,0.6667,0.75,1,0.40227286207119267,1
455,969,0.2,0.77,0.75,0.8333,1.0,1,0.5340992009991078,1
859,874,0.2,0.335,1.0,0.8333,0.5,1,0.5808983858510154,1
470,162,0.4,0.405,0.25,0.5833,0.75,2,0.4938516561880423,1
670,926,0.2,1.0,0.0,0.8333,1.0,1,0.385620960857265,0
762,483,0.2,0.71,0.75,1.0,0.75,1,0.46150168090564947,1
963,78,0.2,0.46,1.0,0.4167,0.5,1,0.5285355773476307,0
217,599,0.2,0.215,0.5,1.0,1.0,1,0.4742956720949646,0
196,284,0.2,0.335,0.5,0.8333,0.25,1,0.3890697405701874,0
890,377,0.2,0.56,1.0,0.75,0.75,1,0.5745345202652277,1
802,7,0.6,0.605,0.75,0.5,0.5,3,0.5685822793077362,0
880,767,0.4,0.61,0.75,0.8333,0.75,2,0.642975561168381,0
685,251,0.6,0.945,0.75,0.8333,0.75,3,0.8163443543982503,1
991,202,0.2,0.98,0.75,0.75,0.75,1,0.5065078999485896,0
685,675,0.4,0.41,0.75,0.5833,1.0,2,0.5132817945743641,0
563,166,0.2,0.665,0.75,0.9167,0.25,1,0.5064263735678913,0
866,900,0.2,0.85,1.0,0.8333,0.75,1,0.5524173358586475,1
40,285,0.2,0.985,0.5,0.9167,0.75,1,0.5803696839701282,1
619,145,0.2,0.535,0.0,0.0833,0.75,1,0.2676869038085987,0
201,651,0.2,0.43,1.0,0.9167,0.25,1,0.54289566213507,1
905,246,0.2,0.805,0.75,0.8333,0.5,1,0.5236421359630491,0
441,882,0.2,0.615,0.75,0.75,0.0,1,0.3369354444092352,1
805,340,0.2,0.97,0.0,0.1667,0.0,1,0.233211388481213,0
222,103,0.2,0.44,0.75,0.75,0.5,1,0.362591187572736,1
433,171,0.2,0.76,0.5,0.5,0.25,1,0.4580972791096107,1
326,377,0.2,0.725,0.5,0.25,0.5,1,0.3859832097892863,1
82,708,0.2,0.43,0.75,0.6667,0.5,1,0.4993941123641666,1
263,359,0.4,0.23,0.75,0.6667,1.0,2,0.5882214470269211,1
989,521,0.2,0.255,0.75,0.4167,0.25,1,0.4679475932864084,1
509,862,0.2,0.73,0.75,0.4167,1.0,1,0.4758503697497536,1
868,238,0.2,0.655,0.0,0.1667,0.25,1,0.17397667327953456,0
231,630,0.2,0.945,0.5,0.6667,0.5,1,0.43850535851811223,1
329,13,0.2,0.46,1.0,0.25,0.0,1,0.36159762542550533,0
659,549,0.6,0.92,0.0,0.3333,1.0,3,0.45365254678969685,1
497,728,0.2,0.805,0.25,0.75,0.25,1,0.4548522637812792,1
478,313,0.2,0.94,0.75,0.8333,0.5,1,0.5287991883787527,1
888,7,0.4,0.495,1.0,0.6667,0.75,2,0.5310217931454371,0
658,296,0.2,0.32,0.5,1.0,0.75,1,0.3599444628776809,0
414,495,0.2,0.86,0.75,0.0833,0.25,1,0.3573908260865555,1
867,23,0.4,0.405,1.0,0.6667,0.25,2,0.5679972756296889,0
697,844,0.2,0.565,0.75,0.6667,0.75,1,0.5713597126476627,1
584,232,0.4,0.845,0.75,0.8333,1.0,2,0.5895865697777014,0
284,678,0.2,0.59,0.75,0.3333,0.25,1,0.3893301271164491,1
941,533,0.2,0.52,0.75,0.6667,1.0,1,0.4549803769277595,1
482,912,0.2,0.885,0.25,0.25,0.75,1,0.37945128518803084,0
179,584,0.2,0.86,0.5,0.8333,0.75,1,0.4427799815697112,1
771,528,0.2,0.895,0.5,0.6667,0.5,1,0.3804308952487736,0
961,125,0.2,0.36,0.5,0.6667,0.75,1,0.4410773440964231,0
341,304,0.2,0.21,0.75,0.9167,0.75,1,0.5404874010996065,1
807,18,0.2,0.65,0.5,0.9167,0.25,1,0.42316743266889345,1
729,292,0.2,0.685,0.75,0.5,1.0,1,0.5042260290932138,1
237,809,0.2,0.56,0.5,0.0833,1.0,1,0.49234925155008197,0
622,614,0.2,0.445,0.25,0.0833,0.75,1,0.26383954323713205,0
808,863,0.2,0.615,0.75,0.5,0.25,1,0.4405956662731396,1
136,707,0.2,0.165,1.0,0.6667,0.75,1,0.5508213202229656,1
708,508,0.2,0.57,1.0,0.8333,1.0,1,0.5936170592579048,0
249,563,0.4,0.415,0.75,0.5,0.75,2,0.5133220530028548,0
413,749,0.2,0.205,0.75,0.6667,0.5,1,0.374026405296013,1
876,677,0.2,0.62,0.25,0.5,0.25,1,0.3047616539604233,0
528,737,0.4,0.585,0.75,0.75,0.75,2,0.6182132788017773,1
979,853,0.2,0.485,0.75,0.3333,0.75,1,0.3860196633177892,1
777,976,0.2,0.8,0.75,0.1667,0.75,1,0.5089784579932535,1
338,719,0.2,0.85,0.5,1.0,1.0,1,0.45868675338308146,1
71,402,0.2,0.14,0.0,0.3333,0.25,1,0.23554174097648886,1
836,275,0.2,0.625,0.5,0.9167,0.5,1,0.437133230447286,0
208,241,0.2,0.6,0.0,0.5833,0.75,1,0.381420388303258,1
178,975,0.2,0.59,0.0,0.25,0.75,1,0.309155895547149,1
400,219,0.2,0.555,0.25,0.4167,0.5,1,0.33361800070502,0
853,973,0.4,0.41,0.25,1.0,1.0,2,0.5564503564848108,0
774,786,0.2,0.955,0.75,0.5,0.5,1,0.5277233222947835,1
115,929,0.2,0.76,0.5,0.9167,0.0,1,0.31430913006626987,0
399,512,0.2,0.8,0.5,0.4167,0.75,1,0.4050627056819306,0
932,471,0.2,0.58,0.75,1.0,0.5,1,0.5708926260536482,1
775,467,0.2,0.165,0.75,0.75,0.75,1,0.41206079358189646,1
583,395,0.2,0.38,0.0,0.8333,1.0,1,0.30190697122270205,1
362,638,0.4,0.53,0.25,0.5833,0.75,2,0.43405199818053297,0
352,994,0.2,0.795,0.5,0.75,0.75,1,0.5333022778063401,0
641,972,0.2,0.365,0.5,0.6667,0.25,1,0.3441787845331431,0
537,997,0.2,0.615,0.75,0.75,0.25,1,0.5290848278304925,1
838,73,0.2,0.85,0.75,0.3333,0.75,1,0.4386560651466306,0
351,545,0.2,0.51,1.0,0.5833,0.75,1,0.5866784152600534,1
77,849,0.2,0.965,1.0,0.25,0.5,1,0.4621756973810106,0
491,434,0.2,0.92,0.75,0.8333,1.0,1,0.6335326214188027,1
391,297,0.4,0.1,0.75,0.8333,0.75,2,0.4914985695076389,1
205,467,0.2,0.895,0.75,0.4167,1.0,1,0.48882879458794914,1
843,645,0.2,0.975,0.5,0.75,0.75,1,0.5666797192419054,1
661,377,0.2,0.755,0.5,0.1667,0.5,1,0.3342244886526814,0
624,868,0.2,0.845,1.0,0.9167,0.75,1,0.660301871815409,1
465,851,0.4,0.765,0.75,0.5833,0.5,2,0.5422440790412233,1
840,992,0.2,0.66,1.0,0.3333,0.5,1,0.4321595041831962,1
902,124,0.2,0.74,0.0,0.4167,0.75,1,0.28604747513674805,0
76,37,0.2,0.875,0.25,0.0833,1.0,1,0.30029049304141275,0
55,106,0.4,0.695,1.0,0.8333,0.5,2,0.6218759472446344,1
47,826,0.2,0.83,0.25,0.6667,1.0,1,0.4790443909699186,1
394,144,0.2,0.27,1.0,0.9167,0.75,1,0.6109617535669627,1
171,255,0.2,0.955,1.0,0.6667,1.0,1,0.5735221626928645,0
717,274,0.2,0.835,0.25,0.6667,0.5,1,0.30693027764122555,0
478,926,0.2,0.875,0.25,0.8333,0.25,1,0.43503702748738926,1
102,557,0.2,0.93,0.75,0.25,1.0,1,0.5620692179537311,0
481,740,0.2,0.885,0.5,0.6667,0.5,1,0.5261051451528667,1
388,767,0.2,0.695,1.0,0.8333,1.0,1,0.5713694085040456,0
896,534,0.2,0.27,0.75,0.5833,0.75,1,0.3460917243602457,1
666,96,0.2,0.79,1.0,1.0,0.75,1,0.6246325900026326,0
831,906,0.2,0.615,0.25,0.8333,0.25,1,0.25317934897082317,0
459,251,0.2,0.925,0.5,0.4167,0.5,1,0.5260966607165914,0
552,185,0.2,0.215,0.5,0.5833,0.5,1,0.33395848215765916,0
408,149,0.2,0.92,0.75,0.5,1.0,1,0.5287321083514359,1
896,687,0.2,0.43,0.5,0.75,0.25,1,0.3637760239984399,0
101,97,0.4,0.965,0.0,0.9167,1.0,2,0.520070813031658,0
664,587,0.2,0.835,0.5,0.0833,0.25,1,0.385469751013369,0
865,750,0.2,0.645,0.5,0.5833,0.75,1,0.36342384422195767,0
132,677,0.4,0.56,0.25,0.5833,1.0,2,0.4548745926823655,1
448,600,0.2,0.955,0.5,0.6667,1.0,1,0.45195802414178593,0
284,135,0.2,0.79,0.75,0.4167,0.5,1,0.5100618571847781,1
949,643,0.2,0.305,0.25,0.0,0.75,1,0.2880757042231134,1
190,844,0.2,0.61,0.25,0.5,0.5,1,0.27850166470180726,0
825,908,0.2,0.725,0.5,0.6667,0.5,1,0.4864086137923545,1
399,116,0.2,0.415,0.75,1.0,0.75,1,0.43675460111234815,0
342,616,0.4,0.715,1.0,0.5833,0.75,2,0.7243392500565806,1
590,607,0.4,0.645,1.0,0.6667,0.5,2,0.5370106571932184,0
143,423,0.2,0.685,0.75,0.9167,0.5,1,0.5089218613038415,1
560,941,0.2,0.925,0.0,0.9167,0.75,1,0.42880066047399007,0
493,794,0.2,0.48,0.75,1.0,0.75,1,0.5897556105530947,0
656,204,0.4,0.9,0.75,0.9167,0.75,2,0.6587817994452757,1
105,551,0.2,0.545,1.0,0.4167,0.75,1,0.6088848384379335,1
776,523,0.2,0.895,0.75,0.9167,0.5,1,0.5661200097625904,0
651,944,0.2,0.45,0.25,0.25,0.5,1,0.1908403467080961,0
515,24,0.2,0.82,1.0,0.6667,1.0,1,0.7121239274818084,1
965,870,0.2,0.795,0.75,0.5,0.25,1,0.5131202119556557,0
846,751,0.2,0.965,0.75,0.75,0.75,1,0.528708760364367,1
736,638,0.2,0.735,1.0,0.6667,1.0,1,0.5752317225814905,1
405,278,0.2,0.93,0.25,1.0,0.25,1,0.4813891871250635,1
588,251,0.2,0.515,0.0,0.5833,0.75,1,0.37504395957874037,0
640,879,0.2,0.875,0.75,0.5833,0.5,1,0.5233072016822492,1
589,546,0.4,0.885,0.25,0.9167,0.75,2,0.4812083488884131,0
923,265,0.2,0.945,1.0,0.8333,0.5,1,0.63928430799551,0
627,311,0.2,0.61,0.75,0.4167,0.75,1,0.3966916666668334,0
40,679,0.2,0.075,0.75,0.75,0.5,1,0.4968709894300768,1
166,687,0.2,0.19,0.75,0.6667,1.0,1,0.4455596769492269,0
773,446,0.2,0.855,0.75,0.5833,1.0,1,0.46822163318742405,1
125,471,0.2,0.73,0.75,0.4167,1.0,1,0.6038302144951638,1
89,445,0.4,0.54,1.0,0.8333,1.0,2,0.7034498107358517,1
775,909,0.2,0.655,0.75,0.6667,0.75,1,0.4354115245774504,0
899,943,0.2,0.95,0.5,0.5833,0.75,1,0.5519874230009739,0
264,343,0.4,0.61,1.0,0.0833,0.0,2,0.5808110019611586,0
155,97,0.2,0.935,0.25,0.5833,0.5,1,0.458676926815872,0
966,299,0.2,0.75,1.0,0.75,0.25,1,0.641664995169348,0
762,995,0.2,0.885,0.25,0.4167,0.0,1,0.3597101361702024,0
827,781,0.2,0.995,0.5,0.8333,0.75,1,0.4693239598009111,0
816,616,0.4,0.58,0.0,0.4167,0.75,2,0.3279989782036822,1
512,361,0.2,0.53,0.25,0.9167,0.25,1,0.3548710469713839,0
115,407,0.2,0.995,0.25,1.0,1.0,1,0.5099581986260141,1
193,434,0.2,0.745,0.25,0.9167,0.75,1,0.42065664381408646,0
155,107,0.2,0.98,0.75,0.3333,0.75,1,0.4662434553159716,1
13,444,0.2,0.11,0.25,0.9167,0.75,1,0.25517948568587606,0
725,605,0.2,0.63,0.5,0.75,0.25,1,0.35462198945141715,1
331,683,0.2,0.975,0.0,0.1667,0.75,1,0.315200233189158,0
640,293,0.2,0.26,0.75,0.75,0.25,1,0.4122010972382466,0
185,123,0.2,0.89,0.75,0.4167,1.0,1,0.5446882407360737,1
79,480,0.4,0.295,0.25,0.75,1.0,2,0.5379938565659487,1
882,426,0.2,0.49,0.25,0.8333,0.0,1,0.38460387825023357,0
573,542,0.2,0.56,0.25,0.5,0.0,1,0.27343231278981084,1
836,354,0.2,0.92,1.0,0.9167,1.0,1,0.7069413223226249,1
464,418,0.2,0.435,1.0,0.9167,1.0,1,0.516245165975698,0
467,930,0.2,0.195,1.0,0.25,0.75,1,0.3937329356280682,0
307,48,0.2,0.92,0.75,0.8333,1.0,1,0.5768273731828898,0
901,913,0.2,0.995,0.5,0.6667,0.75,1,0.5728352751795435,0
775,467,0.2,0.165,0.75,0.75,0.75,1,0.49340500608657534,1
83,280,0.2,0.96,0.75,0.5833,0.75,1,0.449832818545059,1
930,478,0.4,0.21,0.25,0.6667,1.0,2,0.38834576961359313,0
304,354,0.2,0.91,1.0,0.75,0.25,1,0.541714555597951,0
653,931,0.2,0.955,0.5,1.0,0.0,1,0.4442085161315227,0
147,959,0.2,0.455,0.0,0.9167,1.0,1,0.4058411066873554,0
58,220,0.2,0.8,0.0,1.0,0.5,1,0.29057873376736276,0
238,366,0.2,0.965,0.25,0.25,0.75,1,0.3900749510391408,0
707,108,0.2,0.78,0.75,0.25,0.25,1,0.5079502027996516,0
463,323,0.2,0.145,0.5,0.9167,1.0,1,0.451706311508732,0
387,389,0.2,0.99,0.5,0.5,0.75,1,0.42774550133714423,0
458,10,0.4,0.815,1.0,0.4167,0.0,2,0.6727195153651846,0
595,928,0.2,0.64,0.75,0.6667,1.0,1,0.5245984118699153,1
546,834,0.2,0.47,0.25,0.6667,0.5,1,0.29212188262707983,1
62,462,0.4,0.805,1.0,0.3333,0.25,2,0.6552354343071071,1
107,680,0.2,0.895,0.5,0.5833,0.5,1,0.4655660044422104,0
318,947,0.4,0.73,1.0,0.5,0.75,2,0.6667772019421291,1
420,328,0.2,0.54,1.0,0.9167,0.5,1,0.5468387675502696,1
329,268,0.2,0.97,0.75,1.0,0.5,1,0.5881556024079502,0
688,646,0.2,0.675,0.25,0.6667,1.0,1,0.44264612843628764,1
738,959,0.2,0.545,0.5,0.8333,0.25,1,0.4379208552704966,0
600,613,0.2,0.695,1.0,0.25,0.25,1,0.5487367982652692,1
907,325,0.4,0.985,0.5,0.3333,1.0,2,0.5946469274971772,1
62,606,0.2,0.775,0.75,0.3333,0.5,1,0.44750021057664424,1
707,686,0.2,0.71,1.0,0.1667,1.0,1,0.6511055123419809,0
877,601,0.4,0.485,0.75,1.0,0.25,2,0.46418183287175324,1
349,919,0.2,0.83,0.25,0.6667,0.75,1,0.42786542535265376,0
849,566,0.2,0.715,0.25,1.0,0.5,1,0.32223026081502587,0
403,834,0.4,0.625,0.5,0.9167,1.0,2,0.6228656836108841,1
297,417,0.2,0.91,0.0,1.0,0.25,1,0.2554364742594697,0
286,75,0.2,0.48,0.75,0.75,0.5,1,0.46829353035046933,1
678,690,0.2,0.925,0.75,0.1667,0.75,1,0.5131284880748753,1
523,5,0.2,0.64,0.25,1.0,0.25,1,0.42043557849830093,0
889,739,0.2,0.995,0.25,0.25,0.25,1,0.4259885980085829,0
106,301,0.2,0.99,0.75,0.75,0.25,1,0.5018842402442419,0
570,915,0.2,0.545,0.25,0.1667,0.75,1,0.3576788549614237,0
853,174,0.2,0.475,0.5,0.8333,0.25,1,0.3439125387269695,0
200,460,0.2,0.795,0.75,0.5,0.25,1,0.4152948884134272,1
311,926,0.2,0.805,0.75,0.9167,0.75,1,0.6208188363322003,1
475,364,0.2,0.79,0.5,0.6667,0.5,1,0.46262356338421085,0
631,646,0.2,0.315,0.5,0.6667,0.5,1,0.3454989452277887,1
566,467,0.2,0.165,0.0,0.8333,0.5,1,0.3199745960861904,0
51,209,0.2,0.985,0.25,0.8333,0.75,1,0.5090314087445849,0
823,719,0.2,0.04,0.75,0.1667,1.0,1,0.4320834580252419,1
635,857,0.2,0.295,0.5,0.3333,0.5,1,0.3581590942231342,0
664,597,0.2,0.325,0.0,0.3333,0.75,1,0.274779800347108,1
997,531,0.2,0.695,1.0,0.5833,1.0,1,0.5222120557534219,0
989,495,0.2,0.885,0.5,0.3333,0.0,1,0.39315251338873913,0
694,587,0.2,0.56,1.0,0.75,0.5,1,0.5852717069321589,0
947,88,0.2,0.805,0.75,0.6667,0.75,1,0.5103245607825746,1
566,106,0.2,0.74,0.75,0.5833,0.5,1,0.5471341184700944,1
434,870,0.2,0.905,0.75,0.8333,0.75,1,0.5983677438640334,0
436,1000,0.2,0.92,0.75,0.8333,0.0,1,0.43796004893166984,0
506,543,0.6,0.735,0.25,0.9167,0.75,3,0.5070079901327704,0
250,433,0.2,0.295,0.25,0.5833,0.75,1,0.33709092526590245,0
512,679,0.4,0.14,0.75,1.0,0.5,2,0.523963386256855,1
831,393,0.2,0.415,0.25,0.25,0.75,1,0.24433738248024664,1
339,94,0.2,0.37,0.25,1.0,0.75,1,0.35679831395084954,1
204,339,0.2,0.705,1.0,0.5,0.75,1,0.5551014360333297,0
21,628,0.2,0.285,0.0,0.75,0.75,1,0.21429649724116048,0
61,922,0.2,0.555,0.75,0.9167,1.0,1,0.4796560840587211,1
964,677,0.2,0.88,0.75,0.9167,0.75,1,0.5391331468865297,0
966,542,0.2,0.35,1.0,0.1667,0.25,1,0.4399539715656941,0
680,272,0.2,0.685,0.0,0.6667,0.25,1,0.35036585240291696,1
624,176,0.2,0.94,0.75,0.4167,0.0,1,0.48742827600635663,1
86,945,0.4,0.605,0.5,0.5833,0.5,2,0.4186924212103146,1
709,17,0.2,0.84,0.5,0.5,0.5,1,0.37460831886514545,0
916,433,0.2,0.635,0.75,0.5833,0.75,1,0.5428812028629146,1
236,13,0.2,0.18,0.75,0.3333,0.0,1,0.34884634090078426,0
859,32,0.2,0.34,0.5,0.6667,0.25,1,0.415616159455233,0
827,746,0.2,0.89,0.0,0.75,1.0,1,0.4556597936129785,0
472,525,0.2,0.985,1.0,0.6667,1.0,1,0.6038544693706992,1
800,72,0.2,0.66,1.0,0.4167,0.75,1,0.5814426575040037,1
86,210,0.2,0.565,0.0,0.6667,1.0,1,0.30975918662751034,0
100,920,0.2,0.715,0.5,0.1667,0.25,1,0.4423588875764176,0
860,295,0.4,0.7,0.75,0.75,0.5,2,0.6735937304307766,1
241,423,0.2,0.435,1.0,0.8333,0.75,1,0.616052066089434,1
247,14,0.2,0.405,0.5,0.6667,0.25,1,0.3064226537588081,0
129,827,0.2,0.445,0.75,0.0833,0.5,1,0.37917545896109206,0
134,189,0.2,0.435,0.25,0.25,1.0,1,0.35360051730636755,0
72,4,0.2,0.49,0.5,0.5,0.25,1,0.4092859244740268,0
271,12,0.2,0.94,0.0,0.5833,0.75,1,0.36928289471495496,0
39,228,0.2,0.665,0.25,0.9167,0.0,1,0.2661077835582247,0
299,306,0.2,0.45,0.5,0.25,0.25,1,0.2572413386704071,1
790,249,0.4,0.635,0.25,0.9167,0.0,2,0.48508715602333974,1
39,906,0.2,0.815,0.5,0.0833,0.25,1,0.2728393591310335,1
712,177,0.2,0.635,0.75,1.0,0.75,1,0.5028669454413569,1
524,443,0.2,0.84,0.25,0.25,1.0,1,0.29491126578323423,0
229,836,0.2,0.77,0.75,0.9167,0.75,1,0.5772290088785983,1
36,754,0.4,0.98,0.5,0.4167,0.5,2,0.541009737695923,0
392,783,0.4,0.76,1.0,0.75,0.0,2,0.544869144693431,0
673,251,0.2,0.66,0.0,0.9167,1.0,1,0.3921137968133372,0
403,631,0.2,0.765,0.75,0.75,0.75,1,0.6213346614689905,1
105,241,0.2,0.665,0.75,0.4167,0.75,1,0.5017807277990752,0
943,474,0.2,0.75,0.75,0.8333,0.25,1,0.40899146211987036,0
550,715,0.2,0.86,0.25,0.6667,1.0,1,0.46372101742305705,0
879,905,0.4,0.57,0.75,0.6667,0.75,2,0.5759607108170139,1
9,188,0.2,0.885,0.25,0.4167,0.75,1,0.42366589059514814,0
658,93,0.2,0.905,1.0,0.75,0.75,1,0.5965760385199617,0
911,870,0.2,0.82,0.5,0.75,1.0,1,0.5429971639508893,0
882,927,0.2,0.645,0.25,0.6667,0.25,1,0.30449801847451036,0
124,531,0.4,0.835,0.75,0.1667,0.75,2,0.5570635843332465,1
376,746,0.2,0.915,0.5,0.75,0.75,1,0.4004248108957266,0
530,287,0.2,0.15,0.5,0.6667,0.75,1,0.30210178944252386,1
752,820,0.2,0.88,0.25,0.75,0.75,1,0.33832041038844674,0
566,72,0.2,0.165,0.5,0.9167,0.5,1,0.31691891999737204,0
729,995,0.2,0.805,1.0,0.5833,0.25,1,0.5108900870557903,1
915,235,0.2,0.575,0.0,0.0833,1.0,1,0.24218211983212515,0
44,911,0.2,0.615,1.0,0.5,0.5,1,0.4929093507216366,0
461,230,0.2,0.975,0.5,0.3333,0.75,1,0.42265151500365145,1
31,158,0.4,0.99,0.0,0.4167,0.25,2,0.40232248988159414,0
459,775,0.2,0.845,0.75,0.3333,0.5,1,0.3905694541317504,1
925,523,0.2,0.79,0.5,1.0,0.25,1,0.5359010980368188,1
993,102,0.2,0.47,0.5,0.75,1.0,1,0.40742695904537113,1
269,76,0.2,0.55,0.25,0.8333,0.75,1,0.42325778221979854,1
441,455,0.2,0.875,0.5,0.9167,0.5,1,0.4813471193296359,1
676,595,0.2,0.795,0.5,0.75,0.25,1,0.40556332916468363,1
461,571,0.2,0.33,0.75,0.5,0.25,1,0.3864665995593457,0
742,456,0.2,0.8,1.0,0.8333,0.5,1,0.6684805921928089,0
734,532,0.2,0.72,0.75,0.9167,0.5,1,0.5967164860107883,1
490,645,0.4,0.78,0.5,0.3333,0.75,2,0.51778278274791,1
979,674,0.2,0.755,1.0,0.9167,0.75,1,0.6563260241214716,1
730,30,0.2,0.705,0.0,0.9167,0.25,1,0.29874148639478454,0
277,174,0.2,0.315,0.5,0.3333,0.5,1,0.2519429797273451,0
871,876,0.2,0.585,1.0,0.8333,0.25,1,0.4771260912548711,0
224,555,0.2,0.81,0.75,0.0833,0.5,1,0.534039815484624,1
392,970,0.2,0.75,1.0,0.5,0.5,1,0.5770085123243196,0
607,311,0.2,0.685,0.25,0.9167,0.5,1,0.4373033264109359,0
808,674,0.2,0.795,0.75,0.9167,1.0,1,0.6307715494718482,0
906,857,0.4,0.44,0.25,0.1667,0.5,2,0.3837909673382906,1
290,72,0.2,0.945,0.75,0.5833,0.75,1,0.6404681306342879,0
871,124,0.2,0.135,0.25,0.3333,0.75,1,0.2673591773230137,0
686,396,0.2,0.935,1.0,0.4167,0.75,1,0.6140278477270349,1
531,359,0.4,0.415,0.5,0.4167,1.0,2,0.4344775948747519,0
79,830,0.2,0.605,0.75,0.8333,0.75,1,0.569560198075909,0
121,95,0.2,0.835,0.5,0.4167,0.75,1,0.4858735503705939,0
487,602,0.2,0.49,0.75,0.6667,0.25,1,0.45453078297440563,1
7,612,0.2,0.73,1.0,1.0,0.5,1,0.5314548791045689,1
89,298,0.6,0.79,1.0,0.9167,0.75,3,0.8676211999075473,1
953,559,0.2,0.305,0.75,0.3333,1.0,1,0.514345551998926,1
737,252,0.2,0.775,0.25,1.0,0.75,1,0.4889053438024269,1
393,783,0.4,0.735,1.0,0.4167,0.75,2,0.5569407881559468,1
29,473,0.2,0.565,0.5,0.5,0.75,1,0.4711707172436804,1
150,820,0.2,0.935,0.75,0.5,0.5,1,0.42910000386370106,0
618,739,0.2,0.72,1.0,0.6667,0.25,1,0.534795671031652,1
902,24,0.2,0.665,0.5,1.0,0.25,1,0.44454293252301796,0
401,617,0.4,0.91,0.75,0.5833,0.25,2,0.46956375205517953,0
650,116,0.2,0.94,0.0,0.25,0.75,1,0.223795212884547,0
745,159,0.4,0.7,0.75,0.4167,1.0,2,0.6781121268903322,0
499,966,0.2,0.685,0.75,0.0,0.75,1,0.49078072269363415,0
642,261,0.2,0.99,0.0,0.5833,0.5,1,0.4002693870122418,0
618,509,0.2,0.105,0.5,0.9167,0.75,1,0.31363359080301606,0
436,218,0.2,0.905,0.75,0.75,0.75,1,0.47926214292235014,1
965,792,0.2,0.375,0.5,0.5833,0.75,1,0.4117939655971235,0
768,68,0.2,0.74,0.25,0.6667,0.75,1,0.40862693722510257,0
72,362,0.2,0.585,0.75,0.8333,0.25,1,0.5563910300260525,1
711,546,0.4,1.0,0.0,0.25,0.75,2,0.35199900533386924,0
408,71,0.2,0.925,0.5,0.1667,1.0,1,0.41549913070245387,0
534,309,0.2,0.755,0.25,0.6667,0.0,1,0.2661285284042919,0
101,793,0.2,0.74,0.75,0.5,1.0,1,0.5328421503074037,0
368,490,0.2,0.425,0.5,0.3333,1.0,1,0.4379357053964114,0
121,989,0.6,0.91,0.5,0.8333,0.25,3,0.649914528005721,1
375,154,0.2,0.93,1.0,0.9167,0.75,1,0.5883772906408229,0
267,779,0.2,0.615,1.0,0.25,0.75,1,0.565438843404868,1
298,242,0.2,0.64,0.75,0.9167,0.25,1,0.5232101536619751,1
315,912,0.2,0.85,0.5,0.5833,0.75,1,0.5235846288997829,1
323,606,0.2,0.905,0.75,0.8333,0.75,1,0.5325623647593418,1
106,998,0.2,0.88,0.5,0.5,1.0,1,0.39684357809310616,1
325,223,0.2,0.42,0.75,0.9167,0.25,1,0.5050881158118764,0
971,15,0.2,0.46,0.5,0.5833,0.5,1,0.37657863913888967,1
720,498,0.2,0.935,0.25,0.8333,0.75,1,0.4647386579043127,0
507,547,0.2,0.795,0.75,0.5,0.25,1,0.4777150830206167,1
154,589,0.2,0.88,0.5,0.25,1.0,1,0.3821594614128522,0
583,24,0.2,0.995,0.5,0.6667,0.75,1,0.4081275495870242,0
351,825,0.2,0.63,0.25,0.8333,0.5,1,0.33463053849358815,0
886,830,0.2,0.815,1.0,0.9167,0.0,1,0.4501574755092423,1
239,206,0.2,0.275,0.5,0.5833,1.0,1,0.44184131570479207,1
822,996,0.2,0.62,1.0,0.9167,1.0,1,0.5338550519441596,1
905,713,0.2,0.71,0.5,0.5,1.0,1,0.5608719845306412,0
828,785,0.2,0.99,0.75,0.5833,1.0,1,0.6078184780729035,1
822,401,0.2,0.265,0.5,0.75,0.0,1,0.4065850430643416,1
175,701,0.2,0.465,0.25,0.9167,0.75,1,0.34222019065713283,1
615,831,0.2,0.73,0.0,0.9167,1.0,1,0.2969761138356559,0
478,656,0.2,0.805,1.0,0.8333,1.0,1,0.6742796762033056,1
410,188,0.2,0.75,0.75,0.4167,0.5,1,0.39975265734084053,0
463,834,0.2,0.765,0.5,1.0,0.5,1,0.46844223584689565,0
560,661,0.2,0.785,0.25,1.0,0.5,1,0.4289357477385554,0
204,868,0.2,0.685,0.0,0.75,1.0,1,0.3703354727412366,0
19,476,0.2,0.44,0.0,0.5,1.0,1,0.39051601762552973,0
329,132,0.2,0.84,0.5,0.75,0.75,1,0.47551494694603996,0
867,334,0.2,0.725,0.5,1.0,0.25,1,0.45727126941610796,0
299,701,0.2,0.99,0.75,0.8333,0.0,1,0.4502730844614266,1
406,623,0.2,0.9,0.0,0.5833,0.5,1,0.41181883421925,1
250,268,0.2,0.735,0.0,0.5,0.5,1,0.19616828648060963,0
991,641,0.2,0.715,0.5,0.3333,1.0,1,0.43666560031074075,1
135,756,0.2,0.72,0.75,0.9167,1.0,1,0.617942268317142,1
460,161,0.2,0.96,0.75,0.5833,0.75,1,0.5155907747029363,0
973,23,0.2,0.935,0.5,0.8333,0.25,1,0.38326699045509527,0
789,561,0.2,0.71,0.75,0.25,0.5,1,0.38613965087835417,1
839,458,0.4,0.435,0.0,0.1667,0.75,2,0.40279001758629857,0
689,132,0.2,0.755,0.75,0.5833,0.5,1,0.46349241412328324,0
504,17,0.2,0.91,1.0,1.0,0.75,1,0.6364873373216574,1
365,368,0.2,0.54,0.25,0.9167,0.75,1,0.3562726539455089,0
106,599,0.4,0.43,1.0,0.75,0.5,2,0.6757802531670584,0
536,397,0.2,0.485,0.75,0.5,0.5,1,0.500103119295157,1
676,111,0.2,0.77,0.75,0.25,0.5,1,0.5312499860645574,0
59,865,0.2,0.935,1.0,0.4167,0.75,1,0.48958992664085643,1
191,118,0.2,0.55,0.75,0.5,0.75,1,0.5718167109485485,1
918,683,0.2,0.195,1.0,0.4167,1.0,1,0.4244270345736262,1
248,182,0.2,0.68,1.0,0.9167,0.5,1,0.5225205782649678,0
500,603,0.2,0.395,0.5,0.5,0.0,1,0.2566870135643182,0
225,524,0.2,0.955,0.0,0.6667,1.0,1,0.3482541556671338,1
224,946,0.2,0.545,0.25,0.4167,0.75,1,0.28744843472400083,1
91,73,0.2,0.18,0.5,0.8333,0.75,1,0.36257298840390106,0
701,180,0.2,0.38,0.0,0.9167,0.25,1,0.34032526693761034,0
438,368,0.2,0.935,0.5,0.75,0.25,1,0.4516425968596569,1
970,27,0.2,0.87,0.25,0.75,1.0,1,0.5055989143499076,0
810,688,0.2,0.595,0.5,0.75,0.75,1,0.38728797263460335,0
779,282,0.2,0.92,0.5,0.8333,0.75,1,0.4328588162199575,1
679,412,0.2,0.515,0.25,0.9167,0.75,1,0.4107916694714466,1
192,624,0.2,0.985,0.5,0.3333,0.75,1,0.5254949371659404,1
915,69,0.2,0.54,0.0,0.1667,0.75,1,0.1852534848089468,0
83,590,0.6,0.515,0.75,0.9167,0.75,3,0.7400961463998046,1
415,509,0.4,0.175,0.75,0.8333,0.5,2,0.5108304007362248,0
837,407,0.2,0.855,0.25,0.8333,0.0,1,0.3414499458284424,1
754,760,0.2,0.5,0.75,0.4167,0.75,1,0.415742560956409,0
354,859,0.2,0.31,1.0,0.75,1.0,1,0.5270193432568835,1
963,546,0.4,0.39,0.5,0.1667,0.25,2,0.30010539097258687,1
280,684,0.2,0.23,0.25,1.0,0.5,1,0.2819350817752833,0
822,458,0.2,0.85,0.5,0.9167,1.0,1,0.44579011220745585,0
585,86,0.2,0.85,0.25,0.5833,0.5,1,0.31785644334378743,1
183,589,0.2,0.585,0.75,1.0,0.75,1,0.44148049890672575,0
327,102,0.4,0.935,0.75,0.25,0.5,2,0.49336811738714337,0
587,597,0.2,0.16,0.5,0.75,0.0,1,0.23027866626588295,0
910,30,0.2,0.66,1.0,0.6667,0.5,1,0.5702743956912638,0
379,316,0.2,0.495,0.75,0.6667,1.0,1,0.4541962657839306,1
654,794,0.2,0.67,0.25,0.1667,0.25,1,0.272607931650632,0
109,575,0.2,0.99,1.0,0.6667,0.25,1,0.5630895347272512,1
167,836,0.2,0.215,1.0,0.6667,0.0,1,0.513818059827714,1
325,128,0.2,0.225,0.75,0.5,0.25,1,0.3943976014153163,0
922,109,0.2,0.73,1.0,0.6667,1.0,1,0.6952926337871823,1
308,21,0.2,0.64,0.5,1.0,0.5,1,0.4089409937729732,0
674,821,0.2,0.79,0.5,0.9167,1.0,1,0.5090637727066458,1
703,413,0.2,0.09,0.75,0.5833,0.25,1,0.34127696782692185,0
537,554,0.4,0.79,0.75,0.8333,0.25,2,0.6049866138371351,0
751,632,0.2,0.995,0.75,0.5,1.0,1,0.6160862896249966,1
515,434,0.2,0.9,0.5,0.6667,0.5,1,0.46847189399260536,0
932,187,0.2,0.52,0.75,0.5,0.75,1,0.3882244142869775,1
976,112,0.2,0.9,0.75,0.5833,1.0,1,0.571389049863151,1
306,334,0.2,0.685,0.75,0.3333,0.5,1,0.5464040700970225,1
296,377,0.2,0.965,0.75,0.1667,1.0,1,0.559471680879088,1
858,767,0.2,0.27,0.0,0.6667,1.0,1,0.3636963670006065,1
404,187,0.2,0.595,0.75,0.5,0.25,1,0.42696997559193317,0
67,643,0.2,0.705,0.25,0.1667,0.75,1,0.29132160621765124,0
466,646,0.2,0.68,0.75,0.8333,0.75,1,0.46614393903659496,0
189,34,0.4,0.775,0.75,0.4167,0.25,2,0.4353258220088466,1
887,661,0.2,0.965,1.0,0.6667,0.25,1,0.601581241311471,0
481,797,0.2,0.985,0.5,0.8333,1.0,1,0.492812757361054,0
260,698,0.2,0.875,0.25,0.8333,0.75,1,0.4068123283515519,0
220,994,0.2,0.845,0.5,0.5,0.25,1,0.4399524420129635,0
626,535,0.4,0.605,0.75,0.8333,1.0,2,0.6915566250310671,1
332,447,0.2,0.95,0.5,0.5833,0.5,1,0.3762152313660225,0
25,636,0.2,0.65,1.0,0.0833,0.75,1,0.5852787526101731,1
25,972,0.4,0.5,0.0,0.3333,0.75,2,0.41512073942249683,1
263,54,0.4,0.46,0.0,0.3333,0.5,2,0.3178744069165377,0
461,766,0.2,0.725,0.25,0.1667,0.5,1,0.2866321423316759,1
373,166,0.2,0.5,0.25,0.4167,0.75,1,0.4165190338242144,1
137,86,0.2,0.585,0.0,0.75,0.25,1,0.31413212016464354,0
942,763,0.2,0.965,0.5,1.0,1.0,1,0.5443527129416051,0
54,708,0.2,0.85,0.0,0.8333,0.75,1,0.4255708731724043,0
914,266,0.2,0.96,0.75,0.4167,0.5,1,0.53126060052231,0
349,185,0.2,0.435,0.5,0.75,0.5,1,0.3101773642734571,1
597,171,0.2,0.47,0.75,0.8333,0.0,1,0.4004415872177472,1
831,755,0.2,0.675,0.0,0.5833,0.0,1,0.14498553694632665,0
392,277,0.2,0.74,1.0,0.0833,0.25,1,0.42598542041762794,0
688,646,0.2,0.675,0.25,0.6667,1.0,1,0.4051350636675558,1
308,965,0.2,0.68,0.5,1.0,0.0,1,0.43880494326672514,0
963,612,0.4,0.335,0.5,1.0,0.0,2,0.34821724585111014,0
347,121,0.4,0.77,1.0,0.8333,0.75,2,0.6187213368587573,1
537,6,0.2,0.93,1.0,0.25,0.75,1,0.5748094839019101,1
732,256,0.4,0.095,0.25,0.9167,0.5,2,0.4004665373986984,0
57,723,0.2,0.645,1.0,0.6667,0.25,1,0.5155334149249097,0
786,779,0.2,0.63,1.0,0.75,0.75,1,0.5174187541286129,0
308,573,0.2,0.925,0.5,0.6667,1.0,1,0.5654059321571123,1
462,606,0.2,0.97,0.75,1.0,0.75,1,0.5717616320050626,0
292,72,0.2,0.21,0.75,0.25,0.5,1,0.2973839341757264,0
271,41,0.4,0.69,0.75,0.6667,0.75,2,0.56689355410152,0
211,192,0.2,0.88,0.75,0.6667,1.0,1,0.5566084016634187,0
88,565,0.4,0.725,0.75,0.25,0.5,2,0.5012746413861722,0
463,910,0.2,0.875,0.25,0.9167,1.0,1,0.5347830957595274,1
785,916,0.2,0.8,0.75,0.75,0.5,1,0.4556226110985434,0
122,851,0.2,0.995,0.25,0.5833,1.0,1,0.5138167699434858,0
905,547,0.2,0.98,0.5,0.75,0.25,1,0.5215637493337931,0
286,102,0.2,0.745,0.5,0.25,0.5,1,0.38471533822706433,1
7,256,0.2,0.48,1.0,0.1667,0.5,1,0.49862886803681983,0
281,860,0.2,0.605,0.75,0.6667,0.75,1,0.408294012617789,1
716,480,0.2,0.72,0.25,0.5,0.5,1,0.4012194622937813,0
133,119,0.2,0.565,0.75,0.1667,0.5,1,0.34103061943813046,0
863,937,0.2,0.56,0.75,0.5833,0.75,1,0.4855857654202853,1
525,151,0.2,0.505,1.0,0.8333,0.75,1,0.4780661860998237,0
174,1,0.2,0.975,1.0,0.5,0.75,1,0.5764018549720096,0
998,19,0.2,0.485,0.75,0.8333,0.75,1,0.5196289386506425,1
228,864,0.2,0.87,0.0,1.0,0.0,1,0.22925869223355005,0
412,249,0.2,0.55,0.5,0.5,0.5,1,0.34296519144051363,0
856,440,0.2,0.79,0.75,0.75,1.0,1,0.49426429386489157,1
986,171,0.2,0.48,0.25,0.6667,1.0,1,0.3699363836389509,0
294,538,0.2,0.71,0.75,0.9167,0.75,1,0.5908561108874434,1
391,686,0.2,0.61,1.0,0.5833,0.75,1,0.6397211336859187,1
504,150,0.2,0.98,0.5,0.6667,1.0,1,0.5154962817613574,1
972,13,0.2,0.76,0.25,0.6667,0.0,1,0.2707753477036856,0
813,863,0.2,0.97,0.25,0.9167,0.25,1,0.47774106800380145,1
437,585,0.2,0.44,0.75,0.25,1.0,1,0.4210687935194206,1
946,401,0.2,0.28,0.0,0.8333,0.0,1,0.2978855399158352,0
378,69,0.4,0.59,0.25,0.0833,0.75,2,0.36061517279487404,1
679,592,0.2,0.78,0.5,0.3333,0.25,1,0.31077120623830734,1
285,592,0.2,0.28,0.75,0.6667,1.0,1,0.5734045615299121,1
774,897,0.2,0.54,0.5,0.3333,0.75,1,0.3025892360307437,0
528,146,0.2,0.925,1.0,0.5,0.75,1,0.668128047205272,1
54,11,0.2,0.955,0.0,0.4167,0.25,1,0.20288176016877874,0
933,624,0.4,0.94,0.75,0.75,0.25,2,0.5638251288888589,1
998,686,0.2,0.83,0.5,0.1667,0.5,1,0.3267454256771281,0
851,700,0.2,0.62,1.0,0.8333,0.75,1,0.5860158871086164,0
499,598,0.2,0.125,0.75,0.1667,0.5,1,0.4148842338958635,0
825,913,0.2,0.935,1.0,0.8333,0.75,1,0.6617658727329816,0
321,469,0.4,0.67,1.0,0.5,0.75,2,0.5992955882103267,1
378,315,0.2,0.875,0.5,0.5,0.5,1,0.3979316780857046,1
184,268,0.2,0.735,1.0,1.0,0.5,1,0.687249140636957,1
822,5,0.4,0.75,0.5,0.9167,1.0,2,0.650810439455769,1
531,507,0.4,0.565,0.75,1.0,0.25,2,0.6275800589969804,0
905,842,0.2,0.89,1.0,0.5,0.0,1,0.44012037815611255,0
613,722,0.4,0.72,1.0,0.3333,0.25,2,0.49717615347801003,1
843,370,0.2,0.77,0.5,0.0833,0.25,1,0.34430143791528073,1
544,534,0.2,0.905,1.0,0.5833,0.0,1,0.5799501976464629,1
202,24,0.4,0.725,0.75,0.9167,1.0,2,0.5746798565029902,0
571,299,0.2,0.935,0.5,0.75,0.0,1,0.41626396277144495,0
498,269,0.2,0.57,0.25,0.5,1.0,1,0.28022639130015053,0
440,853,0.2,0.745,1.0,1.0,0.5,1,0.626820632045331,0
566,670,0.4,0.305,1.0,0.9167,1.0,2,0.6694638391374144,1
908,64,0.2,0.475,0.75,0.75,0.5,1,0.4026936664335069,0
460,186,0.2,0.37,0.75,0.6667,0.75,1,0.3668813424082162,0
724,769,0.2,0.955,0.25,0.8333,0.5,1,0.4587120556469542,0
504,829,0.2,0.52,0.75,0.25,0.75,1,0.3948618676336714,0
823,916,0.2,0.57,0.75,0.4167,0.5,1,0.5163310966741512,1
399,724,0.2,0.865,0.75,0.8333,0.75,1,0.6169060582418195,0
167,217,0.2,0.955,0.75,0.9167,0.25,1,0.6255307677013757,1
719,867,0.2,0.435,0.5,0.6667,0.0,1,0.3039143279014697,1
257,322,0.2,0.66,0.75,0.3333,0.5,1,0.46658533489588255,1
64,732,0.4,0.845,0.25,0.8333,0.5,2,0.5059892565933594,0
282,655,0.2,0.88,1.0,0.5,0.25,1,0.5577224224977362,1
746,700,0.2,0.365,0.75,1.0,0.5,1,0.4787396299860617,1
973,536,0.2,0.28,0.5,0.5,0.75,1,0.4559382091004773,1
554,93,0.4,0.48,0.75,0.9167,0.5,2,0.6406426781763118,0
373,85,0.2,0.58,0.5,0.75,0.5,1,0.48143804675082014,1
450,161,0.2,0.42,0.25,0.5833,1.0,1,0.38495908282664026,0
601,412,0.2,0.76,0.5,0.5833,0.75,1,0.39810034275845285,0
185,282,0.2,0.93,0.75,0.6667,0.25,1,0.5644034417992908,1
23,269,0.2,0.625,0.5,0.75,1.0,1,0.4668891072590834,1
414,739,0.2,0.82,0.75,0.25,0.75,1,0.44992380352857264,0
373,716,0.2,0.83,0.75,1.0,0.5,1,0.5607106962295236,1
839,167,0.2,0.395,0.5,0.3333,0.25,1,0.40363502001434737,1
143,741,0.2,0.725,1.0,1.0,1.0,1,0.6137044589356583,0
316,962,0.2,0.855,1.0,0.5833,0.75,1,0.669430069143929,1
116,971,0.2,0.995,0.5,0.5833,0.75,1,0.42691492334296954,1
491,434,0.2,0.92,0.75,0.8333,1.0,1,0.660221913325288,0
809,340,0.2,0.48,0.75,0.9167,1.0,1,0.5792284041223855,1
9,629,0.2,0.97,0.0,0.5,1.0,1,0.36579452858964523,0
264,653,0.2,0.91,1.0,0.25,1.0,1,0.5004047872573854,0
926,670,0.2,1.0,0.0,0.8333,1.0,1,0.36213309998592386,0
20,403,0.2,0.775,1.0,0.8333,0.75,1,0.6197531502277082,1
530,635,0.4,0.765,0.75,0.4167,0.5,2,0.45793066416597017,1
181,485,0.4,0.705,0.75,0.8333,0.0,2,0.6315890252513973,1
387,258,0.2,0.655,0.5,0.5833,0.75,1,0.48735124731131596,0
495,811,0.2,0.46,0.5,0.4167,0.25,1,0.35006564807664153,0
316,366,0.2,0.9,0.75,0.5833,1.0,1,0.5427378143101308,1
128,231,0.2,0.515,0.5,0.6667,0.75,1,0.45151306826046766,0
274,729,0.2,0.765,0.75,0.75,0.5,1,0.41399077732078876,0
931,340,0.2,0.71,1.0,0.75,0.0,1,0.4828053317383745,0
298,506,0.4,0.77,0.75,1.0,0.5,2,0.5965351356226303,1
737,864,0.2,0.74,1.0,0.8333,0.0,1,0.4875820272359046,0
599,447,0.2,0.14,0.75,0.75,0.5,1,0.4086449535165646,0
125,599,0.2,0.91,0.75,0.75,0.5,1,0.4643532061690659,1
393,392,0.4,0.975,1.0,0.1667,0.25,2,0.5868374742695464,1
884,906,0.2,0.655,0.5,0.4167,1.0,1,0.4598023673283541,1
621,791,0.2,0.395,0.75,0.0833,0.75,1,0.36002723794731495,0
586,935,0.2,0.925,0.75,0.5,0.5,1,0.4566326148450063,0
998,686,0.2,0.83,0.5,0.1667,0.5,1,0.40694824881084507,1
332,51,0.4,0.885,0.75,1.0,1.0,2,0.6553042902549757,1
331,374,0.2,0.805,0.0,0.4167,1.0,1,0.3402767760381065,1
457,685,0.2,0.92,0.5,0.6667,0.75,1,0.3972730488537986,0
481,725,0.2,0.7,0.75,1.0,0.25,1,0.44494875037913845,0
445,260,0.2,0.76,0.75,0.6667,1.0,1,0.47847791673603346,1
433,500,0.2,0.425,0.5,0.4167,0.75,1,0.34196626740343306,1
579,635,0.2,0.325,0.5,0.75,1.0,1,0.4076424576625114,0
443,15,0.2,0.43,0.75,0.4167,0.5,1,0.32714310685596315,1
352,738,0.2,0.93,0.5,0.5833,0.0,1,0.5026204908076212,1
810,947,0.4,0.505,0.5,1.0,1.0,2,0.6051570628978742,0
777,978,0.2,1.0,0.5,0.5,0.75,1,0.4532658166022599,1
716,470,0.2,0.35,0.5,0.75,0.25,1,0.3848334684808544,1
88,145,0.2,0.805,0.0,0.25,0.75,1,0.30823334396099206,1
980,61,0.4,0.395,1.0,0.8333,0.0,2,0.5743978286563298,1
724,361,0.2,0.865,1.0,0.1667,0.25,1,0.5555559948946396,1
179,743,0.2,0.955,0.75,0.75,0.5,1,0.5193010820415829,1
76,844,0.2,0.65,0.5,0.5,1.0,1,0.45692282344371005,0
909,684,0.2,0.48,0.75,0.6667,0.75,1,0.5665745570357164,0
1000,200,0.2,0.955,0.5,1.0,0.0,1,0.5038876453503505,1
23,322,0.2,0.48,0.75,0.1667,0.75,1,0.36905461060878453,0
867,537,0.4,0.725,1.0,0.5833,1.0,2,0.589509812898698,1
69,267,0.2,0.625,0.75,0.9167,0.5,1,0.4901465253168098,1
725,745,0.2,0.82,0.75,0.4167,0.25,1,0.44879111641328284,1
523,899,0.2,0.56,1.0,0.3333,0.25,1,0.4503588173771666,0
738,940,0.2,0.6,1.0,0.75,0.5,1,0.46174375307657023,1
689,190,0.2,0.885,1.0,1.0,0.75,1,0.6097620047963286,1
23,128,0.4,0.785,0.75,0.25,1.0,2,0.5987713499985143,1
239,582,0.2,0.605,0.75,1.0,1.0,1,0.6481647991421147,1
434,694,0.4,0.925,0.5,1.0,1.0,2,0.5239226112553839,0
927,546,0.2,0.925,0.0,0.25,1.0,1,0.4310808119428981,0
929,410,0.2,0.625,1.0,0.4167,0.75,1,0.5744615474263267,0
298,185,0.4,0.745,1.0,0.5833,0.75,2,0.5848469713562388,1
823,202,0.2,0.645,1.0,0.4167,1.0,1,0.5164036123712943,1
73,948,0.2,0.805,0.5,0.25,0.75,1,0.43212190332204903,0
264,300,0.4,0.875,0.75,0.9167,0.25,2,0.6701731090794498,0
44,307,0.2,0.56,0.75,0.1667,0.75,1,0.4460795389329213,1
800,86,0.6,0.575,0.5,0.9167,0.5,3,0.5526743370169207,1
24,326,0.2,0.755,0.75,0.5,0.75,1,0.46724527169017205,1
913,934,0.2,0.62,0.75,0.5,1.0,1,0.5769595657454555,0
911,560,0.4,0.935,0.75,0.5,1.0,2,0.712409049574249,1
332,625,0.2,0.395,0.5,0.9167,0.75,1,0.49128629223963316,0
88,695,0.2,0.58,0.5,0.75,1.0,1,0.49035584338645744,0
856,602,0.2,0.82,0.75,0.75,0.75,1,0.6091702824070913,0
994,545,0.2,0.95,0.5,0.5,1.0,1,0.5714824641284855,1
668,663,0.2,0.505,0.0,0.9167,0.75,1,0.23284758385345325,0
309,983,0.2,0.7,0.75,0.3333,1.0,1,0.5371203277051801,1
495,966,0.2,0.94,0.5,1.0,0.75,1,0.4810305760984327,1
156,140,0.2,0.685,0.5,0.8333,0.5,1,0.4736439366663064,1
261,579,0.2,0.82,0.0,0.9167,0.75,1,0.35827948839980484,0
605,602,0.2,0.265,0.5,0.75,1.0,1,0.3454215168975595,0
123,106,0.2,0.45,0.5,0.4167,0.75,1,0.38073753432376234,1
183,550,0.2,0.64,0.75,0.5,0.75,1,0.5513822154644845,1
116,749,0.2,0.98,0.75,0.6667,0.5,1,0.45245424907578524,1
627,94,0.4,0.25,0.75,0.9167,1.0,2,0.6129943298721265,0
970,635,0.2,0.93,0.75,0.5833,0.75,1,0.542977758894936,0
488,318,0.2,0.895,0.75,0.5833,0.25,1,0.5293372819139501,1
997,597,0.2,0.52,0.25,0.8333,0.25,1,0.3290301391300502,1
61,400,0.4,0.22,0.5,0.5833,1.0,2,0.5540508510642608,0
661,677,0.2,0.75,0.25,1.0,0.5,1,0.36901936102106736,0
679,612,0.2,0.205,0.0,0.3333,0.25,1,0.21115626919439476,0
416,644,0.2,0.785,1.0,0.75,0.5,1,0.6726452157219014,1
599,251,0.4,0.25,0.75,0.5,0.75,2,0.4844410248098584,0
383,65,0.2,0.09,0.5,0.3333,0.75,1,0.2902963742924748,0
74,354,0.2,0.98,0.5,0.4167,0.0,1,0.35121768534478015,0
327,420,0.2,0.95,0.5,0.9167,0.75,1,0.4532473278383999,0
124,533,0.2,0.34,0.25,0.5833,0.5,1,0.29871579137650583,1
99,180,0.2,0.945,0.5,0.3333,0.75,1,0.5308393566856843,0
822,153,0.2,0.385,1.0,1.0,0.25,1,0.5494996608340309,0
397,113,0.2,0.87,1.0,0.1667,0.75,1,0.5608185203631539,1
649,949,0.2,0.415,0.75,0.0,0.75,1,0.3662702299666609,0
10,800,0.4,0.45,0.5,0.6667,0.5,2,0.4178284362913923,1
167,827,0.2,0.465,0.5,0.3333,0.5,1,0.3113702115799498,1
143,86,0.2,0.81,0.25,0.6667,0.0,1,0.4038252543741857,0
25,562,0.2,0.835,1.0,0.4167,0.5,1,0.5916985006429258,1
909,832,0.2,0.64,0.5,0.5833,0.75,1,0.4445945671253956,1
757,315,0.2,0.805,0.5,0.6667,1.0,1,0.44483887046716597,0
258,615,0.2,0.6,0.0,0.9167,0.5,1,0.34533206545633066,1
583,296,0.2,0.44,0.5,0.0833,0.5,1,0.2458142124178817,0
767,914,0.2,0.525,0.5,0.25,0.75,1,0.298344542009058,1
251,776,0.4,0.385,0.5,0.6667,0.75,2,0.5570073087884317,1
591,474,0.4,0.58,0.75,0.9167,0.25,2,0.6046969085650588,1
94,827,0.4,0.765,0.75,0.25,0.75,2,0.6020408488240564,1
96,227,0.2,0.68,0.75,0.9167,0.25,1,0.4874552006609023,0
365,130,0.2,0.955,0.5,0.8333,0.75,1,0.567722024476912,1
794,505,0.2,0.445,0.75,0.8333,0.75,1,0.5435501243962187,0
129,450,0.2,0.205,1.0,0.8333,0.5,1,0.4235376203950963,0
447,482,0.2,0.52,0.5,0.5833,0.75,1,0.34569853099358816,1
584,390,0.2,0.52,0.75,0.75,0.5,1,0.4630538910006489,1
548,580,0.4,0.89,0.0,0.75,0.5,2,0.3459091323608533,0
928,68,0.2,0.865,0.75,0.75,0.75,1,0.49991087715460136,0
243,109,0.2,0.995,1.0,0.6667,1.0,1,0.7203560873800382,0
740,949,0.2,0.895,0.5,0.5,1.0,1,0.4653668968171971,0
270,557,0.2,0.995,0.25,0.75,0.25,1,0.3334931381534577,1
672,374,0.2,0.745,0.0,0.8333,0.5,1,0.3983880189417174,1
629,468,0.2,0.625,0.25,0.75,0.75,1,0.42615281425509827,0
682,681,0.2,0.87,1.0,0.25,1.0,1,0.6016379894078254,0
757,775,0.2,0.71,0.5,0.4167,0.5,1,0.3889893114940932,1
331,738,0.2,0.82,0.5,0.3333,0.25,1,0.3720146113799443,0
1,353,0.2,0.85,0.5,0.9167,1.0,1,0.43077297818084936,1
977,121,0.4,0.51,0.5,0.4167,0.25,2,0.35249309480758695,0
811,393,0.2,0.765,1.0,0.6667,0.5,1,0.627980918891589,1
168,252,0.4,0.68,0.25,0.5,0.25,2,0.32943371330395216,0
975,698,0.4,0.49,0.0,0.8333,0.5,2,0.44127170601425003,1
522,801,0.2,0.24,0.5,0.75,0.75,1,0.4628054381260226,1
846,482,0.2,0.735,0.5,0.4167,0.75,1,0.3399257891075457,0
906,434,0.2,0.74,0.75,0.6667,0.75,1,0.4505972936538303,1
689,864,0.2,0.54,0.0,0.0833,0.25,1,0.22163867922232044,0
375,337,0.2,0.95,1.0,0.9167,1.0,1,0.6959006906424842,0
626,348,0.2,0.61,0.25,0.6667,0.75,1,0.34153777783544514,1
741,379,0.2,0.67,1.0,0.3333,0.25,1,0.5533420316345792,1
710,256,0.2,0.325,0.75,1.0,0.0,1,0.3812308984278042,1
628,308,0.2,0.645,0.5,0.75,0.75,1,0.38281423918721574,0
282,4,0.2,0.695,0.25,0.6667,0.75,1,0.39826733252540647,1
838,119,0.2,0.61,1.0,0.5,1.0,1,0.6004462005108377,0
605,344,0.2,0.885,1.0,0.4167,0.5,1,0.5031914608041488,0
579,124,0.2,0.955,0.0,0.5,0.75,1,0.33743101494523187,0
439,510,0.4,0.775,0.5,0.75,1.0,2,0.5820123522727064,1
953,464,0.2,0.97,0.5,0.8333,0.5,1,0.4591048199171299,0
568,781,0.2,0.97,1.0,0.5,0.25,1,0.4642043387373924,0
162,596,0.2,0.74,1.0,0.5,0.75,1,0.6321174410953952,1
864,382,0.2,0.705,0.25,0.9167,0.25,1,0.3623290805069287,0
906,419,0.2,0.655,1.0,0.0833,0.75,1,0.5993895247532736,1
376,50,0.2,0.675,0.5,0.5,0.75,1,0.4697832874334801,1
301,474,0.2,0.92,0.5,0.5,0.0,1,0.4561446124230988,0
777,204,0.2,0.83,0.75,0.75,0.25,1,0.392230331569426,1
333,995,0.2,0.78,0.25,0.3333,0.25,1,0.2374224646612949,0
771,414,0.2,0.215,0.75,1.0,0.5,1,0.4755615665623443,1
172,860,0.2,0.845,0.75,0.1667,1.0,1,0.5821337765729284,1
559,505,0.2,0.975,0.5,0.9167,0.75,1,0.53509206729619,0
223,344,0.2,0.62,0.5,0.3333,1.0,1,0.4987949380296174,0
394,585,0.2,0.8,0.75,0.25,0.5,1,0.40478578337480553,0
54,989,0.4,0.725,0.25,0.6667,0.25,2,0.4853868901126074,1
718,292,0.2,0.195,0.75,0.3333,1.0,1,0.3996562933147637,1
906,902,0.4,0.685,0.75,0.6667,0.5,2,0.5973411875557784,0
352,715,0.2,0.65,1.0,0.75,0.5,1,0.635618551503366,0
86,376,0.2,0.25,0.5,1.0,0.25,1,0.4371568612090538,1
183,956,0.2,0.375,1.0,1.0,0.5,1,0.5736983965445555,1
223,440,0.2,0.5,0.5,0.8333,0.75,1,0.488395026657639,1
222,601,0.2,0.595,0.5,0.6667,0.75,1,0.4721319831217425,0
989,881,0.2,0.9,0.5,0.9167,1.0,1,0.5992278839343502,0
8,969,0.4,0.545,0.25,0.5,0.75,2,0.41865359492427207,0
356,276,0.2,0.99,1.0,0.8333,0.75,1,0.5623142850558767,0
899,104,0.2,0.79,1.0,0.75,0.5,1,0.6044584217738129,1
797,461,0.2,0.86,0.5,0.6667,0.5,1,0.40479306929553277,0
929,288,0.2,0.735,0.75,0.75,0.75,1,0.5068320768500542,0
374,760,0.2,0.95,0.5,0.25,0.5,1,0.4726665830595513,1
765,918,0.2,0.99,0.25,0.8333,0.25,1,0.30101928755321417,1
155,779,0.2,0.885,1.0,0.9167,0.5,1,0.6046399747586146,1
584,492,0.2,0.645,0.25,0.5833,0.25,1,0.35203219239655625,0
980,926,0.2,0.425,0.25,0.25,0.75,1,0.2641262885552608,0
857,444,0.4,0.985,0.0,0.25,0.5,2,0.4773250239496182,0
168,844,0.2,0.53,0.75,0.75,0.0,1,0.4256384491551133,0
79,564,0.2,0.83,1.0,0.3333,0.25,1,0.5792203830169695,1
839,868,0.2,0.855,0.0,1.0,0.5,1,0.43979333601105625,0
242,570,0.2,0.87,0.5,0.1667,0.25,1,0.4186787145433344,1
686,899,0.2,0.84,0.5,0.1667,0.75,1,0.43949608164112686,0
414,434,0.2,0.495,0.5,0.4167,0.75,1,0.38356164631970524,1
67,27,0.2,0.77,1.0,0.5,0.75,1,0.6171958610814318,0
274,558,0.2,0.825,0.75,0.75,0.5,1,0.49030165335688464,1
899,897,0.2,0.395,0.25,0.9167,0.5,1,0.2882745930287919,0
173,942,0.2,0.84,0.75,1.0,1.0,1,0.60830629135558,1
208,757,0.2,0.88,0.25,0.5833,0.5,1,0.2844337006282681,1
944,101,0.2,0.605,0.0,0.5833,0.5,1,0.36495452138582074,0
899,332,0.2,0.87,0.25,0.0833,0.75,1,0.2577466860395076,0
681,935,0.2,0.475,0.5,0.75,1.0,1,0.4749585217489902,0
392,296,0.2,0.64,0.75,0.1667,0.25,1,0.3169861289286119,0
983,262,0.2,0.905,0.75,0.4167,0.75,1,0.49182612743709164,1
770,485,0.2,0.615,0.5,0.25,0.75,1,0.3250953358025854,0
507,159,0.4,0.72,0.25,0.9167,0.75,2,0.4613282616798225,1
206,872,0.2,0.6,1.0,0.0833,0.5,1,0.4775697541849081,1
109,314,0.4,0.365,0.5,0.6667,0.5,2,0.46715450733180397,1
510,29,0.4,0.655,0.75,0.9167,0.75,2,0.6624279984697383,1
488,408,0.4,0.24,0.5,0.4167,1.0,2,0.3761937987959234,0
917,511,0.2,0.995,0.75,1.0,1.0,1,0.6798846260679694,1
222,345,0.2,0.925,0.75,0.9167,0.5,1,0.5507599570455871,1
116,782,0.2,0.615,0.0,0.75,0.5,1,0.24831807771789685,1
719,189,0.2,0.265,0.25,0.0,1.0,1,0.1869374377997679,1
601,206,0.2,0.34,1.0,0.4167,0.5,1,0.4945127355511645,1
328,956,0.4,0.16,0.75,0.0833,0.75,2,0.3584353035999189,0
694,509,0.2,0.635,0.75,0.9167,1.0,1,0.48598501064732863,0
456,552,0.2,0.645,1.0,0.5,0.5,1,0.5808220230080725,0
528,671,0.2,0.785,0.25,0.5833,0.75,1,0.3312249018244502,1
29,645,0.2,0.91,0.75,0.5,0.75,1,0.5026116891785362,1
414,562,0.2,0.165,0.5,0.5,1.0,1,0.3956748306469331,0
700,197,0.2,0.855,0.75,0.5833,0.5,1,0.603439202020006,1
720,190,0.4,0.215,0.0,0.1667,0.5,2,0.18732784416105402,0
996,66,0.2,0.995,1.0,0.9167,0.25,1,0.6677380880181607,1
845,132,0.2,0.87,0.25,0.5833,0.75,1,0.318051232339886,1
848,379,0.2,0.265,0.5,0.5833,0.75,1,0.37378116666890737,0
417,922,0.2,0.55,0.5,0.9167,1.0,1,0.5786525741959417,0
764,751,0.2,0.58,0.5,0.5833,0.75,1,0.5106867459660327,0
700,74,0.2,0.325,0.75,0.4167,1.0,1,0.48926695357375405,1
733,281,0.2,0.74,1.0,1.0,0.75,1,0.6147789044648684,0
794,226,0.2,0.85,0.5,0.5,0.75,1,0.3619154913651019,0
523,1000,0.2,0.495,0.25,0.5833,0.75,1,0.35618945251082473,1
479,178,0.2,0.955,1.0,0.9167,0.0,1,0.6518463408763128,1
11,630,0.2,0.835,0.75,0.1667,0.0,1,0.3145752365072895,1
131,20,0.2,0.825,0.25,0.4167,0.5,1,0.4569086647570784,0
382,168,0.2,0.42,0.25,0.4167,0.25,1,0.22193934694916945,0
994,952,0.2,0.92,0.75,0.9167,0.25,1,0.4345116228199413,1
72,404,0.2,0.98,0.5,0.0833,1.0,1,0.5034328615892543,1
909,109,0.2,0.665,0.5,0.8333,0.75,1,0.43564349782638134,0
249,687,0.2,0.89,0.75,0.9167,0.0,1,0.44896409582786134,0
674,299,0.4,0.7,0.75,0.5,0.0,2,0.5290260956156496,0
20,273,0.2,0.97,0.75,0.8333,0.5,1,0.52290220736925,0
49,720,0.2,0.35,0.5,0.75,0.75,1,0.5068077499202007,1
939,770,0.2,0.04,1.0,0.0833,0.5,1,0.4336061150332112,0
650,345,0.2,0.77,0.5,0.9167,0.5,1,0.5005481038001318,0
992,262,0.2,0.995,0.75,0.5,0.75,1,0.48546036271628296,1
683,749,0.2,0.18,0.25,0.5,0.25,1,0.23790277857391087,0
891,548,0.4,0.855,1.0,1.0,0.5,2,0.7337853350156154,0
671,600,0.2,0.48,1.0,0.1667,0.75,1,0.5900838769658188,0
474,122,0.2,0.865,0.5,0.4167,0.75,1,0.5037948136435771,0
450,865,0.2,0.32,0.75,0.8333,0.75,1,0.44238691355572546,0
452,765,0.2,0.475,1.0,0.75,0.75,1,0.6037412388807939,1
546,589,0.4,0.885,0.25,0.9167,0.75,2,0.5996224615275243,0
998,489,0.2,0.74,0.75,0.9167,0.5,1,0.5581038711052562,0
111,948,0.2,0.29,0.5,0.4167,1.0,1,0.3957477915654089,0
172,770,0.2,0.635,0.25,0.0833,0.75,1,0.2862429759548659,1
143,153,0.2,0.665,0.75,0.4167,0.75,1,0.5677366542761786,0
54,924,0.2,0.55,0.5,0.8333,0.5,1,0.4889845689883455,1
860,142,0.2,0.295,0.5,0.25,0.5,1,0.2503440630295364,1
445,624,0.2,0.99,0.5,0.9167,0.5,1,0.4002093352450836,0
444,740,0.2,0.745,0.5,0.5833,1.0,1,0.5496206314681878,0
697,634,0.2,0.98,0.5,0.1667,0.75,1,0.44188363860550395,0
918,340,0.2,0.72,1.0,0.4167,1.0,1,0.5224417575083585,0
455,273,0.2,0.82,0.5,0.3333,0.5,1,0.32179953510509324,0
988,984,0.2,0.77,0.75,0.5833,0.75,1,0.461647201491699,1
245,780,0.2,0.395,0.75,0.4167,0.75,1,0.49702961486665276,0
793,312,0.2,0.465,0.75,0.5,1.0,1,0.45467632307296885,1
760,337,0.2,0.88,0.75,0.25,0.5,1,0.4289921876759678,1
566,70,0.4,0.93,0.25,0.25,0.25,2,0.4314628218844566,0
269,630,0.4,0.73,0.25,0.8333,0.25,2,0.40015872744374303,1
150,672,0.2,0.465,1.0,0.9167,0.25,1,0.6147813119413789,1
531,664,0.2,0.5,0.75,0.0833,0.5,1,0.4552320094134309,0
833,625,0.2,0.925,0.5,1.0,0.75,1,0.4863915730869297,0
178,839,0.2,0.735,0.0,0.9167,0.75,1,0.3687384058161911,1
792,982,0.2,0.915,0.75,0.25,0.5,1,0.5639282718951562,1
983,557,0.2,0.97,0.5,0.3333,0.25,1,0.4775377699924773,0
563,678,0.4,0.92,0.75,0.3333,0.5,2,0.5086858362510397,1
523,274,0.2,0.535,1.0,0.8333,1.0,1,0.5243382023497534,0
110,764,0.2,0.77,0.75,0.8333,1.0,1,0.524711465410911,0
70,445,0.2,0.375,0.75,0.1667,0.5,1,0.4185908882161732,0
928,943,0.2,0.68,0.5,0.8333,1.0,1,0.5135299504795426,0
226,794,0.2,0.85,0.5,0.5,0.75,1,0.4274867747721999,1
981,564,0.2,0.88,0.5,1.0,0.5,1,0.5387111969144327,0
247,581,0.2,0.36,0.75,0.25,0.25,1,0.41856709962802663,0
354,675,0.4,0.93,1.0,0.4167,0.75,2,0.7452613631540661,0
828,722,0.2,0.335,1.0,0.1667,0.75,1,0.4116760534703568,1
680,122,0.2,0.985,1.0,0.5,1.0,1,0.6427985025117569,1
370,899,0.2,0.275,0.75,0.0833,1.0,1,0.3781930599176113,0
396,243,0.2,0.64,0.75,0.75,0.0,1,0.47570482310672546,1
882,782,0.2,0.85,0.25,0.9167,0.75,1,0.5089359450041505,1
886,162,0.2,0.84,0.5,1.0,0.25,1,0.4601236078941512,0
160,328,0.4,0.93,0.5,0.8333,0.5,2,0.6094963265181644,1
171,364,0.2,0.61,0.75,0.4167,0.5,1,0.5504419760595193,1
602,964,0.2,0.885,1.0,0.6667,0.75,1,0.5939437770287765,0
191,332,0.2,0.93,1.0,1.0,0.5,1,0.7035425916227767,1
312,655,0.2,0.85,0.75,0.75,0.0,1,0.5381908466602872,0
414,121,0.4,0.885,0.75,0.9167,0.5,2,0.6509172602842385,0
655,137,0.2,0.735,0.75,0.5833,0.75,1,0.5927991168428685,0
537,571,0.2,0.15,0.75,0.75,1.0,1,0.37803978079727485,1
227,783,0.4,0.57,1.0,0.9167,0.25,2,0.525377702906802,1
703,934,0.2,0.03,0.25,0.5,0.75,1,0.28158275158709745,0
607,416,0.2,0.635,0.25,0.9167,0.0,1,0.2690295003023894,0
794,949,0.4,0.545,0.25,1.0,1.0,2,0.4343268540983759,0
53,392,0.2,0.69,1.0,0.25,0.25,1,0.4130603571394991,1
114,512,0.2,0.92,0.75,0.9167,1.0,1,0.6056872086569399,1
15,8,0.2,0.725,0.0,0.6667,0.25,1,0.3313868033133145,0
639,894,0.2,0.53,1.0,0.8333,0.75,1,0.49050164041763833,1
113,146,0.2,0.51,0.5,0.0833,1.0,1,0.3128440567319649,0
701,268,0.2,0.44,0.0,0.6667,0.5,1,0.2976222430906536,0
106,169,0.4,0.845,1.0,0.5833,0.25,2,0.5699932539768154,1
2,636,0.2,0.955,0.0,0.8333,0.0,1,0.2456150316161622,1
564,57,0.2,0.665,0.5,0.8333,0.75,1,0.4060640267116605,1
657,340,0.2,0.8,0.25,0.3333,1.0,1,0.37886658486214814,0
241,841,0.2,0.845,0.75,0.8333,0.75,1,0.45677554813864846,1
198,618,0.4,0.72,0.25,0.75,0.75,2,0.5770423082658082,1
101,298,0.2,0.82,0.5,0.6667,0.25,1,0.4335243991338227,1
846,178,0.4,0.715,0.5,0.25,0.75,2,0.5707393873951173,0
221,59,0.2,0.755,1.0,0.75,0.75,1,0.6762568252245607,1
793,976,0.2,0.87,0.75,0.9167,0.75,1,0.5938524391566772,1
149,480,0.4,0.33,0.25,0.8333,1.0,2,0.45785228453925986,0
91,968,0.2,0.335,0.25,1.0,1.0,1,0.4683129369734412,1
499,911,0.2,0.105,0.75,0.4167,0.75,1,0.46973033698042177,0
202,448,0.2,0.4,0.75,0.5833,0.75,1,0.5208571583441794,0
786,133,0.2,0.465,0.5,0.6667,0.75,1,0.34043799302761185,1
756,550,0.2,0.89,0.75,0.6667,1.0,1,0.5039844195879326,1
801,602,0.2,0.215,1.0,0.5,0.75,1,0.49856768827205905,1
609,957,0.2,0.645,0.5,0.4167,0.75,1,0.44579496148843345,0
58,361,0.2,0.46,0.0,0.5,0.5,1,0.1941753020967949,0
709,526,0.2,0.775,0.25,1.0,0.75,1,0.5022460204962818,0
985,738,0.4,0.725,0.75,0.6667,0.75,2,0.640709464278669,1
991,792,0.2,0.66,0.5,0.75,1.0,1,0.5040707318710513,1
793,804,0.2,0.8,0.5,0.25,1.0,1,0.35365571451865496,0
55,800,0.2,0.46,0.75,0.75,0.75,1,0.5293032250071069,1
591,456,0.2,0.66,0.75,0.75,0.75,1,0.5508967177584421,1
908,877,0.2,0.98,0.75,0.5,0.5,1,0.5932137226617672,1
400,110,0.2,0.385,0.75,0.6667,0.25,1,0.5117214450267422,1
274,538,0.2,0.775,1.0,0.6667,0.5,1,0.48139739998402253,0
298,339,0.2,0.785,0.5,0.3333,0.75,1,0.3774949773533826,1
943,429,0.2,0.86,0.75,0.9167,0.5,1,0.5877335560300136,1
408,678,0.2,0.785,0.75,0.1667,1.0,1,0.5786694109637858,0
932,851,0.2,0.59,0.75,0.5,0.5,1,0.5212556040264041,0
521,630,0.4,0.74,0.75,1.0,0.75,2,0.5867767869170135,1
340,380,0.4,0.79,1.0,0.1667,0.5,2,0.5152821290342802,0
62,818,0.2,0.915,0.25,0.1667,0.5,1,0.3407410768020946,0
435,186,0.2,0.89,1.0,0.8333,0.5,1,0.6751928060146826,0
306,605,0.2,0.51,0.5,0.4167,1.0,1,0.5020133223264853,1
535,504,0.2,0.61,1.0,0.4167,0.25,1,0.46683874855095425,0
224,310,0.2,0.925,0.25,0.75,1.0,1,0.49227381541948,0
594,68,0.2,0.39,0.75,0.5833,0.5,1,0.39506143065121885,0
265,983,0.2,0.95,0.75,0.8333,0.5,1,0.6423558517050246,0
59,70,0.2,0.95,0.75,0.5,0.5,1,0.47711557263092297,0
322,140,0.2,0.545,0.75,0.8333,0.75,1,0.4417643239294695,0
19,476,0.2,0.44,0.0,0.5,1.0,1,0.2704093075077798,1
397,469,0.2,0.845,0.75,0.3333,1.0,1,0.42842932373897114,1
212,912,0.2,0.895,0.75,0.4167,0.75,1,0.5225579161589423,0
577,818,0.2,0.87,1.0,0.4167,0.5,1,0.5441250924426171,1
520,495,0.2,0.71,0.75,0.5833,0.75,1,0.509021932510087,0
453,155,0.2,0.645,0.75,0.9167,1.0,1,0.49536133809378546,0
109,365,0.2,0.285,0.75,0.8333,1.0,1,0.572084638159286,1
380,65,0.2,0.72,0.5,0.5,0.75,1,0.41951720941947157,0
118,42,0.2,0.74,1.0,0.5833,0.75,1,0.5483983890335706,1
708,629,0.2,0.865,0.0,0.5,1.0,1,0.36888887144668203,1
548,15,0.2,0.51,1.0,1.0,0.5,1,0.57958844709189,1
10,742,0.4,0.875,1.0,1.0,0.5,2,0.7464011131907146,1
748,504,0.2,0.785,0.5,1.0,0.5,1,0.4621082805791711,1
204,61,0.2,0.8,0.75,0.5,0.75,1,0.43474501437617563,0
55,627,0.2,0.845,0.75,0.5,0.5,1,0.5288470515217085,0
492,695,0.2,0.955,0.5,0.6667,0.5,1,0.42638549190681035,1
413,619,0.2,0.945,0.5,0.1667,0.75,1,0.36730524466850123,0
639,297,0.2,0.34,0.25,0.6667,0.75,1,0.42023960176430286,0
468,988,0.2,0.71,0.75,0.1667,0.5,1,0.4965745123643548,1
819,558,0.2,0.83,0.5,0.5,0.25,1,0.4359054342307858,1
942,844,0.2,0.905,1.0,0.8333,0.25,1,0.47551626460070623,0
3,147,0.4,0.26,1.0,0.75,0.75,2,0.5610928057034555,0
874,859,0.2,0.335,1.0,0.8333,0.5,1,0.6028560865085163,0
272,77,0.2,0.835,0.25,0.1667,0.75,1,0.41152189474303114,1
169,645,0.2,0.485,0.25,0.8333,0.0,1,0.2094259515305591,0
720,132,0.2,0.575,0.25,0.5833,0.25,1,0.24546728299144938,0
751,479,0.2,0.635,0.25,0.5833,0.5,1,0.38733766703434835,0
94,221,0.2,0.505,0.75,0.3333,1.0,1,0.4705672915992925,1
827,846,0.2,0.91,0.5,0.3333,0.75,1,0.37103465234577604,0
63,775,0.4,0.675,0.75,0.6667,1.0,2,0.5685927960757996,0
550,608,0.2,0.645,0.25,0.9167,0.5,1,0.39412799017542804,0
686,718,0.2,0.46,0.75,0.25,1.0,1,0.5237429889646773,1
356,64,0.4,0.31,0.25,0.6667,0.25,2,0.27649314257468505,0
426,955,0.2,0.21,0.5,0.75,0.0,1,0.31158068993827126,0
829,264,0.2,0.72,0.75,0.0833,0.75,1,0.49943804500504646,1
840,374,0.2,0.915,0.75,0.9167,0.75,1,0.6688933429357498,1
200,297,0.2,0.22,0.5,0.6667,0.75,1,0.3615175148060916,1
468,794,0.4,0.695,1.0,0.9167,0.5,2,0.6636418769141026,1
902,525,0.4,0.79,1.0,0.8333,0.5,2,0.6273563328907609,1
43,429,0.2,0.995,0.75,0.75,0.75,1,0.49230224456372484,0
225,818,0.2,0.57,1.0,0.3333,1.0,1,0.5053279584740634,1
72,251,0.4,0.245,0.5,0.75,0.75,2,0.3994881649448743,0
552,566,0.2,0.915,0.0,0.1667,0.75,1,0.29087865827035464,0
415,495,0.4,0.83,0.25,0.75,1.0,2,0.46217893666986865,0
753,525,0.2,0.62,0.0,1.0,0.5,1,0.2479870208937894,0
586,823,0.2,0.155,0.5,0.9167,0.0,1,0.38237230598189337,1
778,244,0.2,0.98,0.25,1.0,0.5,1,0.4221020565465431,0
885,39,0.2,0.84,0.75,0.1667,1.0,1,0.4560330817697644,1
910,810,0.4,0.235,0.25,0.8333,1.0,2,0.4664211249662023,0
851,313,0.2,0.6,0.75,0.9167,0.75,1,0.47957210296195474,1
411,235,0.2,0.87,1.0,0.3333,0.75,1,0.5750839437069087,1
631,880,0.2,0.7,0.75,0.8333,0.5,1,0.6036003071911121,1
973,990,0.4,0.5,0.75,0.3333,0.5,2,0.5973233402377467,1
455,947,0.2,0.8,0.75,0.6667,0.75,1,0.5006108070418142,0
671,26,0.2,0.785,0.25,0.8333,0.75,1,0.4550916162763605,1
25,725,0.2,0.71,0.75,0.1667,0.25,1,0.3989872723126259,0
516,949,0.2,0.52,0.5,0.8333,0.75,1,0.5266260953525322,0
600,722,0.4,0.975,1.0,0.9167,1.0,2,0.704825538265896,1
121,921,0.2,0.365,0.75,0.1667,0.75,1,0.39158722227228965,1
426,79,0.6,0.89,0.25,0.4167,0.25,3,0.4140827403711073,0
387,493,0.2,0.45,0.5,0.75,0.75,1,0.5186282193755516,1
725,542,0.2,0.53,0.5,0.3333,1.0,1,0.442228352388838,0
108,482,0.2,0.79,0.5,0.3333,0.5,1,0.4031105706898012,0
162,408,0.4,0.585,0.5,0.8333,1.0,2,0.5638705783866124,1
976,899,0.4,0.655,0.75,0.1667,0.75,2,0.5660927063273382,1
132,515,0.2,0.905,0.75,0.8333,0.25,1,0.5302434217058799,1
835,678,0.2,1.0,0.25,0.9167,0.25,1,0.4471744319504687,0
817,240,0.2,0.745,0.25,0.25,0.75,1,0.2689821701028406,0
553,450,0.2,0.84,0.25,0.4167,0.75,1,0.40722772051248834,0
422,529,0.4,0.785,0.75,0.5,0.5,2,0.5506961515179694,0
43,298,0.4,0.79,0.75,0.5,0.75,2,0.673740184017434,0
72,897,0.2,0.92,0.5,0.9167,0.75,1,0.42983785006620706,1
257,355,0.2,0.975,0.75,0.5,0.75,1,0.5141536024416687,0
202,46,0.2,0.7,0.25,0.9167,0.25,1,0.294379786875813,0
132,202,0.4,0.81,1.0,0.75,0.25,2,0.6455147727261328,1
278,53,0.4,0.37,0.5,0.5833,0.25,2,0.3731478402983832,0
258,498,0.2,0.86,0.25,0.5833,0.75,1,0.3368951615060324,0
238,843,0.2,0.85,0.5,0.1667,0.25,1,0.348143455897191,1
295,581,0.2,0.545,0.5,0.6667,0.0,1,0.32943233727948523,0
226,269,0.2,0.875,0.75,0.75,0.75,1,0.554132682870299,1
536,857,0.2,0.845,0.5,0.8333,1.0,1,0.42338260518916326,1
640,740,0.2,0.325,0.75,0.75,1.0,1,0.5313009944190676,0
714,80,0.2,0.775,1.0,1.0,1.0,1,0.6855016271108705,0
670,97,0.6,0.965,1.0,0.5,0.75,3,0.7030928250479517,1
867,49,0.2,0.625,1.0,0.6667,0.25,1,0.4817183419750538,0
149,390,0.4,0.74,0.25,0.75,1.0,2,0.5722096832361762,1
755,198,0.2,0.995,1.0,0.8333,0.5,1,0.67297710120213,1
591,292,0.2,0.885,1.0,0.4167,1.0,1,0.6797378567257534,1
941,533,0.2,0.52,0.75,0.6667,1.0,1,0.5003909525296318,1
208,370,0.2,0.535,1.0,0.4167,0.5,1,0.49103982237379845,0
457,187,0.2,0.805,1.0,0.6667,0.5,1,0.637937999953361,0
38,97,0.2,0.87,1.0,0.4167,0.0,1,0.5298649970699795,0
24,556,0.4,0.555,1.0,0.8333,0.75,2,0.5572144275044207,1
485,154,0.2,0.635,0.75,0.4167,0.5,1,0.45613717450211533,0
135,724,0.4,0.785,0.25,0.75,0.75,2,0.4180245679088693,0
502,468,0.2,0.46,0.25,0.5,0.25,1,0.3766587019360125,1
586,444,0.2,0.19,0.25,0.3333,0.25,1,0.2394711092965109,0
760,903,0.2,0.95,0.75,0.0833,0.75,1,0.4705883634019852,0
524,563,0.4,0.59,0.0,0.1667,0.75,2,0.3622510522688085,0
71,343,0.2,0.415,0.5,0.9167,0.75,1,0.43382078461753726,1
354,251,0.2,0.285,0.5,1.0,0.5,1,0.3995522006617733,1
133,201,0.2,0.335,0.5,0.9167,0.75,1,0.38514431498689633,1
96,537,0.2,0.555,1.0,0.5833,1.0,1,0.5260956572692193,1
752,512,0.2,0.61,0.75,0.5,1.0,1,0.5360593924456507,0
686,874,0.2,0.54,0.75,0.3333,0.75,1,0.47939907067903714,1
228,883,0.2,0.625,0.25,0.5833,0.5,1,0.4168474392800102,1
623,47,0.2,0.815,0.25,1.0,0.25,1,0.33629401976235546,1
899,998,0.2,0.99,1.0,1.0,0.25,1,0.527969527523173,0
754,621,0.2,0.6,1.0,0.5,0.0,1,0.5656436060202354,1
770,939,0.2,0.04,1.0,0.0833,0.5,1,0.44609695590552834,1
896,678,0.2,0.825,0.25,1.0,0.5,1,0.51140522385999,1
730,534,0.2,0.25,0.75,0.6667,1.0,1,0.5447270840368331,1
789,50,0.4,0.945,0.25,0.3333,1.0,2,0.5251667792192342,1
190,689,0.2,0.885,1.0,1.0,0.75,1,0.6366727536470332,1
700,22,0.2,0.755,0.75,0.75,0.5,1,0.4588720940701058,0
838,155,0.2,0.455,0.75,0.8333,0.5,1,0.43637513805900363,1
792,902,0.2,0.62,0.5,0.9167,0.5,1,0.5189936294856182,0
784,695,0.2,0.225,0.5,0.8333,0.75,1,0.4492800589638456,1
244,959,0.2,0.705,0.0,0.9167,1.0,1,0.28235113697035974,0
874,822,0.2,0.21,1.0,0.4167,0.5,1,0.5339476887365675,0
690,295,0.4,0.96,0.75,0.4167,1.0,2,0.6492857374415167,0
412,715,0.6,0.945,0.25,1.0,1.0,3,0.6271789019275509,1
321,82,0.2,0.59,0.75,0.8333,1.0,1,0.6384301008498298,1
62,596,0.2,0.57,0.75,0.8333,0.5,1,0.4679617127821821,0
673,317,0.2,0.855,0.0,0.5833,0.75,1,0.4396876950203934,1
596,653,0.2,0.355,0.5,0.9167,0.5,1,0.3638557272131582,0
483,899,0.2,0.81,0.25,0.9167,0.75,1,0.493018640488713,1
473,315,0.2,0.79,0.5,0.8333,0.0,1,0.361122238647267,1
611,338,0.2,0.405,1.0,0.4167,1.0,1,0.4458687371746924,0
623,116,0.2,1.0,0.0,0.75,0.5,1,0.3170128148727492,1
831,381,0.2,0.665,0.5,0.6667,0.75,1,0.4394504859261224,0
527,148,0.4,0.88,0.75,0.4167,0.25,2,0.47834878975713224,0
244,318,0.2,0.55,0.25,0.5833,0.75,1,0.28459720484704465,0
955,956,0.2,0.195,1.0,0.5833,0.75,1,0.5305651487880881,0
879,236,0.2,0.265,0.5,1.0,0.75,1,0.4694593451946368,0
640,615,0.2,0.76,0.25,1.0,0.25,1,0.4094197972494187,0
922,590,0.2,0.74,0.5,0.8333,0.5,1,0.44363236870112877,0
744,367,0.2,0.65,0.5,0.9167,0.25,1,0.5030469945093049,0
560,921,0.2,0.965,1.0,0.0833,0.75,1,0.49753675648816575,1
141,695,0.4,0.95,0.75,0.8333,0.5,2,0.6874128296564126,0
114,983,0.4,0.59,0.75,0.9167,0.25,2,0.46317552550609686,0
905,661,0.4,0.945,1.0,0.4167,0.25,2,0.524996948095494,1
123,133,0.2,0.935,0.5,1.0,0.5,1,0.4699958302438637,1
504,910,0.2,0.665,0.5,0.8333,0.75,1,0.4442382623856109,1
120,12,0.2,0.945,0.75,0.9167,0.75,1,0.4858492613798309,0
594,648,0.2,0.45,0.5,0.9167,0.5,1,0.3282951684476228,0
657,882,0.2,0.88,1.0,0.8333,0.0,1,0.6002691216927842,1
715,847,0.2,0.55,0.5,0.5,0.75,1,0.34238902076000516,0
519,864,0.2,0.66,0.0,0.3333,0.0,1,0.17606803330399529,0
118,686,0.2,0.91,1.0,0.5833,0.25,1,0.5934245611733668,1
183,672,0.2,0.26,0.5,0.4167,0.5,1,0.2831449100201354,0
9,174,0.2,0.68,0.25,0.8333,0.75,1,0.39974557727080906,1
257,230,0.2,0.465,1.0,0.5,0.0,1,0.3809198898583429,1
661,268,0.2,1.0,0.25,0.8333,0.75,1,0.48060277658849365,1
389,665,0.2,0.455,1.0,0.8333,0.0,1,0.4749973873304042,0
334,701,0.2,0.755,0.0,0.9167,0.25,1,0.4010987392890174,0
526,8,0.2,0.615,0.75,0.8333,0.75,1,0.4596027781183375,0
790,584,0.2,0.945,0.25,0.75,0.25,1,0.44664245743216324,1
758,90,0.2,0.915,0.5,0.3333,0.25,1,0.39583077182588045,0
12,172,0.2,0.745,0.25,0.1667,0.75,1,0.3460251010377513,0
347,598,0.2,0.585,0.5,0.1667,0.0,1,0.25286303914377156,0
918,196,0.2,0.825,1.0,0.5833,0.25,1,0.5937260215915254,0
477,353,0.2,0.935,1.0,1.0,1.0,1,0.656728198788533,1
609,700,0.2,0.84,1.0,0.4167,0.25,1,0.4377509775806062,0
775,29,0.2,0.29,1.0,0.4167,0.75,1,0.5611918121638071,1
327,802,0.2,0.585,0.5,0.6667,0.75,1,0.37823233147350177,1
177,101,0.2,0.775,1.0,0.75,0.0,1,0.6087707585506065,0
151,798,0.2,0.57,1.0,0.8333,0.75,1,0.5169081447714153,1
345,584,0.2,0.79,0.75,0.6667,0.25,1,0.44737633743117017,1
985,36,0.2,0.79,1.0,0.5,0.75,1,0.5449174400226013,1
747,344,0.2,0.87,0.5,0.5,0.75,1,0.3689011549576154,0
521,966,0.2,0.43,0.75,0.9167,1.0,1,0.44392613941188674,0
50,43,0.2,0.74,0.75,0.4167,1.0,1,0.6035523979635,1
763,227,0.4,0.6,1.0,0.6667,0.5,2,0.5423781477237848,1
655,593,0.2,0.335,0.75,0.3333,0.75,1,0.34868510928616747,1
653,767,0.2,0.405,0.5,0.5,0.75,1,0.4366768401184197,0
877,35,0.2,0.91,0.75,0.9167,0.25,1,0.48630738632651577,0
946,926,0.4,0.3,0.0,0.8333,0.75,2,0.3189261537647652,1
141,703,0.2,0.785,0.5,0.8333,0.0,1,0.3207771315997705,0
903,172,0.2,0.565,0.5,0.0833,0.5,1,0.39696008869604527,0
146,306,0.2,0.745,1.0,0.0833,0.25,1,0.41120346556497633,1
124,431,0.2,0.785,0.0,0.8333,0.5,1,0.3373939402374235,0
286,388,0.2,0.61,0.0,0.3333,0.5,1,0.3400776857072801,0
282,251,0.4,0.45,0.75,0.9167,0.75,2,0.6463591335530127,0
524,131,0.2,0.975,0.0,0.9167,0.5,1,0.32277797787911144,0
480,621,0.2,0.36,0.25,0.75,0.25,1,0.3347722696756156,0
14,727,0.2,0.605,0.0,0.5,0.75,1,0.2622455263864452,1
792,132,0.2,0.87,0.75,0.75,0.5,1,0.5723135923221511,1
781,954,0.2,0.545,1.0,0.4167,0.75,1,0.5808531710052023,0
20,273,0.2,0.97,0.75,0.8333,0.5,1,0.603325631201328,0
907,935,0.2,0.095,0.5,0.3333,0.5,1,0.336663349782824,0
921,326,0.4,0.72,0.25,0.1667,0.25,2,0.3142153768340345,1
829,518,0.2,0.49,0.25,0.3333,0.75,1,0.24525785980928422,0
106,812,0.2,0.635,0.25,0.5833,0.75,1,0.4434534959902505,1
717,561,0.2,0.86,0.5,0.75,0.75,1,0.4178347555097355,0
510,224,0.2,0.915,0.75,0.75,0.75,1,0.48756923879358394,0
575,651,0.2,0.24,0.75,0.9167,0.25,1,0.437875394308023,1
600,269,0.2,0.705,0.0,0.25,1.0,1,0.32402697761947635,0
889,444,0.2,0.365,1.0,0.1667,0.5,1,0.3970091735036657,1
879,334,0.2,0.83,0.5,0.6667,0.5,1,0.4601725249674993,1
930,523,0.2,0.44,0.75,1.0,0.75,1,0.5902008435586307,1
807,140,0.2,0.145,0.75,0.6667,0.5,1,0.4677200720444188,0
15,408,0.2,0.865,0.5,0.1667,0.75,1,0.41288637285142926,1
624,110,0.2,0.875,0.5,0.4167,0.25,1,0.44383756590438356,1
272,751,0.4,0.405,0.75,0.5833,0.5,2,0.4222748734503591,0
106,411,0.2,0.555,0.25,0.75,0.5,1,0.3486509924859215,1
860,300,0.2,0.695,0.75,0.25,0.75,1,0.49441434702612164,0
416,72,0.2,0.715,0.75,0.9167,0.25,1,0.5510298300928178,0
558,836,0.4,0.425,0.5,0.5833,0.75,2,0.476353891073012,0
274,729,0.2,0.765,0.75,0.75,0.5,1,0.5283125273965196,0
583,571,0.2,0.665,0.75,0.5,0.25,1,0.526708765642386,0
577,623,0.2,0.61,1.0,1.0,0.25,1,0.4574826241069167,0
262,116,0.4,0.64,0.5,0.8333,0.5,2,0.5932973552071241,1
585,700,0.2,0.88,1.0,0.3333,0.5,1,0.44879525810821197,0
318,62,0.2,0.59,0.5,0.8333,0.0,1,0.288300307332914,1
98,426,0.2,0.92,1.0,0.75,0.75,1,0.6766354807463804,0
245,780,0.2,0.395,0.75,0.4167,0.75,1,0.3614825462291502,0
958,171,0.2,0.67,0.5,0.5833,0.0,1,0.41548866013747665,1
681,24,0.2,0.765,0.5,0.6667,0.5,1,0.43282398577124037,1
811,682,0.4,0.65,0.25,0.8333,0.75,2,0.4316902426499415,1
700,192,0.2,0.4,0.75,0.5,0.75,1,0.38724544616257683,1
717,607,0.2,0.895,1.0,1.0,0.25,1,0.5393368889577858,0
225,162,0.2,0.825,0.0,0.5,0.75,1,0.4147499494309713,0
133,588,0.4,0.69,0.25,0.25,0.75,2,0.46648729327105537,1
829,15,0.4,0.705,0.25,0.9167,0.25,2,0.5296263819745723,0
197,43,0.2,0.99,0.75,0.9167,1.0,1,0.6089405975331528,0
885,421,0.2,0.675,0.5,1.0,0.25,1,0.4152879353014867,1
318,703,0.2,0.88,0.5,0.5833,0.0,1,0.3899065645761845,0
594,585,0.2,0.325,0.5,0.8333,0.5,1,0.36690934730920965,1
742,274,0.4,0.945,0.75,0.75,0.75,2,0.6013741956328295,1
72,210,0.2,0.67,0.5,0.1667,0.25,1,0.2723088473637404,0
793,774,0.2,0.93,0.75,0.8333,0.25,1,0.5242183280570062,0
180,188,0.2,0.87,0.75,0.5833,0.5,1,0.4839055906165566,1
180,763,0.2,0.65,0.25,0.5833,0.5,1,0.24928838550415994,0
522,857,0.2,0.915,0.25,0.5833,1.0,1,0.3949881391466082,0
153,819,0.4,0.535,1.0,0.5,0.75,2,0.5587466140434604,1
198,487,0.2,0.945,0.0,0.5833,0.5,1,0.32396407000496286,1
711,352,0.2,0.96,1.0,0.5833,0.5,1,0.6603777107843529,0
153,55,0.2,0.36,0.75,0.5833,0.5,1,0.4831692880576069,0
143,339,0.2,0.97,0.75,0.4167,1.0,1,0.46276513325188895,1
991,81,0.2,0.35,0.25,1.0,0.75,1,0.43162503525235263,1
347,322,0.2,0.96,1.0,0.8333,0.5,1,0.5471655239777213,1
88,549,0.2,0.84,1.0,1.0,0.5,1,0.5257302443488424,0
49,461,0.2,0.53,0.5,0.3333,1.0,1,0.5171597182599634,0
615,640,0.2,0.76,0.25,1.0,0.25,1,0.29149615266839063,1
959,244,0.2,0.705,0.0,0.9167,1.0,1,0.4011556098987074,0
7,142,0.4,0.615,0.0,0.1667,0.5,2,0.24242200990050872,0
528,364,0.2,0.23,0.25,0.8333,0.75,1,0.24386341579406806,0
231,134,0.6,0.5,0.25,0.8333,0.5,3,0.4156526344839149,1
851,298,0.2,0.965,0.75,0.6667,1.0,1,0.5945652189509051,0
962,543,0.2,0.805,0.5,0.0833,0.5,1,0.4278131546310117,0
749,233,0.2,0.485,0.75,0.6667,0.75,1,0.4989452983268593,0
844,808,0.2,0.705,1.0,0.9167,0.0,1,0.4356351264688323,1
118,370,0.2,0.525,0.25,0.5,0.0,1,0.33748790916135996,0
204,61,0.2,0.8,0.75,0.5,0.75,1,0.4841868451472008,1
979,701,0.2,0.935,0.5,0.5833,0.75,1,0.531129233181285,1
826,703,0.4,0.55,0.25,0.6667,0.0,2,0.30097314674465797,0
543,144,0.2,0.66,0.0,0.75,0.75,1,0.39413471428752467,1
143,734,0.2,0.405,0.75,0.75,0.5,1,0.41862966498626897,1
525,600,0.2,0.175,1.0,0.5,1.0,1,0.44471365005188584,0
159,355,0.6,0.52,1.0,0.5,1.0,3,0.6384764213540016,1
174,560,0.2,0.28,0.75,0.4167,0.5,1,0.44053114902589585,0
82,60,0.2,0.88,1.0,1.0,1.0,1,0.7564808508772315,1
937,973,0.2,0.94,0.75,0.5833,0.0,1,0.5168280632161644,0
762,218,0.2,0.95,0.75,0.9167,0.75,1,0.5518423547541017,1
8,232,0.2,0.735,0.5,0.8333,1.0,1,0.468441785179297,1
134,377,0.2,0.32,0.25,0.8333,0.25,1,0.37655378997837186,0
155,925,0.2,0.795,0.5,0.4167,0.5,1,0.456951695061108,1
150,443,0.2,0.635,0.25,0.75,0.5,1,0.3799119400978166,1
105,638,0.2,0.455,0.75,0.9167,0.75,1,0.42458510462258087,1
644,267,0.2,0.99,1.0,0.5833,0.75,1,0.6791321071245403,0
384,147,0.2,0.665,0.5,0.8333,0.25,1,0.47532148275418223,0
998,317,0.2,0.575,0.25,0.25,1.0,1,0.38932091581424,0
483,312,0.2,0.44,0.5,0.6667,0.75,1,0.4105221574221791,0
755,405,0.2,0.985,1.0,0.8333,0.25,1,0.6428791114027808,1
527,828,0.2,0.62,0.5,0.8333,1.0,1,0.4231811836323964,1
302,475,0.2,0.975,1.0,0.6667,0.75,1,0.5488194671025975,1
823,879,0.4,0.16,0.75,0.8333,0.25,2,0.5168015994125004,1
106,736,0.2,0.635,0.75,0.75,0.5,1,0.550501778412112,1
144,933,0.4,0.995,0.25,0.9167,1.0,2,0.5683909116556215,1
89,365,0.2,0.51,0.75,1.0,0.5,1,0.4114700294720513,1
394,187,0.2,0.61,0.25,0.75,1.0,1,0.33163675163380996,0
864,113,0.2,0.74,0.25,1.0,0.0,1,0.4199758952154381,0
903,711,0.2,0.945,0.25,0.9167,0.5,1,0.36165059136125494,0
617,625,0.2,0.82,0.75,0.25,0.75,1,0.5833765950957758,1
193,642,0.2,0.845,0.25,0.5,0.75,1,0.3131442379228129,0
535,147,0.2,0.245,0.5,1.0,0.5,1,0.4700323752074448,0
766,642,0.2,0.675,0.75,0.9167,0.75,1,0.5047119141335866,1
193,34,0.2,0.645,0.75,0.8333,1.0,1,0.5806740156015147,1
914,196,0.2,0.68,0.5,0.0,0.75,1,0.3117927864631433,0
715,41,0.4,0.815,0.75,0.9167,0.75,2,0.5985388872665999,0
579,306,0.2,0.725,0.25,0.4167,0.5,1,0.2970251745967075,0
738,730,0.2,0.975,0.5,0.9167,0.0,1,0.3664282905563935,0
665,234,0.4,0.255,0.25,0.6667,0.0,2,0.23359407566059825,1
341,566,0.2,0.915,0.75,0.8333,0.75,1,0.5889020815470442,0
825,262,0.2,0.93,0.75,0.75,0.75,1,0.6149412865941354,1
156,522,0.2,0.805,0.75,0.5833,0.5,1,0.5078744973790937,0
724,455,0.2,0.955,0.0,0.8333,0.75,1,0.3112577745779955,0
103,497,0.2,0.36,0.75,1.0,0.0,1,0.34838884152100585,0
857,454,0.2,0.98,1.0,0.4167,1.0,1,0.5460448683213375,1
179,149,0.2,0.92,1.0,0.8333,0.25,1,0.6668129557690824,1
648,558,0.2,0.955,0.25,0.9167,0.75,1,0.46019122743129554,1
480,760,0.2,0.26,0.5,0.6667,1.0,1,0.34662557490913404,1
236,54,0.2,0.55,1.0,0.6667,0.75,1,0.6442751544719112,0
144,912,0.2,0.585,0.75,0.4167,1.0,1,0.41447645029167135,1
156,801,0.2,0.435,0.25,0.3333,0.75,1,0.22582328083460562,0
667,91,0.2,0.88,0.75,0.9167,0.0,1,0.5806476464461401,1
63,315,0.2,0.84,0.75,0.9167,0.5,1,0.4460421720904457,0
681,168,0.4,0.65,1.0,0.6667,0.5,2,0.6830364544502016,1
231,82,0.2,0.845,0.5,0.9167,0.5,1,0.44289963677798827,0
386,881,0.2,0.325,1.0,0.5,0.0,1,0.4847143775625985,1
102,17,0.2,0.775,1.0,0.8333,1.0,1,0.5936929556956175,1
132,973,0.6,0.62,0.25,0.6667,0.75,3,0.5524604144047677,1
976,588,0.6,0.93,0.5,0.8333,0.5,3,0.6433870285375561,1
753,278,0.2,0.71,0.75,0.9167,0.25,1,0.4856346548682437,1
87,532,0.2,0.425,0.25,0.4167,0.5,1,0.21973056612617514,0
722,386,0.2,0.37,0.25,0.1667,0.25,1,0.29146661146035513,0
512,860,0.2,0.345,0.75,0.4167,0.75,1,0.42995749773602654,1
46,697,0.2,0.105,0.5,0.4167,0.5,1,0.3295304136743178,0
219,89,0.2,0.845,0.5,0.25,1.0,1,0.4339545651134641,1
155,568,0.4,0.995,0.75,0.4167,0.5,2,0.5527446316355321,0
525,415,0.4,0.2,1.0,0.75,0.25,2,0.5442132844621471,1
483,718,0.2,0.49,0.5,1.0,1.0,1,0.42412498130639437,1
236,228,0.2,0.645,0.0,0.6667,0.0,1,0.2509126105149527,0
773,106,0.2,0.955,0.5,0.9167,0.5,1,0.5416124876769466,1
221,591,0.2,0.565,0.75,0.9167,0.5,1,0.5166603024879961,0
191,899,0.4,0.8,0.25,0.0833,0.25,2,0.2983896608168824,0
387,509,0.2,0.39,0.75,0.6667,0.75,1,0.48902768365601723,1
157,525,0.4,0.195,0.0,0.9167,0.5,2,0.384952327355767,0
689,296,0.2,0.285,0.5,0.1667,0.5,1,0.33060686162155173,1
906,231,0.6,0.68,0.5,0.5833,0.75,3,0.6818496790164259,0
818,577,0.2,0.87,1.0,0.4167,0.5,1,0.47916051334855014,1
622,163,0.2,0.45,0.0,0.6667,0.25,1,0.29457233265201765,1
889,691,0.4,0.895,0.5,0.9167,0.25,2,0.6138398212163926,0
872,545,0.2,0.84,0.25,0.75,1.0,1,0.39575432487701234,1
210,585,0.2,0.715,0.75,0.9167,0.5,1,0.4602980700654719,1
888,788,0.6,0.495,0.25,0.6667,0.5,3,0.4310664168038545,1
318,154,0.2,0.355,0.5,0.75,0.5,1,0.3171973866563638,0
432,608,0.2,0.44,0.0,0.9167,0.0,1,0.2559049498776185,1
606,492,0.2,0.365,0.5,0.25,0.5,1,0.3088584820314891,1
664,434,0.2,0.65,0.0,0.3333,0.75,1,0.20942049587628542,1
27,970,0.2,0.87,0.25,0.75,1.0,1,0.5353789214468239,1
232,480,0.2,0.395,0.5,1.0,0.5,1,0.3773625549698847,1
121,46,0.4,0.315,0.75,0.5,1.0,2,0.5847108426677482,1
495,573,0.2,0.73,0.75,0.6667,1.0,1,0.5326159193895184,1
81,393,0.2,0.425,0.5,0.0833,0.75,1,0.28161067669855655,0
571,964,0.2,0.255,1.0,0.5,0.5,1,0.492643152157428,1
710,295,0.2,0.825,1.0,0.5,1.0,1,0.6660868581630242,1
587,682,0.2,0.66,0.5,0.3333,0.5,1,0.4686422876399222,1
994,358,0.2,0.905,0.5,0.8333,0.75,1,0.48712746868601375,0
142,723,0.2,0.65,0.75,0.5,1.0,1,0.5363171397967353,0
793,774,0.2,0.93,0.75,0.8333,0.25,1,0.4752872926239276,1
808,881,0.2,0.88,1.0,0.9167,0.0,1,0.5505294425597267,1
498,124,0.2,0.85,0.25,0.8333,0.75,1,0.4768579789056424,1
222,345,0.2,0.925,0.75,0.9167,0.5,1,0.5933133894461231,0
265,480,0.2,0.525,0.5,0.9167,0.75,1,0.5114909540394228,0
819,467,0.2,0.295,0.5,0.6667,0.75,1,0.36735272044948475,1
94,816,0.2,0.215,0.25,0.1667,1.0,1,0.34494279374526876,1
28,633,0.2,0.24,0.5,0.8333,0.25,1,0.2556742397534599,0
154,834,0.2,0.465,0.5,0.6667,0.75,1,0.3771175484258996,1
95,973,0.2,0.65,0.25,0.9167,1.0,1,0.44615030025379876,0
929,536,0.2,0.905,1.0,0.9167,0.25,1,0.5838724014740875,0
192,975,0.2,0.86,0.5,0.9167,0.5,1,0.46911702238402053,1
337,384,0.2,0.84,0.75,0.8333,0.25,1,0.4295053791634089,0
422,487,0.2,0.885,0.75,1.0,0.75,1,0.5688848112176448,0
504,162,0.6,0.905,0.5,1.0,0.25,3,0.7071014173834452,1
957,137,0.2,0.81,0.25,1.0,0.75,1,0.4577084571857958,0
553,396,0.2,0.67,0.75,0.9167,0.75,1,0.48068624582327546,0
605,811,0.2,0.33,1.0,0.8333,0.5,1,0.5753407580994734,1
294,648,0.2,0.715,0.25,0.4167,0.5,1,0.2506474481229818,0
408,699,0.2,0.235,0.75,0.25,0.25,1,0.4022964549645467,0
703,580,0.2,0.96,0.75,1.0,1.0,1,0.6157171186125684,1
550,802,0.2,0.65,1.0,0.9167,0.5,1,0.6550519550522825,0
867,689,0.6,0.605,0.5,0.75,0.25,3,0.6399515543363752,0
774,686,0.4,0.985,0.75,0.9167,0.5,2,0.7307016198362084,1
810,373,0.2,0.59,0.75,0.6667,0.5,1,0.39921596608687043,0
83,909,0.4,0.71,0.25,0.9167,0.5,2,0.4325678207866919,1
722,883,0.2,0.95,0.25,0.6667,0.75,1,0.4953190127362866,0
603,156,0.2,0.505,0.25,0.75,0.75,1,0.45718593441846656,1
231,530,0.6,0.3,1.0,0.6667,0.75,3,0.7690374776673902,0
719,520,0.2,0.465,0.5,0.5833,0.25,1,0.4052709682573901,1
146,230,0.2,0.825,0.75,0.4167,1.0,1,0.5153738094909501,1
976,996,0.2,0.865,1.0,0.8333,0.75,1,0.5482440555786237,0
467,10,0.2,0.11,1.0,0.6667,0.75,1,0.5361860873308555,0
785,39,0.2,0.435,0.5,0.5833,0.0,1,0.42005579267474746,0
423,69,0.2,0.375,0.0,0.25,0.75,1,0.26750327402520946,1
889,257,0.2,0.86,0.5,0.25,0.75,1,0.43088086311741935,1
547,554,0.2,0.9,1.0,1.0,1.0,1,0.6071555941762644,0
466,131,0.2,0.73,0.25,0.8333,0.25,1,0.3934938058610531,1
329,6,0.4,0.805,0.75,0.25,0.75,2,0.5846564743658187,1
217,4,0.2,0.72,0.75,0.75,0.75,1,0.4989664419716427,0
311,456,0.2,0.77,0.75,0.8333,0.5,1,0.4331304280335508,1
208,436,0.2,0.595,0.25,0.9167,0.5,1,0.45891443775739554,1
6,613,0.2,0.585,0.5,0.75,0.75,1,0.529185711536711,1
434,615,0.2,0.625,1.0,0.9167,0.5,1,0.6423156533523107,1
469,567,0.2,0.96,1.0,1.0,0.25,1,0.6892324961614056,0
793,819,0.2,0.765,0.75,0.3333,0.0,1,0.3250268892886033,0
460,411,0.2,0.54,0.25,0.5,0.5,1,0.2808903397351881,1
820,584,0.2,0.895,0.5,0.5,0.75,1,0.4506006927118347,0
493,883,0.2,0.285,0.25,0.5833,0.5,1,0.23880486918627367,0
340,637,0.2,0.63,1.0,0.5833,0.75,1,0.5781912977004047,1
600,783,0.2,0.765,0.75,0.3333,0.25,1,0.48028443036228946,0
822,599,0.2,0.15,0.75,1.0,0.75,1,0.5464632601422046,0
307,598,0.2,0.195,0.25,0.9167,1.0,1,0.33889118767452187,1
107,312,0.2,0.675,1.0,0.6667,0.75,1,0.6594250286035819,1
677,902,0.4,0.81,0.0,0.4167,1.0,2,0.4451742040530266,1
871,911,0.2,0.175,0.5,0.8333,1.0,1,0.39803522450801726,0
273,790,0.2,0.99,0.5,0.4167,0.0,1,0.2960575687658637,1
258,469,0.2,0.45,0.5,0.5,0.75,1,0.38755391470429945,0
860,65,0.2,0.325,1.0,0.8333,0.75,1,0.4823590338201649,0
755,929,0.2,0.63,0.5,0.8333,1.0,1,0.45940508923799717,1
817,30,0.2,0.73,0.25,0.75,0.75,1,0.31841124148111755,0
232,934,0.2,0.66,0.5,0.75,0.5,1,0.4369726690470375,0
850,299,0.2,0.35,0.75,0.8333,0.25,1,0.4456849392061084,1
328,399,0.2,0.335,1.0,0.9167,0.5,1,0.4700581117753874,0
857,900,0.2,0.08,0.5,0.4167,0.25,1,0.3228285088295741,0
531,469,0.2,0.325,0.75,0.25,1.0,1,0.5301826829532167,1
731,119,0.4,0.95,0.75,1.0,0.75,2,0.580604416392825,1
210,211,0.2,0.685,0.25,0.5833,0.25,1,0.34737757904860467,1
710,563,0.2,0.94,0.25,0.9167,0.25,1,0.4109132150811659,0
206,672,0.2,0.115,0.25,0.4167,1.0,1,0.39973636753944486,1
383,413,0.6,0.08,0.5,0.8333,0.25,3,0.5028399825605883,1
727,820,0.4,0.86,0.25,0.1667,0.75,2,0.48560702854499793,1
558,312,0.2,0.4,0.5,0.6667,0.75,1,0.42984693524927947,0
391,540,0.2,0.4,0.75,0.5,1.0,1,0.546030277764156,1
659,690,0.2,0.82,0.5,0.8333,1.0,1,0.4662606476190143,0
42,532,0.2,0.915,1.0,0.6667,0.25,1,0.5003111886572019,0
595,757,0.2,0.51,0.25,0.5,0.75,1,0.44118690637577535,0
483,282,0.2,0.71,0.75,0.9167,1.0,1,0.6425016730445328,1
679,877,0.4,0.79,0.5,0.6667,0.75,2,0.5725984571513711,1
366,112,0.2,0.935,1.0,0.6667,1.0,1,0.6122260107097459,0
411,446,0.2,0.745,0.5,0.9167,1.0,1,0.49027231440839686,1
54,640,0.2,0.59,0.75,0.9167,0.5,1,0.4718868206145488,1
447,482,0.2,0.52,0.5,0.5833,0.75,1,0.3561958014810912,1
930,566,0.4,0.97,0.0,0.4167,0.25,2,0.4427031272380611,0
995,848,0.2,0.965,0.75,0.75,0.0,1,0.5723129759138226,1
483,317,0.2,0.775,1.0,0.3333,0.5,1,0.5858313213847537,1
128,329,0.2,0.61,0.5,1.0,0.25,1,0.4033917567605675,0
650,767,0.2,0.885,1.0,0.8333,0.75,1,0.608784019083603,0
942,393,0.2,0.8,0.5,0.8333,1.0,1,0.48446803572331687,0
460,213,0.2,0.62,0.75,1.0,0.5,1,0.5647122330518447,0
142,784,0.2,0.99,0.0,0.6667,0.25,1,0.30409415010014407,0
31,537,0.6,0.2,0.5,0.75,0.75,3,0.524309194377816,0
868,125,0.2,0.9,0.5,0.5,1.0,1,0.4095256427274862,0
884,174,0.2,0.905,1.0,0.75,1.0,1,0.7093506851393623,1
3,380,0.2,0.46,0.0,0.6667,1.0,1,0.39397018052290156,0
715,549,0.2,0.705,1.0,0.3333,0.5,1,0.45978568130683045,0
880,623,0.4,0.555,0.75,0.8333,0.75,2,0.6360371832887939,1
531,23,0.4,0.21,0.75,0.9167,1.0,2,0.5718975627763304,1
480,524,0.4,0.795,0.0,0.3333,0.75,2,0.4014843436908129,0
697,481,0.2,0.225,0.5,0.25,0.5,1,0.256442633091653,0
416,656,0.2,0.925,0.5,0.9167,0.0,1,0.3543089395300003,0
996,108,0.2,0.88,1.0,0.9167,0.0,1,0.595831649951277,0
88,696,0.2,0.915,0.0,0.3333,0.75,1,0.2578440803449341,0
104,804,0.2,0.805,0.5,0.9167,0.5,1,0.3912678792454669,0
297,241,0.4,0.19,1.0,0.3333,0.5,2,0.6126961603151679,1
959,501,0.2,0.61,1.0,0.4167,0.75,1,0.4612322099730139,1
537,562,0.2,0.9,0.5,0.6667,0.25,1,0.45397732903234866,0
618,642,0.2,0.295,0.25,0.75,0.75,1,0.42969327734673235,0
802,182,0.6,0.31,0.25,0.6667,0.0,3,0.4731529016244829,1
318,711,0.4,0.36,0.75,0.8333,0.5,2,0.5625870828224259,0
217,445,0.2,0.35,0.75,0.25,0.75,1,0.46841657946521736,0
820,426,0.2,0.53,0.25,0.6667,0.5,1,0.28703044013060114,0
428,973,0.2,0.835,0.0,0.9167,0.5,1,0.26192059929747036,1
478,109,0.6,0.19,0.75,1.0,1.0,3,0.631580445919516,1
944,846,0.2,0.515,0.5,0.8333,0.75,1,0.4431743774961175,0
123,946,0.2,0.185,0.25,0.5833,0.0,1,0.14053044195380876,0
161,604,0.2,0.985,0.25,0.8333,0.75,1,0.5424534299676398,0
262,348,0.2,0.605,0.5,0.75,0.75,1,0.3803273063384866,0
439,684,0.2,0.725,0.75,0.5833,0.5,1,0.505268065011275,0
91,229,0.4,0.925,1.0,0.5,0.25,2,0.5311671600014498,0
994,852,0.2,0.95,1.0,0.25,0.75,1,0.5173304149519496,0
251,648,0.2,0.735,0.75,0.4167,1.0,1,0.5387736838317178,1
528,758,0.2,0.435,0.5,0.6667,0.75,1,0.46375622208142575,0
167,746,0.2,0.355,0.5,0.5833,0.5,1,0.3902290092176227,0
351,873,0.2,0.225,0.75,0.5833,0.75,1,0.5135536221994687,1
950,714,0.2,0.675,0.25,0.6667,0.25,1,0.3029286619671542,0
664,977,0.2,0.55,0.25,0.25,0.25,1,0.2770678253920329,0
674,296,0.2,0.47,1.0,0.8333,0.75,1,0.4707225186146439,0
257,23,0.2,0.82,1.0,0.8333,0.25,1,0.6184120281872396,0
261,515,0.2,0.81,0.5,0.6667,1.0,1,0.5141652134441034,1
718,685,0.2,0.285,0.75,0.6667,1.0,1,0.44669720244574657,0
83,975,0.2,0.215,0.75,0.75,1.0,1,0.5183536881517616,0
170,484,0.2,0.89,0.5,0.6667,0.5,1,0.45710401698942327,1
997,542,0.2,0.5,0.5,0.6667,0.75,1,0.4638925054018842,0
741,804,0.2,0.63,1.0,1.0,0.0,1,0.49204493667723237,0
124,258,0.2,0.71,1.0,0.4167,1.0,1,0.5983682798260137,1
5,119,0.2,0.79,0.5,0.9167,0.0,1,0.426974972424369,0
582,427,0.2,0.69,0.5,0.4167,0.75,1,0.4557610496633275,1
343,98,0.2,0.505,0.5,1.0,0.25,1,0.30846858269902827,0
601,963,0.2,0.405,0.75,0.6667,0.25,1,0.4199377011995632,0
556,753,0.2,0.72,0.5,1.0,0.5,1,0.43041863238624767,0
801,665,0.2,0.22,0.25,0.75,0.5,1,0.39806480974764147,0
407,2,0.2,0.955,0.25,0.5833,0.0,1,0.25549721763431743,1
287,681,0.2,0.745,0.25,0.5833,1.0,1,0.3912962317835797,0
953,758,0.2,0.985,0.5,0.3333,0.75,1,0.5212349040199349,0
325,495,0.4,0.285,0.75,0.75,1.0,2,0.47450145405458277,1
614,534,0.2,0.175,0.5,0.4167,0.0,1,0.3487950895948808,1
789,435,0.2,0.675,0.75,0.9167,1.0,1,0.5884545212972017,1
87,599,0.2,0.17,0.25,0.1667,0.75,1,0.1898934691534902,0
355,559,0.2,0.225,0.25,0.75,0.5,1,0.30567479666632164,1
131,601,0.2,0.46,0.75,0.6667,0.25,1,0.4753479303697328,0
717,86,0.2,0.78,0.0,0.6667,0.75,1,0.26169439330591493,1
861,474,0.2,0.83,1.0,0.9167,0.0,1,0.6350592202170053,0
759,345,0.2,0.345,0.75,0.1667,0.5,1,0.43535258987784387,0
545,266,0.2,0.94,0.25,0.75,0.25,1,0.3208791332738453,0
864,844,0.4,0.815,0.75,0.5833,0.0,2,0.5311691749778474,1
556,671,0.2,0.795,0.5,0.6667,0.75,1,0.5212133188840881,1
70,894,0.2,0.44,1.0,0.25,0.25,1,0.5159378655414738,1
928,698,0.4,0.91,0.75,0.9167,0.5,2,0.6592648364519853,0
504,918,0.4,0.675,0.5,0.75,1.0,2,0.5623971068472403,1
811,231,0.2,0.885,0.5,0.8333,0.75,1,0.5951547392679088,1
511,666,0.2,0.75,0.5,0.3333,0.75,1,0.4352628925715606,1
380,399,0.2,0.94,0.25,0.3333,0.5,1,0.4552553425650519,1
549,402,0.2,0.245,0.0,0.3333,0.0,1,0.19512781838419122,0
426,683,0.2,0.905,1.0,0.6667,1.0,1,0.6161071207549962,1
845,415,0.4,0.79,0.0,0.3333,1.0,2,0.3370878627168815,0
591,474,0.4,0.58,0.75,0.9167,0.25,2,0.5062575224625308,0
579,395,0.2,0.935,1.0,0.75,1.0,1,0.5539886187729457,1
531,924,0.2,0.905,0.75,0.9167,1.0,1,0.5694827940174928,0
260,675,0.2,0.73,0.75,0.5,0.75,1,0.579178588313676,0
24,418,0.2,0.53,0.75,0.8333,0.25,1,0.49648666901648664,0
538,575,0.4,0.67,0.75,0.8333,1.0,2,0.5669607794307471,1
86,457,0.2,0.855,0.75,0.75,0.5,1,0.6089568895867304,1
186,734,0.2,0.98,1.0,1.0,0.5,1,0.6494943277479664,0
554,611,0.4,0.885,0.75,1.0,0.75,2,0.7285863951930243,0
911,525,0.2,0.99,0.25,0.9167,0.5,1,0.403050593521619,0
509,697,0.2,0.11,0.75,0.5,0.75,1,0.4022905457522517,1
549,78,0.2,0.945,0.5,0.5,0.5,1,0.5016943225206436,0
79,57,0.2,0.495,0.5,0.1667,0.5,1,0.2674566641150615,0
107,849,0.2,0.71,0.75,0.3333,0.5,1,0.4612236967359675,1
512,947,0.2,0.51,1.0,0.75,1.0,1,0.5093957501875932,0
368,915,0.2,0.855,1.0,0.75,0.75,1,0.5762763797666483,1
591,768,0.2,0.905,0.5,0.8333,1.0,1,0.5179922709215693,1
262,103,0.2,0.555,1.0,0.8333,0.75,1,0.6190028224935545,1
404,69,0.2,0.135,1.0,0.9167,1.0,1,0.5784320293789877,0
138,691,0.2,0.84,0.5,0.1667,0.0,1,0.2942083782930956,0
808,158,0.2,0.88,0.75,0.75,0.0,1,0.4799758421665196,1
656,995,0.4,0.54,0.25,0.5,1.0,2,0.4164572002796333,0
393,643,0.2,0.53,1.0,0.0833,0.75,1,0.4251690938093222,1
196,328,0.2,0.71,0.25,0.0833,0.75,1,0.3658042871699981,0
857,419,0.2,0.095,0.25,0.9167,0.75,1,0.3951982928029393,0
931,85,0.2,0.355,0.5,0.8333,0.25,1,0.31985361703446624,1
623,730,0.2,0.34,0.0,0.8333,0.25,1,0.17775898607199989,0
367,626,0.2,0.79,1.0,0.9167,0.5,1,0.6188770714060807,0
110,144,0.2,0.81,0.5,0.5833,1.0,1,0.40676438496138206,1
192,762,0.2,0.35,0.75,0.3333,0.25,1,0.4534188406083392,0
14,141,0.2,0.9,0.25,0.75,1.0,1,0.4723638665450266,1
23,986,0.4,0.045,0.5,0.5,0.75,2,0.414204964170376,1
731,314,0.2,0.745,0.25,0.9167,0.75,1,0.3890733948239584,0
83,978,0.2,0.36,0.5,0.9167,1.0,1,0.41210099367236974,1
196,582,0.2,0.89,0.0,0.5833,1.0,1,0.3392643647868444,0
759,420,0.2,0.555,0.5,0.8333,0.5,1,0.4176770540346306,1
595,118,0.2,0.62,0.25,0.8333,0.25,1,0.36945422440284514,0
161,836,0.2,0.41,0.5,1.0,0.5,1,0.36486109859459354,0
170,337,0.2,0.835,0.75,0.75,1.0,1,0.6099119091254281,0
618,189,0.2,0.27,1.0,0.5,0.25,1,0.48301957067972656,0
985,116,0.2,0.64,0.25,0.6667,0.5,1,0.31674680519777854,0
534,584,0.2,0.53,0.5,0.9167,0.75,1,0.5468924064880913,1
102,662,0.2,0.965,0.5,0.5,0.75,1,0.5351750327404072,0
990,525,0.4,0.66,0.25,0.6667,0.75,2,0.4208064722758705,0
583,602,0.4,0.475,0.75,0.3333,0.5,2,0.4454659177137637,0
459,656,0.2,0.53,0.75,0.3333,1.0,1,0.5640247299713289,1
334,831,0.2,0.675,1.0,0.8333,0.25,1,0.4445372745938954,0
606,79,0.2,0.975,0.75,0.9167,0.75,1,0.5675158644241056,1
627,538,0.2,0.76,0.75,0.3333,0.5,1,0.38322438687875804,0
679,403,0.2,0.415,0.25,0.75,1.0,1,0.3467985154474019,1
101,568,0.4,0.975,0.5,0.75,0.0,2,0.592426106719512,0
653,855,0.4,0.57,1.0,0.25,0.0,2,0.4375027588408819,0
15,413,0.2,0.73,0.5,0.3333,0.25,1,0.35372051826605644,0
505,597,0.2,0.94,0.5,0.5,0.0,1,0.4213034645049166,1
923,710,0.2,0.855,0.75,1.0,0.0,1,0.5620821329614618,0
448,862,0.2,0.375,0.5,0.6667,0.75,1,0.4043826443853758,0
296,823,0.2,0.925,0.75,0.9167,0.25,1,0.502603336242629,0
338,794,0.2,0.83,0.75,0.0,0.75,1,0.3704499405075288,0
169,647,0.2,0.875,0.75,0.8333,1.0,1,0.5472731382131397,0
999,402,0.2,0.315,0.0,0.9167,0.75,1,0.2590898430254249,1
591,849,0.4,0.645,1.0,0.9167,0.5,2,0.6044036060411199,1
101,439,0.2,0.965,1.0,1.0,0.5,1,0.5754364438218343,1
847,999,0.2,0.325,0.5,0.4167,0.5,1,0.3940228383046988,0
804,627,0.2,0.945,0.75,0.3333,0.25,1,0.4012231733443565,1
401,362,0.2,0.705,0.75,0.6667,0.0,1,0.47200087805013324,1
768,849,0.4,0.74,0.5,0.9167,0.5,2,0.47341812932210015,1
646,41,0.2,0.89,0.25,0.5,0.75,1,0.33377746880099995,1
297,961,0.2,0.28,1.0,0.75,0.75,1,0.5301628379273505,1
30,993,0.2,0.6,1.0,0.5833,0.5,1,0.5315195469725219,1
445,298,0.4,0.75,1.0,0.9167,0.75,2,0.7110999693055053,0
978,898,0.2,0.8,1.0,0.6667,0.25,1,0.5988378580061537,1
500,671,0.2,0.83,0.75,0.9167,0.0,1,0.4012361259591232,0
66,948,0.2,0.73,0.75,0.5833,0.75,1,0.540632703905456,1
143,423,0.2,0.685,0.75,0.9167,0.5,1,0.5298490825136338,1
332,219,0.2,0.63,1.0,1.0,0.75,1,0.652052148478223,1
269,537,0.2,0.505,0.5,0.5,0.25,1,0.29154771035405647,0
477,184,0.2,0.82,0.25,1.0,0.5,1,0.3203196897069742,0
234,509,0.2,0.2,0.5,0.6667,0.5,1,0.37872302318188944,1
971,526,0.2,0.35,0.75,0.75,1.0,1,0.5935233543777914,1
322,344,0.2,0.51,0.5,0.8333,0.75,1,0.4359673743201128,0
921,261,0.2,0.845,1.0,0.6667,0.0,1,0.5390285932526335,1
86,69,0.2,0.88,1.0,0.6667,0.25,1,0.46260873968714056,0
580,64,0.4,0.265,1.0,0.75,1.0,2,0.6308042068674987,0
700,925,0.4,0.3,1.0,0.5833,0.0,2,0.5951419270181586,1
761,308,0.2,0.915,0.5,0.75,0.75,1,0.5879027675181696,0
144,333,0.2,0.635,0.75,0.75,1.0,1,0.5835013067753917,0
731,133,0.2,0.515,1.0,0.1667,0.75,1,0.5905476891316063,0
973,831,0.2,0.93,1.0,1.0,1.0,1,0.6331003496220291,1
906,246,0.2,0.995,0.75,0.5,0.75,1,0.5421980236686876,1
108,686,0.2,0.93,0.75,0.9167,0.25,1,0.43013878685772283,1
844,531,0.4,0.685,1.0,0.5,0.75,2,0.6715879047557741,1
23,230,0.2,0.285,1.0,0.3333,0.75,1,0.409969818028631,0
979,407,0.2,0.685,0.75,0.8333,0.75,1,0.5190817770494698,1
129,833,0.2,0.52,0.25,0.9167,0.25,1,0.3166872145487773,0
390,323,0.2,0.895,0.75,0.5833,0.5,1,0.5261088474881128,0
389,794,0.2,0.98,0.75,0.25,0.75,1,0.44973759996050516,1
795,664,0.2,0.79,0.0,0.1667,0.75,1,0.28024802925321357,0
813,202,0.2,0.9,1.0,0.8333,0.0,1,0.6357607018240568,0
749,273,0.2,0.705,0.75,0.6667,0.25,1,0.4314886312354121,0
1,158,0.2,0.955,0.75,0.5833,0.5,1,0.5208872619860293,1
79,413,0.6,0.82,0.75,0.9167,0.5,3,0.7805252719175133,1
76,990,0.2,0.74,0.5,0.25,0.5,1,0.2941462641940954,0
712,10,0.2,0.18,0.75,0.5833,0.75,1,0.49662319296285706,1
364,856,0.2,0.345,0.5,0.6667,1.0,1,0.488675027463426,1
701,792,0.2,0.76,0.5,0.8333,0.25,1,0.4907088138764442,0
905,322,0.2,0.94,0.5,0.5,0.5,1,0.5236760214267377,1
916,879,0.2,0.59,1.0,0.5833,0.75,1,0.5909930492766631,1
10,178,0.4,0.515,1.0,0.6667,0.0,2,0.5064236049906498,0
274,219,0.2,0.735,0.25,0.5833,0.75,1,0.3409061613822081,0
275,224,0.2,0.95,0.25,0.3333,0.75,1,0.47961651101027003,0
375,606,0.2,0.94,0.75,0.5,0.75,1,0.4673737561958322,1
658,785,0.2,0.475,0.25,0.5833,0.5,1,0.3200638332766935,1
947,512,0.2,0.51,1.0,0.75,1.0,1,0.5818202694095435,0
372,233,0.2,0.87,0.75,0.5,0.75,1,0.5659792878452929,0
288,792,0.2,0.36,0.75,0.25,1.0,1,0.3772923794371318,0
624,169,0.4,0.42,0.25,1.0,0.0,2,0.47713109613122345,0
7,512,0.2,0.665,0.25,0.3333,0.75,1,0.4407483763226739,0
470,71,0.2,0.895,0.75,0.75,0.75,1,0.5558856243546788,1
408,147,0.2,0.955,0.5,0.25,0.5,1,0.5167182806357907,1
685,94,0.6,0.275,0.5,0.6667,0.5,3,0.5756336071624164,0
307,495,0.2,0.815,0.75,0.9167,0.0,1,0.4075147687269988,0
672,265,0.6,0.53,0.5,0.6667,0.75,3,0.535735126855183,1
962,655,0.2,0.465,0.75,0.75,0.0,1,0.414280434849606,0
356,622,0.2,0.81,0.25,0.4167,0.5,1,0.2954724298651923,0
444,929,0.2,0.735,0.5,0.3333,0.75,1,0.4396122143518879,0
410,542,0.2,0.33,0.75,0.3333,0.75,1,0.5057078655020171,0
272,974,0.2,0.935,0.25,0.9167,0.25,1,0.4558643958361005,0
738,120,0.2,0.96,0.75,0.9167,0.5,1,0.5497701433124212,1
947,449,0.2,0.5,0.25,0.8333,0.75,1,0.3617803373031412,0
103,206,0.2,0.185,0.75,0.5,0.75,1,0.3715010249949551,1
499,322,0.2,0.5,0.75,0.8333,1.0,1,0.5892889730861894,0
402,825,0.2,0.465,0.25,0.75,0.0,1,0.24426200268286374,0
739,979,0.2,0.825,0.75,0.3333,0.25,1,0.3821557802599846,1
689,1,0.2,0.905,0.25,0.25,0.75,1,0.39598980667366457,1
406,485,0.2,0.795,0.5,1.0,0.75,1,0.4567746018361616,0
535,331,0.2,0.155,0.5,0.4167,0.5,1,0.3224415726417198,1
260,411,0.2,0.75,0.25,0.9167,0.75,1,0.35845580923411213,1
18,613,0.2,0.915,0.25,0.5,1.0,1,0.4503760546055208,1
196,756,0.4,0.825,0.5,0.1667,0.75,2,0.460060105689579,1
678,102,0.4,0.97,0.75,0.1667,0.5,2,0.47856627408999053,0
935,434,0.2,0.43,0.5,0.9167,1.0,1,0.4981576895364588,0
194,54,0.2,0.835,0.75,0.8333,1.0,1,0.6240401162630473,1
90,146,0.2,0.445,1.0,0.8333,0.25,1,0.5122196337705678,1
33,300,0.2,0.895,1.0,0.75,0.75,1,0.6286242381266874,1
128,935,0.2,0.855,0.75,0.5,0.75,1,0.501244128170378,0
810,563,0.6,0.755,0.25,0.6667,1.0,3,0.6687491932776719,1
238,848,0.2,0.635,0.25,0.5833,1.0,1,0.3532245580216117,0
538,930,0.6,0.68,0.75,0.5,0.25,3,0.5928570081053137,1
171,321,0.2,0.99,0.75,0.8333,1.0,1,0.554489648491159,0
935,641,0.2,0.13,1.0,0.5833,0.75,1,0.39731502781688277,0
108,750,0.2,0.7,0.5,0.75,1.0,1,0.3958923297754427,0
82,306,0.2,0.78,0.5,0.5,0.25,1,0.4105487668609922,1
485,534,0.2,0.605,0.75,0.75,1.0,1,0.5710704030145218,0
520,697,0.4,0.475,1.0,0.5,0.5,2,0.6101195729996203,0
503,879,0.2,0.535,0.75,0.75,0.5,1,0.4560959540123364,0
988,23,0.2,0.665,0.5,0.9167,1.0,1,0.42913740729579114,0
445,436,0.4,0.31,0.75,0.5833,0.5,2,0.4628179169841259,1
675,450,0.2,0.86,0.75,0.9167,0.75,1,0.6039762233263183,1
783,96,0.2,0.89,0.75,1.0,1.0,1,0.527559867726325,1
734,551,0.2,0.945,0.75,0.5,0.75,1,0.5196441085863377,0
945,50,0.4,0.97,0.5,0.0833,1.0,2,0.5272529122819698,1
794,527,0.2,0.96,0.75,0.25,0.75,1,0.5656734767937505,1
950,714,0.2,0.675,0.25,0.6667,0.25,1,0.31266654479458894,1
103,723,0.2,0.68,0.75,0.9167,1.0,1,0.5146216088188296,0
89,267,0.4,0.91,0.75,0.4167,0.75,2,0.6534324918320065,0
790,225,0.2,0.765,0.0,0.9167,0.5,1,0.36029974094547307,0
434,529,0.2,0.63,0.5,0.5,0.75,1,0.45880587669727224,0
266,162,0.6,0.775,0.25,0.75,0.75,3,0.5624347368936875,0
128,902,0.2,0.52,0.75,0.5833,0.5,1,0.5472560391629555,0
559,288,0.2,0.975,0.25,0.9167,1.0,1,0.451947675435388,1
686,543,0.4,0.9,0.25,0.1667,0.75,2,0.3739427870411174,0
532,639,0.2,0.585,0.5,0.75,1.0,1,0.5027221155469448,0
686,251,0.4,0.77,0.75,0.4167,0.75,2,0.6323157540585573,1
805,33,0.2,0.955,0.25,0.8333,0.5,1,0.4768233096436503,1
264,7,0.2,0.89,0.5,0.0833,0.5,1,0.4719385271581893,1
102,256,0.4,0.435,0.5,0.9167,0.75,2,0.5750857730526003,1
911,556,0.2,0.89,0.75,0.9167,0.5,1,0.6332501863547384,0
658,870,0.2,0.5,0.25,0.25,0.75,1,0.24743189534536394,0
55,110,0.2,0.395,0.75,0.6667,1.0,1,0.39363305364684553,1
685,208,0.2,0.725,0.25,0.9167,0.75,1,0.37170778421247846,1
184,440,0.2,0.46,0.25,0.4167,0.5,1,0.33779753260855316,0
912,633,0.2,0.595,0.25,0.4167,1.0,1,0.4521633974380117,0
646,160,0.2,0.93,0.25,0.8333,0.5,1,0.5043035894723277,1
770,8,0.4,0.65,1.0,0.5833,1.0,2,0.5941676276346434,0
825,710,0.2,0.825,0.5,0.6667,1.0,1,0.5138621391194331,1
800,144,0.2,0.745,0.5,0.6667,0.75,1,0.39946788720729975,1
586,440,0.4,0.235,0.5,0.4167,0.5,2,0.41591053975369013,0
738,769,0.2,0.86,0.75,1.0,0.75,1,0.6304279698222394,0
663,636,0.2,0.94,0.0,0.3333,0.5,1,0.36289129205680526,1
842,666,0.2,0.525,0.75,0.5,0.25,1,0.4102297474311132,0
271,880,0.2,0.965,0.75,1.0,0.5,1,0.5747885629280804,1
937,674,0.2,0.74,0.75,0.8333,0.0,1,0.5209848366209336,0
568,865,0.2,0.585,1.0,0.75,0.75,1,0.6185613677955061,1
777,483,0.2,0.645,0.75,0.9167,0.75,1,0.5043670598865206,0
700,651,0.2,0.32,0.5,0.8333,1.0,1,0.35481568192781937,0
538,684,0.6,0.485,1.0,0.3333,0.25,3,0.6443473520582195,1
846,676,0.2,0.86,1.0,0.3333,0.25,1,0.4542613155477935,0
791,79,0.2,0.33,0.75,0.0833,0.5,1,0.27569650549580577,1
629,630,0.2,0.775,0.25,0.4167,0.5,1,0.3159216468962968,0
635,231,0.2,0.535,0.75,0.75,0.75,1,0.5927422836610837,1
649,970,0.2,0.915,0.5,0.4167,0.5,1,0.45565320324618497,0
225,535,0.4,0.88,0.5,0.9167,0.75,2,0.5682893217377724,1
930,72,0.2,0.195,0.5,0.3333,0.75,1,0.3694304364542479,0
743,820,0.2,0.8,0.75,0.5833,1.0,1,0.4624415117984949,0
266,103,0.2,0.685,0.75,0.9167,1.0,1,0.4645619127660413,0
400,238,0.2,0.45,0.25,0.5,0.0,1,0.20336791204378313,0
107,416,0.4,0.975,0.75,0.3333,0.75,2,0.5602387224261599,1
365,217,0.2,0.32,1.0,0.4167,0.25,1,0.5228237786705465,1
429,894,0.4,0.61,0.25,0.75,0.5,2,0.537857888303396,1
973,755,0.2,0.745,0.0,0.5833,0.0,1,0.2651426544528884,0
77,734,0.2,0.465,0.75,0.5833,0.75,1,0.4482828127519466,1
429,187,0.2,0.83,0.25,0.9167,0.25,1,0.32981041071891604,0
853,681,0.4,0.94,0.25,0.8333,0.5,2,0.5609473797364021,1
929,785,0.2,0.93,0.75,0.75,1.0,1,0.6384168884896464,1
170,653,0.2,0.935,1.0,0.75,0.75,1,0.6958255612640429,1
346,756,0.2,1.0,1.0,0.25,0.75,1,0.656645372911292,1
915,957,0.2,0.885,0.25,0.75,1.0,1,0.45925392503400797,0
983,40,0.2,0.605,1.0,0.5833,0.25,1,0.5797810378737916,1
761,630,0.2,0.89,0.75,0.6667,0.75,1,0.5349704480541408,0
523,354,0.2,0.795,0.75,0.5833,0.25,1,0.4725554999974153,1
940,790,0.2,0.91,0.5,0.8333,0.5,1,0.5133434587577295,0
536,9,0.2,0.665,0.5,0.5,0.75,1,0.38095016819876476,0
510,187,0.2,0.955,0.75,0.75,0.5,1,0.6248462303383573,0
781,192,0.2,0.93,1.0,0.4167,0.5,1,0.5701912225188636,1
627,926,0.2,0.415,0.5,0.3333,0.5,1,0.40347496561154783,0
491,469,0.2,0.395,0.75,0.3333,0.75,1,0.39694171687636315,0
877,318,0.2,0.89,0.75,0.5833,0.0,1,0.4794389604927255,0
384,896,0.2,0.75,0.5,0.9167,0.25,1,0.5168691309215299,1
826,699,0.4,0.56,0.75,0.5,1.0,2,0.5515168823459854,1
483,523,0.4,0.75,0.25,0.4167,0.5,2,0.43461073829408275,1
586,844,0.6,0.67,1.0,0.8333,0.0,3,0.6477679907475101,0
955,956,0.2,0.195,1.0,0.5833,0.75,1,0.4128879946826579,1
859,789,0.2,0.665,0.75,0.3333,0.5,1,0.3844299120240204,0
491,586,0.2,0.425,0.5,0.4167,0.5,1,0.4422856340045377,1
768,453,0.2,0.785,0.25,0.8333,0.75,1,0.41611801370399215,0
79,947,0.2,0.66,0.5,0.5833,0.5,1,0.4581094141796026,0
995,136,0.2,0.31,0.25,0.6667,0.5,1,0.3319324714539949,1
157,536,0.2,0.315,0.5,0.9167,1.0,1,0.48207771456909365,1
986,307,0.2,0.135,1.0,0.5833,1.0,1,0.4984306637281971,0
476,208,0.2,0.685,0.0,0.6667,0.5,1,0.2661075629608007,0
933,185,0.6,0.955,0.75,0.8333,0.25,3,0.7610022413283618,1
105,975,0.2,0.505,0.75,0.8333,0.75,1,0.5236162534340986,1
101,712,0.2,0.86,0.75,0.75,0.25,1,0.4624310926042876,0
798,853,0.2,0.815,0.75,1.0,0.25,1,0.4918229325532648,0
61,865,0.4,0.46,0.75,0.8333,0.75,2,0.5988111480185185,0
242,187,0.2,0.675,0.5,0.5833,1.0,1,0.4924649733980604,1
532,192,0.2,0.875,0.75,0.75,0.25,1,0.5526421131232159,0
935,468,0.2,0.975,0.75,0.3333,0.75,1,0.527858896278925,0
301,851,0.2,0.79,0.75,0.6667,0.25,1,0.44275635759371346,0
511,278,0.2,0.77,0.75,0.4167,0.0,1,0.5060435199859701,0
101,218,0.4,0.475,0.5,0.75,0.75,2,0.42142650671835813,0
697,677,0.2,0.155,0.5,1.0,0.5,1,0.46187392703538965,0
453,684,0.2,0.375,0.75,0.3333,0.5,1,0.381246111715496,1
342,478,0.2,0.96,0.25,0.4167,0.75,1,0.4479038671382398,0
655,450,0.2,0.885,0.5,0.9167,0.5,1,0.4404047630321089,0
455,328,0.2,0.425,0.25,0.9167,1.0,1,0.46110491710220586,1
202,628,0.2,0.66,0.75,0.3333,0.25,1,0.4172622273683399,0
972,23,0.4,0.695,0.5,0.6667,0.25,2,0.4837851841977834,0
742,1000,0.2,0.985,0.0,1.0,0.5,1,0.4457904145985514,0
670,773,0.2,0.61,0.25,0.4167,1.0,1,0.42250206876200747,1
763,643,0.2,0.765,1.0,0.25,0.75,1,0.5220235195987105,1
829,291,0.2,0.995,0.75,0.9167,0.5,1,0.5925667083114478,1
281,621,0.4,0.955,0.5,0.5833,0.25,2,0.5449023755292535,1
132,329,0.2,0.84,0.5,0.75,0.75,1,0.5773081832857944,0
709,818,0.2,0.91,1.0,0.3333,0.75,1,0.5695199804499641,0
589,214,0.2,0.64,0.75,0.8333,0.75,1,0.6095780947368816,0
148,697,0.2,0.77,0.75,0.9167,0.5,1,0.5166719355654907,1
464,11,0.2,0.785,0.75,0.1667,0.25,1,0.5225199045732676,1
973,469,0.2,0.95,0.5,0.3333,0.25,1,0.4327412809251685,0
584,692,0.6,0.9,0.25,0.8333,0.75,3,0.5422250932057283,1
137,69,0.2,0.465,0.0,0.4167,1.0,1,0.21956573480089941,0
672,678,0.2,0.59,0.25,0.75,1.0,1,0.35955689724978646,0
602,856,0.2,0.82,0.75,0.75,0.75,1,0.4640212917482337,1
1000,523,0.2,0.495,0.25,0.5833,0.75,1,0.366587352101156,1
391,169,0.2,0.815,1.0,0.6667,1.0,1,0.5438706718821125,0
191,438,0.2,0.75,0.5,0.5833,0.25,1,0.420845071317114,1
747,495,0.2,0.885,1.0,0.5,0.0,1,0.6086985000000426,0
810,565,0.2,0.425,0.5,0.5833,0.75,1,0.4813505045685006,1
330,977,0.2,0.745,0.5,0.75,0.75,1,0.4676752348432218,1
361,58,0.2,0.46,0.0,0.5,0.5,1,0.2062680068907275,0
966,252,0.2,0.71,1.0,0.1667,0.5,1,0.5059927197738828,0
829,710,0.4,0.765,1.0,0.1667,0.25,2,0.6174670851103392,1
504,557,0.2,0.935,0.75,0.4167,0.75,1,0.5407712607960073,0
873,488,0.2,0.085,0.25,0.9167,1.0,1,0.3714150375155289,0
109,945,0.4,0.545,1.0,0.4167,0.5,2,0.678647356663482,1
895,552,0.2,0.39,0.0,0.8333,1.0,1,0.3181311727661077,1
377,326,0.2,0.725,0.5,0.25,0.5,1,0.4718350886986946,1
962,961,0.2,0.885,0.5,0.9167,0.5,1,0.45128763801819133,1
772,287,0.2,0.485,1.0,0.5833,0.75,1,0.505428650628313,1
725,46,0.2,0.58,0.75,0.8333,0.25,1,0.5199751574750308,0
963,413,0.2,0.24,1.0,0.25,0.25,1,0.39831012653054404,0
406,738,0.2,0.465,0.5,0.3333,0.25,1,0.27009445008596394,1
505,389,0.2,0.425,0.5,0.4167,1.0,1,0.36297388178332124,1
804,68,0.2,0.88,0.25,0.8333,0.5,1,0.364615502613028,0
944,575,0.4,0.79,0.5,0.1667,0.75,2,0.47449785326595983,1
846,656,0.4,0.91,0.75,0.5,0.25,2,0.540779373047629,0
52,956,0.2,0.925,0.5,0.1667,0.25,1,0.33671317018992714,1
739,795,0.2,0.815,0.25,1.0,0.0,1,0.43650615853660124,0
509,359,0.6,0.275,1.0,0.75,0.75,3,0.7487006169018653,1
819,676,0.2,0.555,1.0,0.75,1.0,1,0.6485181671330198,1
303,67,0.2,0.96,0.75,0.3333,0.75,1,0.6117681127047139,1
931,738,0.6,0.97,0.5,0.9167,1.0,3,0.6868235840584221,1
564,690,0.2,0.925,0.75,0.25,0.0,1,0.3653980421994508,0
846,543,0.2,0.695,0.5,0.3333,0.75,1,0.4549629708210605,0
217,280,0.2,0.95,0.25,0.9167,0.75,1,0.35400618962020264,0
209,875,0.2,0.885,0.5,0.75,0.25,1,0.45559789096673087,1
205,294,0.2,0.33,0.75,0.75,0.25,1,0.35614184132740123,0
568,144,0.2,0.85,0.5,0.5833,0.25,1,0.3820532668513813,0
404,467,0.2,0.98,1.0,0.0,1.0,1,0.6232318206594447,0
760,687,0.2,0.4,1.0,0.4167,0.75,1,0.4956560520058608,0
798,864,0.2,0.82,0.0,0.1667,0.25,1,0.1997417518783312,0
856,887,0.2,0.9,0.75,0.8333,0.5,1,0.4457735479524074,1
21,972,0.2,0.955,0.0,0.6667,0.5,1,0.3873882949976785,0
482,604,0.2,0.85,0.75,0.5833,0.75,1,0.6012176471145108,1
944,43,0.2,0.995,0.75,0.75,1.0,1,0.6691907172197367,1
606,336,0.2,0.81,0.5,1.0,0.5,1,0.43966069538640956,1
266,971,0.2,0.515,0.75,1.0,0.5,1,0.4346116752750599,0
138,763,0.2,0.92,0.75,0.25,0.75,1,0.43026669619390573,0
949,461,0.2,0.885,1.0,0.0,1.0,1,0.6372378287898965,0
482,187,0.4,0.96,0.75,0.6667,0.5,2,0.5838919166294659,1
568,800,0.2,0.895,1.0,0.9167,0.5,1,0.7033822249622471,1
510,644,0.2,0.97,0.75,0.6667,1.0,1,0.6389553708769561,1
526,367,0.2,0.92,1.0,0.8333,0.75,1,0.6084976869932531,0
15,969,0.2,0.82,0.75,0.8333,0.5,1,0.4956261291797308,1
303,250,0.2,0.465,0.25,0.9167,0.0,1,0.3344189856794251,1
162,41,0.2,0.905,0.25,0.9167,0.5,1,0.3654798676389344,1
807,665,0.2,0.245,0.75,0.75,0.25,1,0.4171574294870463,0
639,342,0.2,0.38,0.75,0.3333,0.25,1,0.37822030321696287,0
169,975,0.2,0.265,0.75,0.4167,0.75,1,0.5139751141875255,1
376,342,0.2,0.96,0.5,0.5833,1.0,1,0.4644116027239176,1
190,965,0.2,0.145,1.0,0.4167,0.5,1,0.5096066242256524,0
508,870,0.2,0.98,0.75,0.8333,0.75,1,0.5461755563603464,1
851,926,0.4,0.785,0.25,0.75,0.5,2,0.40139800117956853,1
623,240,0.2,0.62,1.0,0.5833,0.5,1,0.6303596909838507,1
500,671,0.2,0.83,0.75,0.9167,0.0,1,0.539352883477727,0
664,905,0.2,0.71,0.25,0.3333,0.75,1,0.329133984268976,0
224,55,0.2,0.505,0.5,0.4167,1.0,1,0.37417548844501636,0
415,586,0.2,0.96,0.25,0.5,1.0,1,0.42364707524920664,0
926,625,0.2,0.93,0.5,0.3333,0.75,1,0.4329486357025973,0
550,703,0.2,0.41,1.0,0.9167,0.5,1,0.5940721694569506,0
144,595,0.4,0.97,0.0,1.0,1.0,2,0.42097233848425697,0
832,260,0.2,0.53,0.75,0.75,0.5,1,0.5030103020419878,1
426,829,0.2,0.905,0.25,0.75,0.75,1,0.36998379511484353,1
493,870,0.2,0.865,0.75,0.1667,0.25,1,0.5365930675700844,1
399,35,0.2,0.64,0.5,0.6667,0.75,1,0.4186594995935243,0
118,282,0.2,0.77,1.0,0.75,0.25,1,0.5519707411430297,0
929,964,0.2,0.925,0.75,0.75,0.5,1,0.5720341790210439,1
911,823,0.4,0.925,0.5,0.5833,0.25,2,0.527839469362978,0
743,657,0.2,0.64,0.75,0.75,0.5,1,0.39956786406367917,0
415,902,0.4,0.41,1.0,0.9167,0.75,2,0.5666490817678839,1
530,911,0.4,0.085,1.0,0.6667,1.0,2,0.650129942863169,1
583,911,0.2,0.44,0.75,0.5833,0.5,1,0.5167304366333013,1
420,817,0.2,0.745,1.0,0.9167,0.5,1,0.6224884805448548,1
777,458,0.2,0.435,0.25,0.1667,1.0,1,0.3929904908037374,1
400,282,0.2,0.315,0.5,0.8333,0.25,1,0.2673089321403913,0
379,669,0.4,0.98,0.75,1.0,0.75,2,0.7278356462933933,0
414,277,0.2,0.32,0.75,0.9167,0.5,1,0.5252183278347312,0
343,612,0.2,0.45,0.5,1.0,0.0,1,0.4371802660921693,0
599,439,0.2,0.76,0.25,0.6667,0.75,1,0.34452457708374884,0
996,538,0.2,0.99,0.75,0.5,0.75,1,0.5388627125006851,1
356,116,0.2,0.99,0.25,0.8333,1.0,1,0.492035068643254,0
928,63,0.2,0.905,0.75,0.9167,0.75,1,0.5364947923706854,0
664,697,0.2,0.75,0.5,0.9167,0.5,1,0.37997297493265414,1
489,349,0.2,0.735,0.5,0.8333,0.75,1,0.4170665571733148,1
599,119,0.2,0.61,0.75,1.0,0.25,1,0.5831352170412609,1
708,527,0.2,0.895,0.5,0.9167,0.5,1,0.43483413952203276,1
733,300,0.2,0.83,1.0,0.5833,0.75,1,0.4913451343789507,0
706,949,0.4,0.915,1.0,0.6667,0.75,2,0.6549150172957006,1
61,133,0.2,0.85,1.0,0.1667,0.5,1,0.5628788507210429,0
389,771,0.2,0.41,0.75,0.3333,0.25,1,0.4085817206909659,0
506,313,0.2,0.795,0.75,0.5833,0.75,1,0.5838663332650482,0
320,332,0.2,0.32,0.25,0.75,0.75,1,0.436662954130545,0
885,997,0.2,0.55,0.75,0.5833,0.25,1,0.43593531208993036,0
60,188,0.2,0.59,0.5,0.75,0.25,1,0.4039753429136177,0
218,332,0.2,0.92,0.5,0.25,1.0,1,0.41441492315552353,0
193,739,0.2,0.42,1.0,0.9167,0.25,1,0.4948904231467292,1
244,592,0.2,0.67,0.5,0.6667,0.75,1,0.4556207891299134,0
338,618,0.2,0.855,0.75,0.5,0.25,1,0.4207386974065463,1
716,225,0.2,0.88,0.25,0.8333,0.75,1,0.3419323834266601,0
111,741,0.2,0.73,1.0,0.4167,0.5,1,0.5775159431305071,1
86,394,0.4,0.95,0.0,0.6667,1.0,2,0.5436076724762012,1
46,223,0.4,0.475,0.75,1.0,0.5,2,0.5328678428109218,1
636,989,0.2,0.705,0.25,0.4167,0.0,1,0.1982979448918695,0
684,846,0.4,0.85,0.75,0.8333,0.25,2,0.5921769318829289,0
176,734,0.2,0.77,0.75,0.75,0.5,1,0.45212363874140504,0
983,266,0.4,0.965,1.0,0.6667,1.0,2,0.8170480002713254,0
857,156,0.2,0.72,0.0,1.0,0.5,1,0.4187359350896286,0
335,103,0.2,0.635,0.75,1.0,1.0,1,0.463369694541439,1
625,104,0.2,0.735,0.75,0.4167,0.5,1,0.49564271548892747,1
367,152,0.2,0.75,0.75,0.6667,1.0,1,0.6303927688846422,1
298,780,0.2,0.63,0.5,0.75,0.5,1,0.4477663401147698,0
34,863,0.2,0.975,1.0,0.75,0.5,1,0.636592423659301,1
870,90,0.2,0.6,0.5,0.9167,1.0,1,0.5192830209343162,0
208,400,0.2,0.535,0.75,1.0,0.5,1,0.5432277892199422,1
785,598,0.4,0.865,1.0,0.6667,1.0,2,0.7873483310295335,0
336,149,0.2,0.75,0.75,0.6667,0.75,1,0.48183432151703953,1
313,948,0.2,0.215,0.25,0.6667,1.0,1,0.3764718845908199,0
401,177,0.2,0.685,1.0,0.8333,1.0,1,0.6940729154408691,0
746,698,0.2,0.595,0.0,0.75,0.75,1,0.41445766894429925,1
598,906,0.6,0.485,1.0,0.8333,0.75,3,0.7950186675575242,0
603,697,0.2,0.875,0.75,0.6667,0.75,1,0.6054754457713322,0
62,276,0.2,0.545,0.5,0.6667,0.5,1,0.43424464490965464,1
751,670,0.2,0.945,0.75,0.5833,0.75,1,0.5607428401399264,0
998,316,0.2,0.78,0.75,0.5,0.5,1,0.47276637464857707,0
90,525,0.2,0.43,0.25,0.75,0.5,1,0.3107713637043561,0
415,887,0.4,0.505,0.75,0.6667,1.0,2,0.49539860565868793,1
106,107,0.2,0.685,0.75,0.75,0.5,1,0.4068861930301895,1
689,613,0.2,0.815,1.0,0.8333,0.25,1,0.5386564137850756,1
792,701,0.2,0.76,0.5,0.8333,0.25,1,0.3584447626375904,0
10,362,0.2,0.525,0.75,0.9167,0.0,1,0.34590352398682106,0
840,765,0.2,0.34,0.5,0.75,0.75,1,0.49122541132344877,1
210,66,0.2,0.86,0.5,0.75,0.25,1,0.36111633697368173,1
188,407,0.2,0.89,1.0,0.9167,0.75,1,0.5990317382127923,1
913,371,0.2,0.91,0.75,0.5,0.75,1,0.46511990845403484,1
381,823,0.2,0.34,0.75,0.6667,0.25,1,0.4616237778994523,0
311,312,0.2,0.6,0.75,0.8333,0.5,1,0.43390686786756794,1
991,227,0.2,0.91,0.75,0.5833,1.0,1,0.6537061406045939,0
281,367,0.2,0.95,0.5,1.0,0.5,1,0.4961681385609612,1
609,465,0.2,0.695,0.75,0.1667,1.0,1,0.5536370305719996,0
64,79,0.4,0.955,0.75,0.75,0.75,2,0.5634907054206781,1
548,160,0.2,0.935,0.75,0.9167,0.5,1,0.4696559289104629,1
53,159,0.2,0.77,1.0,0.3333,1.0,1,0.509635328706738,1
822,91,0.4,0.26,0.75,1.0,0.0,2,0.48110682206381383,0
682,188,0.4,0.9,0.75,1.0,0.75,2,0.6966995451870818,1
365,712,0.2,0.96,1.0,0.5,0.75,1,0.5042131128898506,0
722,681,0.2,0.51,0.0,0.0833,0.75,1,0.2510078881781638,1
49,520,0.2,0.655,1.0,0.75,0.5,1,0.5029919345749779,0
563,206,0.2,0.445,0.75,0.8333,0.5,1,0.5208793349766332,0
437,167,0.4,0.31,1.0,0.5,0.5,2,0.6033058079014922,0
978,609,0.2,0.245,0.5,0.6667,1.0,1,0.44473234553461205,1
510,849,0.2,0.92,0.75,0.4167,0.75,1,0.574797741460973,0
980,945,0.2,0.655,0.75,1.0,0.5,1,0.47680957000946433,0
341,197,0.2,0.67,0.75,0.25,1.0,1,0.521903700999333,0
799,364,0.2,0.635,0.75,1.0,0.75,1,0.6054793590529306,0
204,77,0.4,0.795,0.25,0.4167,0.5,2,0.4912755378673772,1
673,201,0.2,0.79,0.75,0.6667,0.75,1,0.5789289811679834,0
140,389,0.2,0.355,0.5,0.25,0.25,1,0.2904883322793417,1
494,397,0.2,0.53,0.75,0.9167,0.75,1,0.5875750009381742,1
4,187,0.2,0.915,0.75,0.9167,1.0,1,0.6574711322141392,0
548,678,0.2,0.59,0.75,1.0,0.75,1,0.5940557042184248,1
437,314,0.2,0.865,0.5,0.5,1.0,1,0.514688617317939,0
335,327,0.2,0.99,1.0,0.75,0.75,1,0.538929681337639,1
790,289,0.2,0.73,0.5,0.8333,0.75,1,0.5085536409825743,1
307,772,0.4,0.755,0.25,0.25,0.75,2,0.4866255648144276,1
388,36,0.2,0.79,0.75,0.9167,0.75,1,0.5998114923509035,1
143,394,0.4,0.76,0.75,1.0,0.0,2,0.5510489485257193,0
611,509,0.2,0.845,0.75,0.8333,0.5,1,0.5055872397819656,0
698,774,0.2,0.965,0.5,0.75,1.0,1,0.4687059565808134,1
847,606,0.2,0.245,1.0,0.5,0.75,1,0.4663498500094828,0
42,333,0.2,0.725,1.0,0.1667,0.5,1,0.539597164524014,1
65,323,0.2,0.95,0.75,0.6667,0.5,1,0.5171691669906449,1
768,638,0.2,0.135,0.75,0.4167,1.0,1,0.4837120142818919,1
56,112,0.2,0.77,0.75,0.5833,0.5,1,0.548760579729302,1
366,143,0.2,0.8,0.5,0.9167,0.25,1,0.39448795779525503,0
667,72,0.2,0.765,1.0,0.3333,0.25,1,0.43798961583995377,0
868,532,0.2,0.735,0.25,0.5,0.25,1,0.4186821503978429,0
307,681,0.2,0.495,1.0,0.9167,0.5,1,0.4873070558726431,1
46,23,0.2,0.065,0.5,0.6667,0.5,1,0.34335450151884656,0
246,911,0.2,0.47,0.25,0.9167,0.75,1,0.3693222088911575,1
315,957,0.2,0.81,1.0,0.8333,0.5,1,0.6148774428635164,1
459,816,0.4,0.92,0.5,0.0833,0.75,2,0.5193486381277868,1
110,456,0.2,0.71,0.5,0.75,0.75,1,0.522754436464721,1
523,1000,0.2,0.495,0.25,0.5833,0.75,1,0.2811125650942832,0
866,515,0.2,0.63,1.0,0.4167,0.75,1,0.6003395337334627,0
706,889,0.2,0.6,0.0,0.75,0.75,1,0.25656532472995364,1
345,170,0.2,0.455,1.0,0.6667,0.25,1,0.4261935247735226,0
321,325,0.2,0.455,1.0,0.9167,0.0,1,0.44901528662439644,1
325,907,0.4,0.985,0.5,0.3333,1.0,2,0.6228793774512283,1
615,393,0.2,0.685,0.75,0.3333,0.75,1,0.4857275711017777,1
876,307,0.2,0.585,0.25,0.6667,1.0,1,0.3667706695460305,1
929,410,0.2,0.625,1.0,0.4167,0.75,1,0.48772641561045105,1
473,19,0.2,0.62,0.25,0.9167,1.0,1,0.4611320889764426,1
311,832,0.2,0.485,0.75,0.8333,0.5,1,0.4325656764726751,1
507,871,0.2,0.735,0.25,0.8333,0.75,1,0.4882968600582476,0
879,173,0.2,0.93,0.5,0.9167,1.0,1,0.44714931632268107,0
820,657,0.2,0.84,1.0,0.3333,0.5,1,0.5055838147269387,1
901,548,0.2,0.565,0.25,0.9167,1.0,1,0.456452622825834,1
237,232,0.2,0.86,0.75,0.6667,0.75,1,0.5382743045723096,1
846,729,0.4,0.645,0.5,0.5833,1.0,2,0.4764176748239557,0
459,575,0.2,0.865,1.0,0.1667,0.25,1,0.44719771975462697,0
408,724,0.2,0.77,0.5,0.0,0.5,1,0.35119797403212677,1
921,970,0.2,0.42,0.25,0.4167,0.5,1,0.26506300948097655,0
886,608,0.2,0.575,0.5,0.5833,0.0,1,0.35481376042666773,0
768,975,0.2,0.185,0.75,0.3333,1.0,1,0.44286623141104803,0
530,911,0.4,0.085,1.0,0.6667,1.0,2,0.6042621995861737,0
986,278,0.2,0.28,0.75,0.9167,1.0,1,0.5886816557125327,0
649,199,0.6,0.995,0.5,0.25,0.0,3,0.589963509711557,0
332,290,0.2,0.24,0.25,0.5,0.25,1,0.21564612854624987,0
168,864,0.2,0.715,1.0,0.3333,1.0,1,0.5893728309587395,1
356,847,0.2,0.915,0.75,1.0,0.5,1,0.45832059213670784,0
662,135,0.2,0.865,0.25,0.75,1.0,1,0.4110963450959568,1
113,26,0.4,0.585,0.5,0.3333,0.75,2,0.5351896790002426,1
50,10,0.2,0.45,0.0,0.75,0.5,1,0.3360665008701107,1
973,799,0.2,0.655,0.25,0.4167,0.25,1,0.2397173817283889,1
609,787,0.2,0.095,0.75,1.0,0.75,1,0.5426105839116179,0
112,83,0.2,0.66,0.5,1.0,1.0,1,0.5021504450916799,1
329,689,0.2,0.595,0.25,0.3333,0.25,1,0.19815101824851583,0
152,36,0.2,0.825,0.75,0.8333,0.75,1,0.5603854945320436,0
510,930,0.2,0.665,0.5,1.0,0.5,1,0.5195276288038785,0
756,956,0.2,0.625,1.0,0.1667,0.75,1,0.5699309477950555,1
948,717,0.2,0.805,0.25,1.0,0.75,1,0.4639136750331952,0
9,799,0.2,0.96,0.75,0.4167,0.75,1,0.5182695840106374,0
938,880,0.2,0.74,0.25,0.6667,0.5,1,0.2986411049295565,0
692,748,0.2,0.705,0.0,0.5,1.0,1,0.278990659767316,0
10,362,0.2,0.525,0.75,0.9167,0.0,1,0.4200972674338386,0
941,783,0.2,0.54,0.75,0.5,1.0,1,0.4293879249140212,0
148,722,0.2,0.835,0.75,0.9167,0.5,1,0.5024119215521108,0
193,739,0.2,0.42,1.0,0.9167,0.25,1,0.5910048248247379,1
779,409,0.2,0.625,0.5,0.6667,0.5,1,0.49411080189092416,1
357,501,0.4,0.47,0.5,0.25,1.0,2,0.5725285927761462,1
792,381,0.2,0.985,1.0,0.75,0.5,1,0.6157688881567329,1
405,587,0.2,0.82,0.5,0.6667,0.25,1,0.40477003873149686,0
419,302,0.4,0.805,0.75,0.1667,0.75,2,0.5151007964820221,1
977,864,0.2,0.92,0.25,0.25,0.0,1,0.29593303933544246,0
629,921,0.6,0.535,1.0,0.3333,0.5,3,0.6398383447105757,0
795,785,0.2,0.74,0.75,0.6667,0.0,1,0.42359371724320616,0
586,953,0.2,0.91,1.0,0.5,0.25,1,0.5087680758446452,1
588,80,0.2,0.89,0.25,0.9167,1.0,1,0.5316188696347864,0
563,810,0.6,0.755,0.25,0.6667,1.0,3,0.4854390381632957,0
812,97,0.2,0.965,0.0,0.5833,0.5,1,0.37768529430326137,0
635,629,0.2,0.815,0.5,0.5,0.75,1,0.4217586233527199,0
274,304,0.2,0.42,0.75,0.5,1.0,1,0.39310791237575954,1
587,495,0.2,0.85,0.75,0.9167,0.0,1,0.5304475481229445,1
384,247,0.2,0.775,1.0,0.9167,0.75,1,0.622193191239218,1
493,321,0.2,0.575,0.5,0.3333,1.0,1,0.36130423808632134,0
85,623,0.4,0.96,0.5,1.0,0.5,2,0.6311714780690387,1
752,650,0.4,0.545,1.0,0.3333,0.75,2,0.5567538656518728,0
150,743,0.2,0.865,1.0,0.9167,0.5,1,0.5879668121778724,0
949,253,0.2,0.245,0.0,0.0833,0.75,1,0.19342545557560092,0
804,314,0.2,0.52,0.25,0.5,0.5,1,0.32260783123577974,0
888,914,0.2,0.415,0.5,0.5833,0.75,1,0.49214918122446205,0
635,747,0.2,0.925,0.75,0.6667,0.75,1,0.4874517758800554,1
787,675,0.2,0.88,1.0,1.0,0.75,1,0.7323415916964381,0
188,634,0.2,0.455,0.25,0.3333,0.25,1,0.24181863908394383,1
409,773,0.2,0.97,0.5,0.75,0.75,1,0.5966717627722511,1
268,278,0.2,0.6,0.75,0.6667,0.5,1,0.5005984585320464,1
133,776,0.2,0.82,0.75,0.3333,0.75,1,0.41658526530290724,1
953,821,0.2,0.94,0.75,0.5833,0.25,1,0.48227615456517314,0
770,373,0.2,0.54,1.0,0.9167,0.5,1,0.5479097904906015,1
600,252,0.4,0.455,0.75,0.8333,1.0,2,0.5518453045157721,1
362,119,0.2,0.98,0.75,0.4167,0.0,1,0.4720505688722842,0
363,75,0.2,0.67,0.75,0.5,1.0,1,0.453065192004148,1
887,448,0.2,0.435,0.75,0.9167,0.25,1,0.3710262376296026,0
66,169,0.2,0.74,0.75,0.5,0.25,1,0.3580876389346013,1
656,741,0.2,0.91,1.0,1.0,1.0,1,0.6590879231469158,0
291,699,0.2,0.07,0.75,0.9167,0.25,1,0.38029406008716365,0
867,972,0.2,0.71,0.5,1.0,1.0,1,0.4267095047817212,0
618,708,0.2,0.75,0.25,0.6667,0.75,1,0.34188992894395864,0
452,752,0.2,0.825,0.25,0.5833,0.25,1,0.3591031083964299,0
673,975,0.2,0.58,0.0,0.6667,0.75,1,0.2573019730985749,0
643,344,0.2,0.92,1.0,0.0,0.75,1,0.520964876823144,0
339,819,0.2,0.9,0.5,0.5,1.0,1,0.42053888954121366,0
434,694,0.4,0.925,0.5,1.0,1.0,2,0.685716809668268,1
779,669,0.2,0.865,0.75,0.1667,1.0,1,0.45753484359996766,0
131,295,0.2,0.68,0.25,0.6667,1.0,1,0.4955288485796684,0
732,367,0.4,0.74,0.5,0.6667,0.75,2,0.5771932431951399,1
672,232,0.6,0.66,0.5,0.75,0.5,3,0.5914511599198866,1
96,234,0.4,0.705,0.75,0.75,0.0,2,0.4764604746503893,0
911,288,0.2,0.96,0.5,0.4167,0.5,1,0.5375226978332719,0
51,109,0.2,0.875,0.75,0.4167,0.25,1,0.3749568654704426,0
712,762,0.2,0.285,0.5,0.4167,0.25,1,0.22236173552144442,1
906,156,0.2,0.72,0.75,0.1667,1.0,1,0.4007784475878704,1
609,787,0.2,0.095,0.75,1.0,0.75,1,0.5459332642908097,0
675,109,0.2,0.285,1.0,0.5,0.25,1,0.45205430758121845,0
902,808,0.2,0.485,0.25,0.6667,0.75,1,0.29289880380880834,1
921,531,0.4,0.905,0.75,0.9167,0.25,2,0.5597548165890645,0
682,21,0.2,0.795,1.0,0.9167,1.0,1,0.6450679727745242,1
603,234,0.2,0.965,1.0,0.5,1.0,1,0.7175544590395533,1
940,623,0.2,0.765,0.5,1.0,0.75,1,0.49692210850999063,0
646,934,0.2,0.185,0.0,0.5,0.75,1,0.27894404777379583,0
301,476,0.2,0.825,1.0,0.9167,0.0,1,0.6433513734452909,1
458,167,0.2,0.96,0.5,0.8333,0.0,1,0.5136865217303945,0
360,676,0.2,0.675,0.75,0.1667,0.25,1,0.36532586315584914,1
944,169,0.2,0.875,0.75,0.25,0.5,1,0.5455623183523279,0
340,30,0.4,0.95,1.0,0.6667,0.25,2,0.7336816877086365,0
27,487,0.2,0.805,1.0,1.0,0.5,1,0.6992391012463111,0
701,347,0.2,0.595,0.25,0.4167,1.0,1,0.4020354646782426,0
944,651,0.2,0.45,0.25,0.25,0.5,1,0.24698023373045686,0
779,243,0.2,0.305,0.75,1.0,0.0,1,0.41355273137743526,1
781,894,0.4,1.0,0.75,0.9167,1.0,2,0.7861574538342243,1
678,784,0.2,0.62,0.25,0.5833,0.5,1,0.32328581874313356,1
274,897,0.2,0.37,0.25,0.5833,0.75,1,0.26911013084077146,0
953,597,0.2,0.27,0.25,0.9167,0.25,1,0.2103569292934776,1
263,405,0.2,0.33,1.0,0.4167,0.5,1,0.3751878372701041,1
584,374,0.2,0.76,0.75,0.75,1.0,1,0.6021926819693462,0
626,709,0.2,0.935,0.25,0.9167,1.0,1,0.39947293088250185,0
185,892,0.2,0.475,0.5,0.6667,0.75,1,0.44935551113328775,0
561,644,0.2,0.815,0.75,0.5833,0.5,1,0.5537043276569504,0
416,435,0.2,0.785,0.75,0.5,0.5,1,0.5392677617607168,1
434,461,0.2,0.95,0.0,0.6667,0.75,1,0.30299438319396155,0
42,153,0.2,0.935,0.75,0.9167,1.0,1,0.5947373873465613,0
853,198,0.2,0.66,0.75,0.4167,0.5,1,0.5308009662898254,1
296,202,0.2,0.72,0.75,0.3333,0.25,1,0.3534503132847667,0
2,691,0.4,0.925,0.5,0.4167,1.0,2,0.579562732977489,1
763,46,0.2,0.41,0.25,0.5833,1.0,1,0.29308489347965155,1
799,223,0.2,1.0,0.5,0.5833,1.0,1,0.470237607029726,1
42,627,0.4,0.45,0.75,1.0,1.0,2,0.7081781540712838,1
143,425,0.2,0.395,0.75,0.25,1.0,1,0.5229482915772256,0
815,867,0.2,0.82,1.0,0.9167,0.5,1,0.6894078147517151,0
977,306,0.2,0.895,0.5,0.25,0.25,1,0.32587111407602204,1
555,714,0.2,0.59,0.25,0.4167,1.0,1,0.44957947796923026,0
960,897,0.2,0.255,0.25,0.5,0.5,1,0.3774343712738803,1
153,800,0.2,0.9,1.0,0.8333,0.75,1,0.6138122096533671,1
314,787,0.2,0.8,0.5,0.8333,1.0,1,0.41965864014510285,1
984,758,0.2,0.685,1.0,0.5833,1.0,1,0.6467081135021366,1
777,976,0.2,0.8,0.75,0.1667,0.75,1,0.5071568339925528,0
312,272,0.2,0.255,0.5,0.5833,1.0,1,0.3648491936847712,0
169,776,0.2,0.41,0.75,0.5,0.75,1,0.49524367863960006,1
897,280,0.2,0.34,1.0,0.25,1.0,1,0.4275703258102961,1
864,419,0.4,0.375,0.25,0.9167,0.5,2,0.5190782533758423,0
611,303,0.2,0.59,0.75,0.5833,1.0,1,0.49491506459832374,1
854,609,0.2,0.17,0.75,0.1667,0.5,1,0.3519096563163379,0
481,444,0.2,0.86,0.0,0.9167,0.5,1,0.4029827918592158,1
975,417,0.2,0.89,0.0,0.9167,0.25,1,0.2936242775101143,1
225,131,0.2,0.98,1.0,0.75,0.5,1,0.5715439096296944,0
293,740,0.4,0.935,0.5,0.5,0.25,2,0.585956744591359,0
176,101,0.4,1.0,0.75,0.75,1.0,2,0.7617574326221542,1
200,274,0.2,0.915,0.75,0.75,0.25,1,0.5036855504743935,0
792,815,0.2,0.9,1.0,0.8333,0.75,1,0.686105253302797,1
827,219,0.2,0.765,0.0,0.0833,1.0,1,0.40110572592295524,0
610,515,0.2,0.71,0.5,0.9167,0.75,1,0.4926952534997199,1
54,278,0.2,0.8,0.75,0.9167,0.25,1,0.44136289846269855,1
126,442,0.2,0.325,0.5,0.3333,0.75,1,0.34180239292875286,1
614,214,0.2,0.455,0.75,0.1667,0.25,1,0.32147405487212455,0
412,78,0.4,0.815,0.75,0.8333,1.0,2,0.6521452113735815,1
832,208,0.2,0.575,0.5,0.75,0.5,1,0.3905816420053544,0
124,879,0.2,0.195,0.5,0.75,0.75,1,0.3119988682687998,0
625,861,0.2,0.895,1.0,0.5,1.0,1,0.6989483831450563,1
478,948,0.4,0.275,0.5,0.8333,0.5,2,0.5376849949648715,1
296,887,0.4,0.685,0.75,0.6667,0.75,2,0.6522513583467114,1
806,614,0.2,0.495,0.25,0.3333,0.25,1,0.22301805722517967,1
243,297,0.2,0.195,0.5,0.4167,0.25,1,0.3320135236369948,0
213,63,0.2,0.7,0.0,0.75,0.75,1,0.2865332568778479,0
436,474,0.2,0.655,0.75,0.8333,0.0,1,0.4886884809666803,0
781,446,0.2,0.82,1.0,1.0,1.0,1,0.6555340717318819,0
591,996,0.6,0.57,0.75,0.5,0.75,3,0.5981492842093232,1
977,642,0.2,1.0,0.75,0.5,0.5,1,0.5619247072894367,1
879,477,0.2,0.96,0.75,0.9167,0.75,1,0.6541946831053843,1
677,387,0.2,0.435,0.5,0.8333,0.5,1,0.352655462788154,0
1,252,0.4,0.48,0.5,1.0,0.75,2,0.5714851833317548,0
277,611,0.2,0.96,0.75,0.5833,0.25,1,0.40376255181754334,0
525,537,0.2,0.965,0.5,0.75,0.25,1,0.47552690035252,0
628,199,0.2,0.24,0.75,0.8333,0.75,1,0.40743399480542586,0
460,933,0.4,0.5,0.5,0.5833,0.5,2,0.4193661908344205,1
214,17,0.2,0.92,1.0,1.0,1.0,1,0.6130091728789596,0
695,535,0.2,0.9,1.0,0.8333,0.75,1,0.7227031161447101,1
945,868,0.2,0.625,0.5,0.0833,0.75,1,0.3854554244037669,0
74,625,0.2,0.85,0.5,1.0,0.0,1,0.4751953468414314,1
942,2,0.2,0.88,0.25,0.5,0.25,1,0.37037859420426056,0
957,349,0.2,0.84,0.75,1.0,1.0,1,0.5828892683643169,1
216,306,0.2,0.995,0.75,0.5,0.25,1,0.4832531288990807,0
926,51,0.2,0.44,0.25,0.25,1.0,1,0.33525985940608394,0
670,714,0.2,0.535,0.75,0.4167,0.5,1,0.40475709439996105,0
263,405,0.2,0.33,1.0,0.4167,0.5,1,0.5128219523854043,1
308,234,0.2,0.51,0.75,0.4167,0.0,1,0.40059842751745667,0
887,664,0.2,0.69,0.25,0.5833,0.75,1,0.3826421534279578,1
930,450,0.2,0.165,0.75,0.9167,0.5,1,0.3829709577421054,0
109,859,0.2,0.905,1.0,0.6667,0.0,1,0.4590805818460485,0
806,756,0.2,0.845,0.5,0.5,0.75,1,0.427873536196813,1
774,892,0.2,0.88,0.5,0.9167,1.0,1,0.43045524949991804,1
932,86,0.4,0.18,0.5,0.4167,0.75,2,0.413594471064414,1
300,923,0.2,0.975,0.75,1.0,0.25,1,0.5630453652367654,0
847,852,0.2,0.355,1.0,0.75,0.25,1,0.5495337257908172,0
691,988,0.2,0.91,0.5,0.25,0.75,1,0.4620533747014789,0
282,109,0.2,0.38,0.75,0.8333,0.25,1,0.3504839097770357,1
96,190,0.2,0.66,0.5,0.75,0.5,1,0.3803207576190395,0
150,71,0.2,0.585,0.0,0.6667,0.25,1,0.22226911698997992,0
646,346,0.2,0.675,0.5,0.5,0.75,1,0.4042668952735169,0
584,426,0.2,0.635,0.75,0.8333,0.75,1,0.5223255377885565,0
477,344,0.4,0.84,1.0,0.75,0.75,2,0.663008591445699,1
627,625,0.2,0.485,1.0,1.0,0.25,1,0.430692503847176,0
783,935,0.2,0.755,0.75,0.9167,0.5,1,0.4851157189638214,0
972,654,0.2,0.625,0.0,0.8333,1.0,1,0.40988401586635004,1
493,795,0.4,0.63,1.0,0.1667,0.0,2,0.48694657517953976,0
484,222,0.2,0.42,0.25,0.4167,0.75,1,0.35179724581530514,0
281,817,0.2,0.89,0.5,0.5833,0.75,1,0.4647677162667909,0
729,370,0.2,0.485,1.0,0.3333,0.75,1,0.43505897150278866,0
34,520,0.2,0.975,0.5,1.0,1.0,1,0.49537653856855063,1
976,673,0.2,0.925,0.5,0.5,0.75,1,0.46540000093957246,1
60,156,0.2,0.685,0.75,0.6667,0.75,1,0.6029903822585451,1
391,185,0.2,0.22,0.75,0.9167,0.0,1,0.35050785613108043,0
109,874,0.2,0.24,1.0,0.8333,0.5,1,0.4687605488270031,0
350,101,0.2,0.84,0.0,0.8333,0.0,1,0.31669860789365656,0
277,252,0.2,0.81,1.0,0.8333,0.5,1,0.5419130331023145,1
885,953,0.4,0.8,0.75,0.8333,0.25,2,0.5782838985249369,1
167,104,0.2,0.73,0.75,0.5833,0.5,1,0.42727555514732213,0
492,653,0.2,0.375,0.5,0.8333,0.0,1,0.3070039684563757,0
251,575,0.4,0.94,0.5,0.75,0.75,2,0.5260137974820412,0
370,568,0.2,0.725,0.5,0.75,0.0,1,0.36446027292114097,0
792,223,0.2,0.905,0.75,0.9167,1.0,1,0.6405554636431509,0
258,293,0.2,0.9,1.0,0.6667,0.5,1,0.5946509122436455,1
767,653,0.2,0.405,0.5,0.5,0.75,1,0.3928767975547294,0
692,402,0.2,0.615,1.0,0.5,0.5,1,0.5132302380494227,0
428,740,0.2,0.53,0.5,0.75,0.75,1,0.3345613907806491,0
201,106,0.4,0.95,0.5,0.5,0.5,2,0.46317443012611226,0
779,341,0.2,0.205,0.5,0.9167,0.5,1,0.4677909436145903,0
911,246,0.2,0.47,0.25,0.9167,0.75,1,0.3949792772050664,0
886,152,0.2,0.9,1.0,1.0,0.75,1,0.6949816511645931,1
197,89,0.2,0.99,0.5,0.5,1.0,1,0.477083655495599,1
634,531,0.2,0.23,0.25,1.0,0.75,1,0.3192567950077836,0
251,341,0.4,0.835,0.75,0.6667,1.0,2,0.7380242637454582,1
187,365,0.2,0.685,1.0,0.75,0.0,1,0.49717710498794565,1
761,405,0.2,0.77,1.0,1.0,1.0,1,0.6480433913471817,1
952,994,0.2,0.92,0.75,0.9167,0.25,1,0.6036979135806148,1
290,97,0.2,0.88,0.25,0.9167,0.0,1,0.2807388535543106,0
614,427,0.2,0.895,0.75,1.0,1.0,1,0.645437718068653,1
331,266,0.2,0.675,0.25,0.75,0.25,1,0.31842862459843,1
865,22,0.2,0.84,1.0,0.0833,0.75,1,0.5694755597104832,0
913,582,0.2,0.825,0.25,0.8333,1.0,1,0.5101128934028638,0
501,855,0.2,0.65,0.5,0.9167,0.0,1,0.4570524132741469,0
510,609,0.2,0.575,0.75,0.8333,0.75,1,0.4381286226336627,0
911,801,0.2,0.18,1.0,0.75,0.75,1,0.569901237987535,0
918,270,0.2,0.615,1.0,0.4167,0.0,1,0.5313201419048972,1
548,265,0.2,0.65,0.5,0.4167,1.0,1,0.35971963259695633,0
600,140,0.2,0.105,0.5,1.0,0.5,1,0.3548535416033243,0
884,263,0.2,0.06,0.25,0.5833,1.0,1,0.2613789141351364,1
55,453,0.2,0.715,0.25,0.8333,0.75,1,0.39709905242521226,1
186,86,0.2,0.195,0.5,0.9167,0.0,1,0.2847406225594649,0
727,817,0.4,0.78,0.25,0.25,0.75,2,0.48442905578049633,0
396,133,0.4,0.5,1.0,0.6667,0.5,2,0.5715474304686786,1
95,440,0.2,0.505,1.0,0.9167,0.5,1,0.5679985702002369,1
530,293,0.2,0.235,0.75,0.25,0.75,1,0.3794900444506667,1
29,241,0.2,0.3,0.25,0.1667,1.0,1,0.2090195310609551,0
715,738,0.4,0.72,0.5,0.3333,0.5,2,0.5098662858730977,1
975,624,0.2,0.845,0.0,0.4167,0.25,1,0.24638069028158355,0
993,480,0.2,0.965,1.0,0.9167,0.5,1,0.5943500760776487,0
460,590,0.4,0.705,0.75,0.75,0.75,2,0.6135852615962614,1
399,695,0.4,0.485,0.75,0.75,0.5,2,0.4622651476012743,0
275,735,0.2,0.705,0.0,0.6667,1.0,1,0.43599144012117236,1
740,758,0.2,0.55,0.75,0.5833,0.75,1,0.4332753787992732,0
199,615,0.2,0.95,0.75,0.5,1.0,1,0.5777842603851288,1
687,79,0.4,0.435,0.75,0.5,0.75,2,0.5731506548786203,1
599,762,0.2,0.22,1.0,0.3333,0.75,1,0.4087491700433032,0
882,357,0.2,0.805,0.75,0.6667,0.0,1,0.43047239551865835,0
146,508,0.2,0.825,0.25,0.75,0.5,1,0.4199361484199112,0
390,152,0.2,0.465,0.5,0.4167,0.5,1,0.4559217345663412,0
46,263,0.2,0.96,0.0,0.3333,0.5,1,0.37692196267021794,1
224,930,0.2,0.58,0.75,0.75,0.25,1,0.4609599605821213,0
63,155,0.2,0.73,0.75,0.5833,1.0,1,0.6320288497349548,0
902,6,0.4,0.895,0.5,0.6667,1.0,2,0.5094482688656494,1
654,231,0.2,0.98,0.75,0.75,0.5,1,0.5900647455739384,1
926,192,0.2,0.995,0.5,0.4167,0.5,1,0.4201333494664383,0
860,888,0.2,0.815,0.5,0.75,0.75,1,0.5065450268433551,0
739,507,0.2,0.96,0.75,0.9167,0.0,1,0.42673527860355687,0
79,160,0.2,0.355,0.5,0.3333,0.25,1,0.3221988125546643,0
641,146,0.2,0.95,0.75,0.4167,0.75,1,0.44278243099655107,1
192,892,0.4,0.475,0.5,0.9167,1.0,2,0.46300953791426663,0
365,176,0.2,0.9,1.0,0.5,0.0,1,0.5759295611608082,1
697,989,0.2,0.88,0.75,0.75,0.75,1,0.48233811226012946,0
783,234,0.2,0.815,0.5,0.75,0.0,1,0.4107641303558137,1
859,294,0.2,0.955,0.5,0.75,1.0,1,0.6194868117810393,1
826,239,0.2,0.64,0.25,0.8333,0.25,1,0.2817076267157367,0
477,299,0.2,0.895,1.0,0.5,0.5,1,0.5799571340501088,0
119,5,0.2,0.79,0.5,0.9167,0.0,1,0.4374676319428026,0
210,376,0.2,0.685,0.5,0.6667,0.25,1,0.353102340234988,1
134,808,0.4,0.98,0.25,0.5833,0.0,2,0.515788573165295,0
301,110,0.2,0.71,0.5,0.9167,0.75,1,0.4632091715180503,1
478,201,0.2,0.39,0.5,0.6667,0.25,1,0.27624913242594823,0
411,43,0.2,0.53,0.25,0.6667,0.75,1,0.32154233661032905,0
249,149,0.2,0.36,0.5,0.8333,0.25,1,0.43211524493780185,0
897,543,0.2,0.655,0.0,0.9167,1.0,1,0.2836862374926049,0
331,882,0.2,0.42,0.75,0.6667,0.25,1,0.380638931495616,0
330,713,0.2,0.615,1.0,0.6667,0.25,1,0.5389773559801819,0
412,388,0.2,0.95,0.25,0.9167,0.75,1,0.41956817682469444,0
146,528,0.2,0.925,1.0,0.5,0.75,1,0.4958814209093711,0
379,644,0.2,0.47,0.5,0.5,0.75,1,0.36743869147242153,0
883,228,0.2,0.625,0.25,0.5833,0.5,1,0.3369126272670352,0
150,818,0.2,0.82,0.0,0.5,0.5,1,0.31681626078109804,0
946,717,0.4,0.705,1.0,0.8333,0.75,2,0.7640057884878723,1
517,857,0.2,0.71,0.25,0.75,0.5,1,0.42049948320986813,0
799,76,0.2,0.585,1.0,0.3333,0.75,1,0.4545846991808739,1
149,264,0.2,0.96,0.75,0.5,0.25,1,0.547552642714044,1
21,694,0.2,0.695,0.5,0.6667,1.0,1,0.3883588660763412,1
341,197,0.2,0.67,0.75,0.25,1.0,1,0.5003100308435027,1
318,455,0.2,0.53,0.75,0.8333,0.5,1,0.545001336643348,1
411,97,0.2,0.955,0.0,0.75,0.75,1,0.3284600520310549,0
103,994,0.2,0.695,1.0,0.6667,0.25,1,0.6160133473156526,1
297,411,0.2,0.885,0.0,0.6667,1.0,1,0.4459687502767522,1
299,560,0.2,0.235,0.25,0.3333,0.25,1,0.3152654395382091,0
945,566,0.6,0.535,0.5,0.1667,0.75,3,0.496169043928946,1
707,998,0.4,0.88,0.5,1.0,0.5,2,0.6633835234654595,0
711,166,0.2,0.785,0.75,0.4167,0.5,1,0.4500857278389049,1
795,871,0.4,0.59,0.75,0.9167,0.75,2,0.6156791046858536,1
525,689,0.2,0.295,1.0,0.5833,1.0,1,0.46420761030349855,1
801,863,0.2,0.53,0.75,1.0,0.75,1,0.6000037585747926,1
213,192,0.2,0.925,0.5,1.0,0.5,1,0.48431240602668457,1
450,446,0.2,0.585,0.75,0.4167,0.75,1,0.5167938186401595,0
889,579,0.4,0.41,1.0,0.5,0.5,2,0.6469975832657278,1
374,170,0.2,0.905,0.5,0.75,1.0,1,0.5813477754772143,1
702,545,0.2,0.6,0.5,0.9167,0.75,1,0.5538023795279645,0
653,534,0.2,0.26,0.75,0.6667,1.0,1,0.5344936743635904,1
536,121,0.2,0.465,0.75,0.8333,1.0,1,0.49184855488466483,1
440,682,0.2,0.555,0.25,0.4167,1.0,1,0.4646150678219606,0
853,866,0.2,0.515,0.75,0.9167,0.25,1,0.5399072970414098,1
656,176,0.2,1.0,0.5,0.5,0.0,1,0.38948667750754706,0
631,534,0.2,0.165,0.75,0.8333,0.0,1,0.3492396466333713,0
79,420,0.4,0.745,1.0,0.25,0.75,2,0.6509437598729524,1
186,439,0.4,0.715,0.5,1.0,0.5,2,0.6241263312500375,0
293,953,0.2,0.47,0.75,0.75,0.25,1,0.4206651243519292,0
990,794,0.2,0.785,0.5,0.8333,0.75,1,0.44964660348198937,0
758,67,0.2,0.845,0.25,0.9167,0.75,1,0.47810325212646265,1
267,210,0.2,0.82,0.25,0.9167,0.75,1,0.4969487411982179,0
49,199,0.2,0.995,0.75,0.9167,0.25,1,0.5083952661318283,1
507,661,0.6,0.72,0.25,0.1667,0.25,3,0.45640011753445897,0
770,30,0.4,0.555,0.0,0.75,0.5,2,0.313591156586144,0
383,732,0.2,0.06,0.25,0.8333,0.5,1,0.3056834027269691,0
13,520,0.2,0.5,0.75,0.5833,0.25,1,0.4605525552202231,0
449,427,0.4,0.835,0.5,0.3333,0.5,2,0.5068644762924115,1
666,334,0.2,0.895,0.5,1.0,0.5,1,0.49505587374357696,1
314,274,0.4,0.48,0.75,0.8333,0.75,2,0.5259368722477978,1
155,59,0.2,0.525,0.75,0.75,1.0,1,0.5892095900023977,0
901,371,0.2,0.905,0.75,0.1667,1.0,1,0.4363396435198135,1
251,838,0.2,0.97,0.5,1.0,0.5,1,0.4914276844634126,0
266,548,0.2,0.565,0.75,0.5833,0.5,1,0.46755694307757784,1
221,624,0.2,0.68,0.5,1.0,0.75,1,0.46945595522394457,1
231,991,0.2,0.955,0.25,0.5833,0.75,1,0.35316309263331336,0
873,232,0.2,0.7,0.75,0.6667,0.5,1,0.45208809976851744,1
889,223,0.2,0.91,0.25,0.4167,0.5,1,0.3409415265800317,0
80,976,0.2,0.96,0.75,0.75,0.5,1,0.4538846230211513,1
808,263,0.2,0.205,0.25,0.6667,0.25,1,0.32295991932528445,1
730,880,0.4,0.785,0.25,0.6667,0.5,2,0.5040785473653415,1
157,964,0.2,0.335,0.75,0.5833,0.75,1,0.46776953503167507,0
608,759,0.2,0.975,0.75,0.5833,0.5,1,0.4798953728678824,0
219,445,0.2,0.695,0.5,0.0833,1.0,1,0.3233372891839774,1
830,580,0.2,0.705,0.5,0.6667,1.0,1,0.4980293542098311,0
934,818,0.2,0.645,1.0,0.9167,0.75,1,0.5426950884107411,1
757,894,0.2,0.66,0.5,0.3333,0.75,1,0.36603231391067576,1
222,484,0.2,0.42,0.25,0.4167,0.75,1,0.37976842528363175,1
370,315,0.2,0.61,0.75,0.5,1.0,1,0.5115954670896431,1
756,166,0.2,0.505,0.75,0.4167,0.5,1,0.48252631891011766,1
620,110,0.2,0.985,0.75,0.8333,0.75,1,0.5253849538991144,0
114,309,0.4,0.29,0.5,0.4167,0.25,2,0.4211371868121684,0
512,650,0.2,0.155,0.75,0.8333,0.75,1,0.3702764156613177,1
471,169,0.2,0.635,1.0,0.8333,0.25,1,0.6151878949232193,0
690,266,0.2,0.9,0.75,0.5833,1.0,1,0.5892286106347921,0
261,603,0.4,0.435,0.75,0.75,1.0,2,0.6872509653635765,1
101,107,0.2,0.95,0.5,0.6667,0.75,1,0.47866100102241393,1
733,806,0.2,0.965,0.25,0.8333,0.25,1,0.45366991004387597,0
246,755,0.2,0.935,1.0,0.9167,0.5,1,0.5667640514768911,1
94,742,0.2,0.21,0.75,0.5,0.75,1,0.3519363185902682,1
515,600,0.2,0.54,0.5,0.6667,0.75,1,0.45488610717552014,1
125,816,0.2,0.335,0.5,0.4167,1.0,1,0.3889876323408654,0
149,756,0.4,0.785,0.75,0.6667,0.75,2,0.5897524136067562,1
591,861,0.2,0.41,0.75,0.8333,0.75,1,0.4901134495756317,1
21,31,0.2,0.81,0.0,0.6667,0.75,1,0.4392415518388924,0
41,196,0.2,0.96,0.75,0.9167,0.5,1,0.5111792605579812,0
354,314,0.2,0.85,0.5,0.5833,0.5,1,0.49402151285755347,1
419,579,0.4,0.125,0.75,0.5,0.75,2,0.5240464534275967,0
946,555,0.2,0.355,0.0,0.6667,0.25,1,0.3161128215124026,0
532,394,0.4,0.445,0.75,0.6667,1.0,2,0.6793303802193733,1
875,590,0.2,0.725,0.5,1.0,0.75,1,0.5644571552962312,0
812,119,0.2,0.815,0.5,0.3333,0.5,1,0.403250005212012,1
727,408,0.4,0.735,0.5,0.8333,0.5,2,0.6280170179344137,1
206,88,0.2,0.5,0.75,0.1667,0.75,1,0.42987675491273836,0
101,272,0.2,0.53,0.0,0.5833,1.0,1,0.30593430874115807,0
303,864,0.2,0.705,0.75,0.1667,0.0,1,0.32955965120392494,0
628,278,0.2,0.26,0.25,0.5,0.25,1,0.34266698288009023,0
251,105,0.2,0.735,0.75,0.75,1.0,1,0.6212076426311871,0
119,793,0.2,0.925,0.75,0.8333,0.0,1,0.5351987424157684,0
223,505,0.4,0.505,0.75,0.5,0.75,2,0.6333123651005754,0
379,930,0.2,0.165,0.25,0.8333,0.25,1,0.20222188402753866,0
281,727,0.4,0.89,0.75,0.6667,0.5,2,0.5356954304426641,1
262,749,0.2,0.66,0.75,0.8333,1.0,1,0.6316842978605468,1
470,78,0.2,0.735,0.75,0.75,0.5,1,0.5503608469162802,0
836,341,0.2,0.04,0.75,0.5833,0.5,1,0.3148313273911812,0
159,115,0.2,0.815,0.75,0.5,0.75,1,0.5981363390023184,0
454,173,0.2,0.26,1.0,0.5,1.0,1,0.56823871273809,1
531,505,0.4,0.885,0.75,0.25,0.75,2,0.6440590159716689,1
755,792,0.4,0.995,0.5,0.6667,0.75,2,0.6439008593752021,1
566,558,0.2,0.7,0.0,0.3333,1.0,1,0.2743334358561089,0
828,823,0.4,0.78,0.75,0.25,1.0,2,0.54095326441415,1
252,148,0.4,0.645,1.0,1.0,0.5,2,0.6340716382806771,1
491,771,0.2,0.8,1.0,0.25,0.75,1,0.6008685598079943,0
563,384,0.4,0.845,0.5,0.25,0.25,2,0.45008637742563196,0
819,930,0.2,0.9,0.5,0.5833,1.0,1,0.56850537502982,1
732,426,0.4,0.91,0.75,0.5,0.5,2,0.6146291188595032,0
687,679,0.2,0.855,0.5,0.6667,0.75,1,0.37742196600691735,0
454,355,0.2,0.195,0.25,0.5833,1.0,1,0.3674763905912277,1
347,583,0.2,0.875,0.75,0.0,0.25,1,0.3304288960787935,1
160,7,0.2,0.54,0.25,0.8333,0.5,1,0.361441092180219,0
520,554,0.2,0.905,0.75,0.8333,0.5,1,0.48512871691645776,1
687,402,0.4,0.825,0.5,0.5833,0.0,2,0.48680444753509605,1
983,947,0.2,0.84,1.0,0.5833,0.25,1,0.6028583355173054,1
930,133,0.2,0.155,0.25,0.25,0.5,1,0.3388554616198465,0
132,845,0.2,0.87,0.25,0.5833,0.75,1,0.3826342688299956,0
943,439,0.2,0.51,0.25,1.0,0.75,1,0.30301184713851476,1
843,591,0.2,0.285,0.75,0.8333,0.5,1,0.4644938552991549,1
468,258,0.4,0.38,0.25,0.4167,0.75,2,0.4150747087069856,1
706,689,0.2,0.48,0.0,0.4167,0.75,1,0.2866317430704257,0
944,446,0.2,0.78,0.5,0.3333,0.75,1,0.44829875880661474,0
816,875,0.2,0.81,0.5,0.4167,1.0,1,0.39453407484434583,1
55,197,0.2,0.71,0.75,0.6667,0.75,1,0.4213760729778821,0
230,562,0.2,0.745,0.5,0.75,0.75,1,0.5451360891143961,0
161,832,0.2,0.7,0.5,0.75,0.5,1,0.3387794354590909,1
251,91,0.4,0.36,0.25,0.5,0.5,2,0.30362851042004535,0
955,41,0.2,0.785,0.75,0.6667,0.25,1,0.5553976534529411,1
755,990,0.4,0.755,0.25,0.75,0.5,2,0.36664987133501864,0
899,445,0.4,0.455,0.75,1.0,0.5,2,0.5940319821938,1
643,507,0.2,0.755,0.25,0.9167,0.5,1,0.47314726214391356,1
128,559,0.2,0.285,0.25,0.8333,1.0,1,0.28512889492451937,0
336,462,0.2,0.78,0.75,1.0,0.25,1,0.5621679435500122,0
94,450,0.4,0.995,1.0,1.0,0.75,2,0.6433678929443237,1
395,359,0.2,0.23,0.75,0.5,1.0,1,0.42204007733769555,1
414,448,0.2,0.9,1.0,0.75,1.0,1,0.5907551553470025,1
246,951,0.2,0.68,0.5,0.8333,0.5,1,0.40305617578735076,1
340,592,0.2,0.83,0.5,0.9167,1.0,1,0.5727896803818889,0
500,419,0.4,0.265,1.0,0.1667,0.5,2,0.49791403724917904,1
186,561,0.2,0.275,1.0,0.5,0.0,1,0.4828131226074803,1
680,523,0.2,0.88,0.75,0.6667,1.0,1,0.5140779132627931,1
90,583,0.2,0.98,0.75,0.75,0.5,1,0.4560512872148116,0
735,851,0.2,0.685,0.25,0.5,0.75,1,0.2825924069061946,0
378,751,0.2,0.61,1.0,0.5,1.0,1,0.5379300219483029,1
340,847,0.2,0.59,0.5,0.6667,0.25,1,0.4729197237635524,0
944,55,0.2,0.725,0.75,0.5,0.75,1,0.5204254838866434,1
725,487,0.2,0.855,0.75,0.8333,1.0,1,0.6087847278554468,0
883,916,0.2,0.595,0.75,0.6667,1.0,1,0.48394176409337425,1
409,446,0.4,0.885,0.75,0.8333,0.75,2,0.5604703321861839,1
875,729,0.2,0.905,0.5,0.75,0.5,1,0.37670069809076034,0
900,509,0.2,0.09,0.75,0.8333,0.5,1,0.33331276106312474,0
459,376,0.2,0.335,1.0,0.6667,0.75,1,0.4818040700034551,1
186,275,0.2,0.625,0.5,0.8333,0.5,1,0.4549687427907383,1
598,917,0.2,0.565,0.5,0.1667,0.0,1,0.3499654252611961,0
232,3,0.2,0.45,0.5,0.8333,0.75,1,0.520535093595141,0
474,298,0.2,0.905,1.0,0.8333,0.75,1,0.5450002149425668,1
245,104,0.4,0.85,1.0,0.3333,1.0,2,0.741987173397703,1
249,687,0.2,0.89,0.75,0.9167,0.0,1,0.5521273373808897,1
50,201,0.2,0.715,0.25,1.0,0.75,1,0.4317530394309246,1
325,758,0.2,0.26,0.75,0.3333,0.0,1,0.4291120214552858,1
183,412,0.2,0.725,0.75,0.8333,0.75,1,0.5186391943888696,1
748,724,0.2,0.875,0.0,0.1667,0.75,1,0.32645556380825524,0
899,827,0.2,0.525,0.75,1.0,0.5,1,0.4759365277489113,0
568,211,0.2,0.78,0.75,0.75,0.75,1,0.6024815317329846,1
745,159,0.4,0.7,0.75,0.4167,1.0,2,0.5976295170238335,0
277,753,0.2,0.71,0.25,0.5,1.0,1,0.3677320049862921,0
911,573,0.2,0.63,0.75,0.9167,0.75,1,0.5776312685123944,0
547,906,0.2,0.82,0.5,0.4167,1.0,1,0.558034142485022,1
830,170,0.2,0.525,1.0,0.75,0.25,1,0.5506434203463182,0
65,858,0.4,0.98,0.5,0.9167,0.5,2,0.6271618112713464,1
24,444,0.2,0.405,0.5,0.75,0.75,1,0.4103152598125015,0
293,454,0.4,0.805,1.0,0.75,0.75,2,0.6585469972948873,0
277,498,0.2,0.99,1.0,0.75,0.5,1,0.63516576306365,1
905,988,0.2,0.755,0.75,0.75,0.25,1,0.5338651131631512,1
332,561,0.2,0.87,0.5,0.0,0.75,1,0.4882361537007994,1
264,834,0.2,0.575,0.75,0.5833,0.25,1,0.46465339505918607,1
495,223,0.2,0.865,1.0,0.6667,0.25,1,0.5856087147368519,0
169,394,0.2,0.915,0.75,0.9167,1.0,1,0.5473488085563514,1
684,625,0.2,0.76,0.75,1.0,0.0,1,0.5276849592514445,1
219,644,0.2,0.945,0.25,0.4167,1.0,1,0.5119225360962714,0
945,456,0.2,0.805,0.5,0.5,0.5,1,0.3391603004949292,0
88,817,0.2,0.855,0.25,0.9167,1.0,1,0.38845685119260165,1
302,415,0.4,0.875,0.5,0.8333,0.75,2,0.5003520894661946,1
915,177,0.2,0.99,0.0,0.3333,0.5,1,0.36352129566822305,0
70,245,0.2,0.86,1.0,0.9167,0.5,1,0.5553491750222701,1
877,818,0.4,0.615,0.5,0.4167,0.5,2,0.5415995195565622,0
474,192,0.2,0.65,1.0,0.5,0.75,1,0.5015847507725013,1
66,409,0.2,0.97,0.75,0.75,0.75,1,0.4706445203584358,0
448,610,0.2,0.205,0.5,0.9167,1.0,1,0.5193604669809511,0
906,527,0.4,0.99,0.75,0.75,0.75,2,0.5633649146082372,1
84,857,0.2,0.16,0.75,0.4167,0.75,1,0.4049426326863047,0
191,627,0.6,0.84,0.5,0.9167,1.0,3,0.7711357274523795,1
901,295,0.2,0.94,1.0,0.6667,0.5,1,0.6434026408561884,0
770,160,0.2,0.93,0.25,0.8333,0.75,1,0.5320421062833555,1
292,543,0.4,0.635,0.75,0.25,0.75,2,0.6159600500926604,1
730,300,0.2,0.775,0.25,0.3333,0.25,1,0.2508604838294707,0
300,79,0.2,0.8,0.5,1.0,1.0,1,0.44991305553975985,0
827,836,0.2,0.75,0.5,0.6667,0.5,1,0.5066289368141197,1
490,439,0.2,0.75,0.5,0.5,0.75,1,0.36271986535870704,1
365,673,0.2,0.695,0.75,0.8333,0.5,1,0.48202344184933105,0
708,54,0.2,0.85,0.0,0.8333,0.75,1,0.4525809459214648,0
325,128,0.2,0.225,0.75,0.5,0.25,1,0.4515148841509086,0
958,737,0.2,0.635,0.75,0.75,0.0,1,0.4518805834753139,0
344,278,0.4,0.795,0.5,0.4167,0.75,2,0.5473987635397126,0
725,355,0.2,0.64,0.5,0.5,0.25,1,0.3507919899981587,1
440,84,0.2,0.19,0.5,0.9167,1.0,1,0.41249429484550826,0
799,11,0.2,0.93,0.75,0.8333,0.75,1,0.46904766928824076,0
928,439,0.4,0.83,0.75,0.8333,0.75,2,0.7026503467209371,1
456,566,0.2,0.73,0.0,0.6667,0.75,1,0.34592168943945567,1
534,829,0.2,0.07,1.0,0.5,0.75,1,0.5435371421590892,1
376,479,0.2,0.565,0.5,0.5,0.75,1,0.32626955524301976,0
907,973,0.2,0.09,0.0,0.25,1.0,1,0.14879069883967488,0
790,710,0.4,0.72,0.75,0.3333,1.0,2,0.5613303270840839,1
223,942,0.2,0.97,1.0,0.5833,0.5,1,0.6386969407470339,1
899,836,0.2,0.275,0.75,0.6667,1.0,1,0.45849971532999134,1
392,419,0.2,0.48,1.0,0.1667,0.5,1,0.48877750616960497,0
609,313,0.2,0.06,0.75,0.6667,0.75,1,0.3642083821603227,0
484,659,0.2,0.745,0.0,0.3333,0.75,1,0.24553019486025712,1
892,854,0.2,0.405,0.5,0.1667,1.0,1,0.3779970581107842,0
903,249,0.4,0.24,0.5,0.75,0.0,2,0.31977022158635987,1
182,679,0.4,0.77,1.0,0.8333,0.25,2,0.555506095907593,0
884,338,0.2,0.855,0.75,0.4167,0.75,1,0.4911840238864615,0
236,713,0.2,0.985,0.75,0.8333,1.0,1,0.6681476391810214,1
300,501,0.2,0.865,0.75,1.0,0.25,1,0.4989926323485488,0
285,206,0.2,0.125,0.5,0.4167,0.25,1,0.3738195614556368,1
2,231,0.2,0.8,0.25,0.8333,0.5,1,0.29925953630797136,0
546,564,0.2,0.8,0.75,0.3333,0.75,1,0.45158600883929556,0
692,149,0.2,0.68,0.75,0.8333,0.75,1,0.6194199096253955,1
174,415,0.2,0.975,0.25,0.9167,0.25,1,0.48894407327737,0
316,186,0.2,0.485,1.0,0.9167,0.25,1,0.4838374913153353,0
971,563,0.2,0.46,0.5,0.75,0.75,1,0.37529362267375654,1
404,186,0.2,0.94,0.5,0.5,0.75,1,0.4399575915072981,0
681,911,0.4,0.68,0.75,0.5833,0.75,2,0.6119162351731672,1
986,671,0.2,0.645,0.0,0.6667,1.0,1,0.34397552856503955,0
224,644,0.2,0.885,1.0,0.4167,0.75,1,0.5853324421562686,1
927,992,0.2,0.775,0.75,0.3333,0.25,1,0.4736609383987531,0
588,843,0.4,0.92,0.5,0.3333,1.0,2,0.6408185825399464,0
275,292,0.2,0.545,0.25,0.5,0.75,1,0.4433678440867037,0
529,691,0.2,0.845,1.0,1.0,0.25,1,0.4930569852141288,1
747,586,0.4,0.985,1.0,0.75,0.0,2,0.605832941226914,0
809,343,0.2,0.335,0.75,1.0,0.0,1,0.4474890497193672,1
352,449,0.2,0.91,0.0,0.9167,0.5,1,0.27100898604611545,1
249,646,0.2,0.9,0.25,0.9167,0.5,1,0.4405042986745396,1
820,149,0.2,0.675,1.0,0.5,0.75,1,0.6176976918312964,0
684,926,0.2,0.83,0.75,0.3333,0.25,1,0.4302173857821296,1
816,349,0.2,0.94,0.0,0.6667,0.75,1,0.3110379983314792,0
626,206,0.2,0.625,0.5,0.4167,1.0,1,0.47742670718965574,0
749,147,0.4,0.295,0.75,0.75,0.5,2,0.5725139099840277,1
482,707,0.2,0.57,0.25,0.9167,0.75,1,0.41906663119753806,1
454,965,0.2,0.98,0.0,0.5833,0.25,1,0.2471507394813723,0
681,671,0.2,0.995,0.0,0.8333,0.5,1,0.2808615431414067,0
982,190,0.2,0.855,0.75,0.0833,0.75,1,0.40993721645780723,0
38,97,0.2,0.87,1.0,0.4167,0.0,1,0.4531029289098831,0
735,804,0.2,0.37,0.25,0.75,0.5,1,0.34212759695222933,1
621,58,0.2,0.715,0.25,0.4167,0.5,1,0.35495605298536903,0
400,155,0.4,0.35,1.0,0.75,0.5,2,0.6010358559423582,0
52,732,0.2,1.0,0.75,0.3333,0.5,1,0.4966045934896339,1
601,699,0.2,0.265,1.0,0.8333,0.75,1,0.4425670292555853,0
30,993,0.2,0.6,1.0,0.5833,0.5,1,0.45320549685652955,0
828,636,0.2,0.685,0.0,1.0,0.0,1,0.2143518130691902,0
836,532,0.4,0.7,0.75,0.8333,1.0,2,0.6200837953378339,0
110,751,0.2,0.81,0.75,0.75,0.75,1,0.576921238589682,1
356,7,0.4,0.54,0.25,0.75,0.75,2,0.4139761031163477,1
356,170,0.2,0.275,0.75,0.8333,1.0,1,0.4409808669517596,0
757,136,0.2,0.435,1.0,0.5833,0.5,1,0.5591925459828712,1
8,30,0.2,0.905,0.0,0.8333,0.5,1,0.3466678763483542,0
561,912,0.2,0.815,0.75,0.0833,0.75,1,0.37425596227101043,0
10,777,0.2,0.25,0.25,0.75,0.0,1,0.3108946659720877,1
523,861,0.2,0.93,0.75,0.6667,0.25,1,0.47084740108385115,0
849,698,0.2,0.955,0.75,0.5833,1.0,1,0.6609110975671126,1
715,770,0.2,0.565,0.0,0.25,0.75,1,0.3537925298248603,0
546,959,0.2,0.515,0.0,0.4167,1.0,1,0.3098842640250829,1
943,378,0.2,0.74,1.0,0.5,0.75,1,0.6373148739844993,0
275,332,0.2,0.52,1.0,0.3333,0.75,1,0.5527308790796304,1
596,149,0.2,0.405,0.75,0.8333,0.75,1,0.47787948780848194,1
416,822,0.4,0.43,0.75,0.3333,1.0,2,0.5346595680229378,0
531,254,0.2,0.925,0.25,0.25,0.75,1,0.44390895828054877,1
197,275,0.2,0.745,1.0,0.5833,1.0,1,0.6842844793613685,1
299,654,0.2,0.405,0.25,0.9167,0.0,1,0.2617977720498433,0
334,628,0.2,0.345,0.0,0.4167,0.5,1,0.2280685209977059,1
759,918,0.2,0.21,0.75,0.4167,0.5,1,0.44227386775581135,0
681,49,0.2,0.625,0.5,0.3333,0.75,1,0.40182289059820714,1
195,925,0.2,0.9,0.5,0.75,0.0,1,0.382852586527922,0
71,716,0.2,0.455,0.25,1.0,0.5,1,0.3878719609867978,1
52,767,0.2,0.22,1.0,0.4167,0.75,1,0.44745581361038417,0
133,378,0.2,0.485,1.0,1.0,1.0,1,0.5922551631554969,1
828,46,0.2,0.835,0.0,0.75,0.25,1,0.21657439836699727,0
688,992,0.2,0.98,1.0,0.9167,0.5,1,0.5490986480167247,0
718,912,0.2,0.485,0.75,0.25,1.0,1,0.37993728668501336,0
147,940,0.2,0.51,0.5,0.8333,0.75,1,0.3436350449206338,1
440,654,0.2,0.77,0.25,1.0,0.5,1,0.3082949577466281,0
118,191,0.2,0.55,0.75,0.5,0.75,1,0.415238367067896,1
77,178,0.2,0.89,0.75,0.0833,0.75,1,0.573604922488831,0
63,816,0.4,0.75,0.0,0.4167,0.75,2,0.3153153991285616,1
437,846,0.2,0.935,1.0,0.5,0.75,1,0.6808877000191202,1
144,400,0.2,0.195,0.25,0.9167,0.25,1,0.35519654092911385,0
478,848,0.2,0.31,0.5,0.9167,0.0,1,0.42002943424501604,1
875,379,0.2,0.4,0.75,0.6667,0.5,1,0.3867997341435102,0
161,316,0.2,0.925,0.5,0.8333,0.75,1,0.6001811303444058,1
607,729,0.2,0.825,0.0,0.9167,0.25,1,0.24279939854911953,1
692,825,0.2,0.85,0.25,0.75,0.5,1,0.3844417368968453,1
412,971,0.4,0.595,0.75,0.75,1.0,2,0.7096745751879193,1
325,755,0.4,0.33,0.5,0.6667,0.0,2,0.485293354797803,0
968,648,0.2,0.71,0.75,0.9167,0.5,1,0.5641226684534224,0
687,449,0.2,0.275,0.5,0.75,0.5,1,0.28866079535342803,0
364,418,0.2,0.215,0.75,0.4167,0.75,1,0.39820823917106857,0
12,147,0.4,0.815,1.0,0.9167,1.0,2,0.7183387205135923,1
586,392,0.2,0.59,0.5,0.3333,0.0,1,0.3923885643714411,0
390,88,0.2,0.63,1.0,0.9167,0.75,1,0.5732266830621079,1
103,818,0.2,0.715,0.5,0.5,0.5,1,0.5021846575564947,0
762,928,0.2,0.63,0.5,0.5,0.75,1,0.5125308849479343,0
415,132,0.4,0.66,0.75,0.75,0.75,2,0.6902580013773817,1
225,727,0.4,0.675,1.0,0.5,0.75,2,0.6372495379774827,0
55,59,0.2,0.835,0.75,1.0,0.75,1,0.5345490271372547,1
909,122,0.2,0.86,1.0,0.6667,1.0,1,0.5534372031795474,1
714,73,0.2,0.67,1.0,0.6667,1.0,1,0.690462597555294,1
929,916,0.2,0.87,1.0,0.5,0.5,1,0.6243210387206699,1
173,942,0.2,0.84,0.75,1.0,1.0,1,0.5746301158704645,0
245,313,0.2,0.33,0.25,0.5833,1.0,1,0.42565195813783663,1
590,561,0.2,0.61,0.5,0.4167,0.5,1,0.4537041141552167,0
814,476,0.2,0.66,0.25,0.4167,1.0,1,0.4498656563216858,0
437,676,0.4,0.795,1.0,0.8333,0.5,2,0.5961759380946188,1
187,676,0.2,0.835,0.75,0.5833,0.0,1,0.47635164723299206,0
168,419,0.2,0.09,0.25,0.4167,0.5,1,0.18992909342069286,1
624,169,0.4,0.42,0.25,1.0,0.0,2,0.376801577146468,0
307,528,0.2,0.275,0.75,0.5,0.75,1,0.3342007384919661,0
449,589,0.4,0.755,0.25,0.6667,1.0,2,0.44626984976784917,0
563,565,0.2,0.67,0.75,0.9167,0.75,1,0.5243899582543676,1
466,788,0.2,0.93,0.5,0.5,1.0,1,0.5496238539281482,1
836,644,0.6,0.46,0.75,1.0,0.5,3,0.5841328049519833,1
753,630,0.2,0.88,0.25,0.5833,0.75,1,0.35940680803237646,0
813,21,0.4,0.725,0.25,0.4167,0.5,2,0.3824586365170039,1
555,241,0.2,0.37,0.0,0.9167,1.0,1,0.3807069246288019,0
359,277,0.4,0.39,1.0,0.6667,0.5,2,0.6736503281546149,1
727,524,0.2,0.72,0.0,0.1667,0.75,1,0.19813292319523812,0
468,671,0.2,0.445,0.75,0.25,0.25,1,0.2855650267834621,0
493,321,0.2,0.575,0.5,0.3333,1.0,1,0.49778096936082505,1
279,295,0.2,0.685,1.0,0.75,0.75,1,0.5424345316565622,1
54,491,0.2,0.715,0.25,0.8333,0.75,1,0.38931414877301884,1
243,751,0.2,0.265,0.75,0.5833,0.5,1,0.4237047858611126,0
142,249,0.2,0.125,0.75,0.4167,0.0,1,0.34363702675304464,0
293,755,0.2,0.555,0.0,0.4167,0.0,1,0.11168496586375784,0
843,787,0.2,0.8,1.0,0.1667,0.75,1,0.5153651667584845,1
29,315,0.4,0.775,1.0,0.6667,0.25,2,0.5556347383911274,0
9,988,0.2,0.885,1.0,0.9167,0.75,1,0.5504837192656806,0
348,754,0.2,0.415,0.25,0.6667,1.0,1,0.3058195116822576,1
365,786,0.2,0.615,1.0,0.9167,0.25,1,0.5447422807262126,1
615,81,0.4,0.74,0.25,0.75,0.5,2,0.49097938004991803,0
618,531,0.2,0.245,1.0,0.5833,0.5,1,0.5418574784016852,0
874,930,0.2,0.26,0.5,0.5,0.5,1,0.258926425559407,1
404,42,0.2,0.845,0.25,0.9167,1.0,1,0.42155877235145706,0
815,991,0.2,0.76,0.5,0.5833,0.75,1,0.3982872571953826,1
172,601,0.2,0.635,1.0,0.4167,0.75,1,0.49435136233615506,0
459,316,0.2,0.795,1.0,0.6667,0.25,1,0.5741072302662087,0
947,289,0.2,0.76,0.75,0.5833,0.5,1,0.4278137106016637,1
277,82,0.2,0.96,1.0,0.5,0.25,1,0.6273447365735576,1
41,743,0.2,0.695,0.25,0.5,0.75,1,0.36732736682449973,0
327,659,0.2,0.86,0.25,0.4167,0.75,1,0.3515682724221757,1
992,265,0.2,0.96,0.75,0.9167,0.5,1,0.6387458177768587,1
947,830,0.2,0.945,0.75,0.75,0.25,1,0.4296324349801071,0
703,963,0.6,0.85,0.75,0.6667,1.0,3,0.6474984334640739,0
771,682,0.2,0.545,0.25,0.8333,0.75,1,0.4522626656715144,0
476,656,0.2,0.47,0.75,0.5,1.0,1,0.5480878584265915,1
336,196,0.2,0.36,0.0,0.8333,0.75,1,0.22813502458787102,0
981,79,0.2,0.71,0.5,0.3333,0.75,1,0.4189384674902311,1
59,718,0.2,0.27,1.0,0.75,0.75,1,0.5271859405105149,0
896,47,0.2,0.545,0.75,0.75,0.75,1,0.4406948370493938,0
713,124,0.2,0.915,0.75,0.9167,0.5,1,0.4959301821874656,0
260,211,0.2,0.635,0.5,0.9167,0.75,1,0.395241860485937,0
631,64,0.4,0.935,0.5,0.9167,1.0,2,0.5272594714144758,0
764,718,0.2,0.48,0.75,0.25,1.0,1,0.4610173931533896,0
401,667,0.2,0.885,0.5,0.8333,0.0,1,0.5190340290836589,1
691,347,0.2,0.945,0.75,0.8333,0.0,1,0.5018120687096097,1
881,567,0.2,0.905,0.75,0.75,0.0,1,0.4819598273647556,1
404,242,0.2,0.27,0.25,0.0833,0.25,1,0.26153110590818796,0
91,995,0.2,0.445,0.75,0.9167,1.0,1,0.57950587338839,1
66,365,0.2,0.64,0.75,0.5833,0.75,1,0.424390052625517,1
562,159,0.4,0.665,0.25,0.75,0.5,2,0.49219590237947053,1
32,153,0.2,0.83,0.5,0.5833,1.0,1,0.48079269645738276,1
17,724,0.4,0.82,0.5,0.1667,1.0,2,0.5922377204891058,0
151,771,0.2,0.49,0.75,0.4167,0.25,1,0.4709379515948878,1
807,76,0.2,0.295,1.0,0.4167,0.75,1,0.42468877451224923,1
716,592,0.4,0.935,0.75,0.9167,0.75,2,0.6583597959088653,1
377,763,0.2,0.465,0.5,0.3333,1.0,1,0.3118561887455108,0
899,453,0.2,0.91,0.75,0.8333,0.5,1,0.4469877973452827,1
795,763,0.2,0.845,0.75,0.4167,0.75,1,0.5991615291409429,1
761,823,0.4,0.545,0.75,0.5833,0.25,2,0.5024920929395791,0
138,783,0.2,0.95,0.75,0.6667,1.0,1,0.49698851743911854,1
396,436,0.4,0.63,1.0,0.8333,1.0,2,0.6165370790153776,1
794,586,0.4,0.795,0.5,0.75,0.25,2,0.5006348093649019,1
408,346,0.4,0.705,1.0,0.9167,1.0,2,0.6573399370661636,1
751,50,0.2,0.745,0.75,0.5833,1.0,1,0.49126142986783083,1
110,707,0.4,0.46,0.75,0.3333,1.0,2,0.48024457043114643,1
31,2,0.2,0.57,1.0,0.25,0.25,1,0.5546144890456083,0
779,796,0.2,0.685,0.75,0.9167,0.25,1,0.5478614676485374,0
114,526,0.2,0.79,0.75,0.5,0.75,1,0.4637651571900385,0
916,493,0.2,0.69,0.5,0.25,0.5,1,0.4512434322633936,1
286,769,0.2,0.745,0.25,0.9167,1.0,1,0.5156314599641256,1
702,247,0.2,0.535,1.0,0.75,0.75,1,0.570541370752562,0
791,323,0.2,0.21,0.75,0.3333,1.0,1,0.44189081116449697,0
184,907,0.2,0.395,0.0,0.8333,1.0,1,0.27859903454747154,1
198,90,0.2,0.98,0.25,0.5,0.75,1,0.4255144423458486,1
989,708,0.2,0.875,0.75,0.5,0.5,1,0.5826382693305947,1
265,904,0.2,0.65,0.5,0.5,0.5,1,0.48475872695069844,0
833,274,0.2,0.575,0.25,0.6667,0.5,1,0.426352754179695,0
592,120,0.2,0.55,0.75,1.0,0.5,1,0.5371112102858369,1
277,495,0.2,0.46,0.5,0.0,0.75,1,0.28396972388077424,1
236,419,0.2,0.15,0.25,0.75,0.5,1,0.2180710893108989,0
626,222,0.2,0.88,1.0,0.6667,0.75,1,0.6541165652672842,1
765,743,0.2,0.57,0.75,1.0,0.75,1,0.5078108416198228,1
909,394,0.2,0.675,0.0,0.6667,0.25,1,0.23068280216030412,0
264,373,0.2,0.82,0.5,0.1667,0.25,1,0.2800035574340366,0
111,459,0.2,0.35,0.75,0.9167,0.5,1,0.45208867378701334,0
903,33,0.2,0.61,0.5,0.4167,0.5,1,0.28923263344527583,0
797,115,0.2,0.62,0.5,0.6667,0.75,1,0.4025720156380144,0
684,224,0.2,0.585,1.0,0.9167,0.25,1,0.43795019734185336,0
838,750,0.2,0.51,0.5,0.75,1.0,1,0.525042481126983,1
740,151,0.2,0.71,0.5,0.8333,0.75,1,0.48848896366582695,0
238,169,0.2,0.61,0.75,0.25,1.0,1,0.49933393018844746,1
509,338,0.2,0.25,0.75,0.5833,0.5,1,0.42443142956062985,0
515,344,0.2,0.49,0.75,0.6667,0.75,1,0.42444590382702047,0
795,811,0.2,0.685,0.75,0.5833,0.25,1,0.41320781694820474,0
162,78,0.2,0.67,0.5,0.8333,0.75,1,0.4397549646316264,0
988,663,0.2,0.82,1.0,0.3333,0.75,1,0.5514962157498527,0
545,427,0.4,0.92,0.5,0.6667,0.25,2,0.4398879314223358,0
926,980,0.2,0.425,0.25,0.25,0.75,1,0.2217675303202316,0
532,73,0.2,0.325,1.0,0.5833,0.25,1,0.4190278362097109,0
304,32,0.2,0.94,0.5,0.6667,1.0,1,0.41624284442387577,1
186,851,0.2,0.605,0.75,1.0,0.75,1,0.5081494721749432,1
303,720,0.2,0.495,0.75,0.25,1.0,1,0.44153107590450397,0
587,444,0.2,0.17,0.5,1.0,0.75,1,0.4491284372456945,1
672,206,0.2,0.115,0.25,0.4167,1.0,1,0.28995394385433026,0
497,526,0.2,0.51,1.0,0.8333,0.5,1,0.5559409699942554,1
491,308,0.2,0.9,0.75,0.5,0.5,1,0.48959786707482084,0
624,566,0.4,0.315,0.0,1.0,0.25,2,0.3697971702775962,0
409,92,0.2,0.895,1.0,1.0,1.0,1,0.745079456712097,0
147,64,0.2,0.955,1.0,0.5833,0.25,1,0.5373827266412791,1
278,837,0.2,0.925,0.25,0.5833,1.0,1,0.48086855038373144,0
90,277,0.2,0.52,0.5,0.25,1.0,1,0.37588831773561104,0
86,781,0.2,0.44,0.5,0.6667,0.75,1,0.33662490036431875,0
242,167,0.2,0.995,0.75,0.3333,0.0,1,0.37758582249273853,0
109,458,0.4,0.88,0.5,0.5,0.0,2,0.5507443409402085,1
107,930,0.2,0.455,0.5,0.9167,0.25,1,0.4737418663431192,0
43,609,0.2,0.705,1.0,0.75,0.75,1,0.5196944623351579,0
453,848,0.2,0.89,0.75,0.75,0.5,1,0.5620345065375175,0
664,505,0.2,0.385,0.5,0.8333,0.25,1,0.4201797557553858,1
180,100,0.2,0.725,0.0,0.4167,0.5,1,0.32942694352444524,0
961,712,0.2,0.335,0.25,0.8333,0.75,1,0.4393169285757509,0
451,733,0.2,0.805,0.25,0.8333,0.75,1,0.5148991957919397,0
4,762,0.2,0.725,0.25,0.5833,1.0,1,0.45895701363284563,0
41,971,0.4,0.835,0.75,0.6667,0.75,2,0.6877566639097568,1
325,924,0.2,0.895,1.0,0.9167,0.25,1,0.5637312368933837,0
566,10,0.6,0.945,0.0,0.8333,0.25,3,0.42285039219512693,1
220,480,0.2,0.275,0.0,0.6667,0.75,1,0.2044854571383485,0
128,758,0.2,0.965,1.0,0.8333,0.75,1,0.6685536159912997,0
301,930,0.2,0.76,0.0,0.9167,0.0,1,0.2929250111584739,0
847,727,0.2,0.49,0.5,0.5,0.5,1,0.40186413663136966,0
786,22,0.2,0.995,0.75,0.75,0.75,1,0.5486738100653412,0
722,562,0.2,0.135,0.0,0.5,1.0,1,0.17286963147071438,0
911,124,0.2,0.96,0.75,0.5,0.75,1,0.5645883784691021,1
601,512,0.2,0.865,1.0,0.6667,1.0,1,0.6217069909600573,0
568,316,0.2,0.76,1.0,0.8333,0.25,1,0.4647202483091713,1
266,971,0.2,0.515,0.75,1.0,0.5,1,0.41241449508013395,0
698,459,0.2,0.825,0.5,0.6667,0.75,1,0.38681043565800843,1
918,913,0.2,0.54,0.75,0.8333,0.25,1,0.5544034239400095,0
716,860,0.6,0.92,0.75,1.0,0.75,3,0.7863538239095271,1
877,756,0.4,0.75,1.0,0.75,0.5,2,0.6404320026604456,1
161,894,0.2,0.655,0.25,0.75,0.75,1,0.3278560181070746,0
983,715,0.2,0.9,0.75,0.9167,0.5,1,0.6167301286524506,1
843,213,0.2,0.98,0.5,0.25,0.5,1,0.4592017836235025,0
664,355,0.2,0.865,0.25,0.6667,1.0,1,0.39619666298633294,1
860,914,0.2,0.6,1.0,0.8333,1.0,1,0.6156930385620027,1
422,602,0.2,0.605,1.0,0.6667,0.5,1,0.5054459253227144,0
191,333,0.2,0.565,0.75,0.0833,0.5,1,0.478260121954619,0
598,722,0.4,0.21,0.75,0.25,0.75,2,0.41606568282981504,1
244,78,0.2,0.88,0.5,0.75,0.75,1,0.47459440850872303,1
113,911,0.2,0.485,0.5,0.4167,0.25,1,0.3594718845959104,0
688,309,0.2,0.77,0.75,0.5,0.5,1,0.581280550147663,0
575,245,0.2,0.81,0.75,0.0833,0.75,1,0.4744247648734179,0
800,251,0.4,0.585,0.5,0.6667,1.0,2,0.46406014423022407,0
577,557,0.2,0.965,0.25,0.8333,0.75,1,0.43335018567576394,0
852,222,0.4,0.695,0.75,0.3333,0.5,2,0.47212409572760267,1
191,77,0.2,0.63,0.25,0.9167,0.5,1,0.28519356583845357,0
206,526,0.2,0.335,0.5,0.3333,0.75,1,0.33454537803283113,0
509,330,0.2,0.555,0.5,0.9167,0.75,1,0.3774654717793313,1
145,390,0.2,0.435,0.0,0.3333,0.5,1,0.1477420829525809,0
286,103,0.4,0.945,0.5,0.75,0.75,2,0.5889093437176612,0
853,481,0.2,0.84,0.25,1.0,0.75,1,0.49537392393324314,1
290,624,0.2,0.905,0.75,0.6667,1.0,1,0.5255479390085469,1
288,414,0.2,0.18,0.75,0.9167,1.0,1,0.5824870356342343,1
667,800,0.2,0.895,1.0,0.9167,0.5,1,0.5815308949553976,1
373,462,0.2,0.75,0.75,0.3333,0.5,1,0.510427497719301,1
954,106,0.2,0.915,0.75,0.75,0.75,1,0.5318404041860717,0
339,467,0.2,0.395,0.0,0.1667,0.75,1,0.1621711593647549,1
647,848,0.2,0.85,0.75,0.8333,1.0,1,0.636118571395586,1
48,516,0.4,0.845,0.75,0.4167,0.5,2,0.6530211466831597,1
401,538,0.2,0.635,0.75,0.6667,0.25,1,0.37438970559203966,0
267,779,0.2,0.615,1.0,0.25,0.75,1,0.606968627477815,0
149,375,0.2,1.0,1.0,0.8333,0.5,1,0.6835580607892177,1
337,291,0.4,0.705,0.75,0.9167,0.5,2,0.5787505844147105,1
309,41,0.2,0.985,0.75,0.3333,0.25,1,0.45263921653727196,1
516,905,0.2,0.745,0.75,0.5,0.5,1,0.5576227604245902,0
231,811,0.2,0.885,0.5,0.8333,0.75,1,0.5551276910300074,0
66,750,0.2,0.825,0.5,0.9167,0.75,1,0.5941473737849541,1
459,111,0.2,0.35,0.75,0.9167,0.5,1,0.5408483993694458,0
38,354,0.2,0.735,0.5,0.6667,0.0,1,0.4505329144387138,1
332,109,0.4,0.99,0.5,0.4167,0.25,2,0.42316555635677544,0
724,784,0.2,0.605,1.0,0.4167,1.0,1,0.5649269954365252,0
277,889,0.6,0.505,0.75,0.9167,1.0,3,0.7042406309538531,1
561,153,0.2,0.555,1.0,0.1667,0.25,1,0.40252395403983,1
182,470,0.4,0.295,0.75,0.5,0.0,2,0.4121448297949919,1
607,292,0.6,0.86,0.25,0.4167,0.25,3,0.4069891885099996,0
626,788,0.2,0.915,0.5,0.6667,0.5,1,0.5020885905439534,1
571,997,0.2,0.535,1.0,1.0,0.25,1,0.6114908278330669,1
389,257,0.4,0.85,0.5,0.9167,0.0,2,0.5327335359024334,1
600,521,0.4,0.175,0.5,0.0833,0.5,2,0.4325272470485745,1
391,282,0.2,0.29,1.0,0.75,0.75,1,0.4532119589757303,1
625,417,0.2,0.895,0.5,0.75,0.0,1,0.49248830387590947,1
265,716,0.4,0.805,0.75,0.4167,0.75,2,0.49198286442670264,1
818,30,0.2,0.845,1.0,0.3333,0.75,1,0.5455762708083531,1
857,745,0.2,0.395,0.5,0.9167,1.0,1,0.5464371393269079,1
897,781,0.2,0.875,0.5,0.9167,0.75,1,0.533848765208663,0
408,880,0.2,0.765,0.75,0.5833,0.75,1,0.5991899354031175,0
393,199,0.4,0.635,1.0,0.8333,0.75,2,0.5802134307661734,0
374,626,0.2,0.745,0.25,0.8333,0.5,1,0.45668365108774983,1
453,310,0.2,0.865,0.0,0.5,0.75,1,0.3449061910666895,1
213,251,0.2,0.455,1.0,0.5,0.75,1,0.44666941587892844,1
68,298,0.4,0.84,0.5,0.75,0.75,2,0.5737883604882756,0
373,703,0.2,0.525,0.75,0.75,0.75,1,0.4122179898087539,1
281,589,0.2,0.975,1.0,0.5,0.75,1,0.6208559400412947,0
29,995,0.4,0.455,0.75,0.9167,0.75,2,0.6483092326058291,1
361,688,0.2,0.93,0.25,0.9167,0.5,1,0.3547128611398062,0
745,268,0.2,0.7,0.5,1.0,0.75,1,0.3912411500139819,0
274,219,0.2,0.735,0.25,0.5833,0.75,1,0.3815516743413573,0
955,166,0.2,0.075,0.75,0.8333,1.0,1,0.4786976095670892,1
44,979,0.2,0.61,0.75,0.9167,0.5,1,0.5682126940227019,0
715,103,0.2,0.55,0.5,0.6667,0.5,1,0.40371507924482863,1
790,716,0.2,0.885,0.75,0.9167,0.25,1,0.5932986679327805,1
297,74,0.4,0.955,1.0,0.75,0.25,2,0.6038632041536758,0
87,86,0.2,0.93,1.0,0.4167,0.5,1,0.5183816817902784,0
53,533,0.2,0.43,1.0,0.6667,0.75,1,0.6026015109010567,0
251,153,0.2,0.485,0.5,0.5,0.75,1,0.3915155004060904,1
469,615,0.2,0.85,0.5,0.4167,0.25,1,0.32332678729228714,1
406,374,0.2,0.48,0.0,0.4167,1.0,1,0.22191702343321562,0
293,885,0.2,0.27,1.0,0.9167,1.0,1,0.571502631681437,1
908,847,0.2,0.75,0.75,0.4167,0.75,1,0.5717848588696894,1
134,598,0.4,0.305,0.75,0.9167,1.0,2,0.6293617911098048,0
693,323,0.2,0.68,0.25,0.3333,0.75,1,0.41181976943485277,1
907,941,0.4,0.8,1.0,0.9167,1.0,2,0.7375690732875184,0
40,817,0.2,0.785,0.5,0.5833,0.75,1,0.41064759883231594,1
200,185,0.4,0.34,1.0,0.75,0.0,2,0.45886695203158223,0
72,294,0.2,0.225,0.5,0.75,0.25,1,0.40291581123584114,0
907,299,0.4,0.11,0.75,0.3333,0.0,2,0.452104450311992,1
121,973,0.4,0.815,0.75,0.3333,0.75,2,0.5005511046418337,1
943,89,0.2,0.865,0.75,0.75,0.75,1,0.4922809050765357,0
659,65,0.2,0.765,0.5,0.5,0.75,1,0.441499663100909,0
460,211,0.2,0.425,0.5,0.6667,1.0,1,0.34919744466620894,0
89,555,0.2,0.595,0.5,0.8333,0.75,1,0.5240933925706335,1
778,318,0.2,0.57,1.0,0.5833,0.25,1,0.4730435769863949,0
877,279,0.4,0.98,0.75,0.75,0.75,2,0.7174326295214182,0
899,957,0.2,0.855,1.0,0.75,0.5,1,0.5813485460027233,1
156,151,0.2,0.75,1.0,0.5,0.75,1,0.610699719543992,1
259,813,0.2,0.975,1.0,0.3333,0.5,1,0.4943710314883348,0
662,337,0.2,0.98,0.75,0.75,0.75,1,0.48428830782854065,0
655,83,0.2,0.305,1.0,0.75,0.25,1,0.40916028107238456,0
795,856,0.2,0.8,0.5,0.75,0.5,1,0.5435463932214954,1
695,41,0.4,0.9,0.75,0.5,0.75,2,0.5120410125697257,1
133,213,0.2,0.75,0.75,0.1667,0.75,1,0.5227919424233856,1
662,612,0.2,0.81,1.0,0.5833,0.5,1,0.5107627241855531,1
762,169,0.2,0.945,1.0,1.0,1.0,1,0.760855520023701,0
790,963,0.4,0.73,0.5,0.8333,1.0,2,0.6711580408744344,1
310,197,0.2,0.87,1.0,1.0,0.75,1,0.6915168714287865,1
722,600,0.4,0.975,1.0,0.9167,1.0,2,0.6531969386573109,1
595,684,0.4,0.915,0.75,0.4167,0.25,2,0.6097207997129188,0
31,907,0.2,0.095,1.0,0.9167,0.75,1,0.489948212566463,0
902,991,0.2,0.96,1.0,0.6667,0.5,1,0.5671700402871059,0
880,908,0.4,0.71,0.5,0.6667,1.0,2,0.4987797028397971,0
987,138,0.2,0.53,0.5,0.75,0.25,1,0.45659530599235265,0
326,359,0.2,0.6,1.0,0.8333,1.0,1,0.6413792836966842,1
123,736,0.2,0.815,0.25,0.6667,0.25,1,0.41401959448461645,0
313,316,0.2,0.48,0.5,1.0,0.75,1,0.5441841915497714,1
59,311,0.4,0.62,0.75,0.9167,1.0,2,0.5814296491884943,1
981,300,0.2,0.91,1.0,0.3333,0.75,1,0.49260432285418476,1
488,687,0.2,0.85,0.5,1.0,0.75,1,0.4991931065165542,1
681,528,0.2,0.78,0.75,0.4167,0.75,1,0.410049880995206,1
623,534,0.4,0.91,0.25,0.8333,0.25,2,0.4060956430505323,1
265,608,0.4,0.555,0.5,0.6667,0.5,2,0.4730535470234316,0
787,32,0.2,0.92,0.5,0.5,0.75,1,0.3831753259553051,1
790,817,0.2,0.69,0.75,0.8333,0.5,1,0.5007914076112856,0
778,621,0.2,0.885,0.5,0.5,0.25,1,0.36608126033891314,0
701,415,0.2,0.97,1.0,0.8333,1.0,1,0.6214108451744548,1
568,192,0.4,0.9,1.0,0.9167,0.75,2,0.7065155339795035,1
838,360,0.2,0.8,0.75,0.4167,0.25,1,0.35673086852546326,0
49,171,0.4,0.785,0.75,0.5,0.75,2,0.6525288691519275,1
738,931,0.6,0.97,0.5,0.9167,1.0,3,0.6700721326307049,1
440,850,0.2,0.825,0.75,0.75,0.75,1,0.4859467807186003,1
712,112,0.2,0.63,1.0,0.75,0.5,1,0.6399091381921119,1
785,559,0.2,0.83,0.25,0.5833,0.75,1,0.43392807864053007,0
929,180,0.2,0.995,0.5,0.5833,0.75,1,0.5778988414574181,0
750,707,0.4,0.48,0.25,0.5,0.25,2,0.38862693502317575,1
887,46,0.2,0.665,0.25,0.75,0.75,1,0.33764192858107883,1
995,101,0.4,0.54,1.0,0.75,0.0,2,0.5008716216480669,1
944,998,0.4,0.91,0.25,0.1667,0.75,2,0.4252635902346707,0
906,871,0.4,0.71,1.0,0.75,0.5,2,0.6544261345223574,0
983,754,0.2,0.715,0.5,0.5,1.0,1,0.537007751325165,1
810,732,0.2,0.955,0.5,0.6667,0.75,1,0.5066105567627244,1
389,560,0.4,0.48,0.0,0.3333,0.25,2,0.3672197521472854,0
680,122,0.2,0.985,1.0,0.5,1.0,1,0.5693079085278705,0
476,235,0.2,0.26,0.0,0.75,0.5,1,0.21172200252632747,0
439,29,0.2,0.88,0.75,0.6667,0.75,1,0.45806447727949673,1
371,295,0.2,0.845,0.75,0.5,0.5,1,0.5445758252861718,0
625,436,0.2,0.38,0.75,0.5833,1.0,1,0.4879152989366151,1
17,748,0.2,0.695,0.5,1.0,0.75,1,0.4894451838259891,0
813,263,0.2,0.56,0.75,0.0833,0.25,1,0.4180755608693203,0
198,499,0.2,0.705,0.5,0.75,1.0,1,0.43608583200202367,0
988,977,0.4,0.595,0.75,0.8333,0.75,2,0.5393589077478051,0
937,982,0.2,0.895,0.5,0.5833,0.25,1,0.46588285706563226,0
791,805,0.2,0.68,0.5,0.1667,0.25,1,0.285764004371614,0
855,485,0.2,0.915,1.0,0.8333,0.0,1,0.6340566119639937,1
492,695,0.2,0.955,0.5,0.6667,0.5,1,0.4453066876178959,0
363,331,0.2,0.085,1.0,0.1667,1.0,1,0.5338658190670384,1
626,662,0.2,0.835,0.75,0.9167,0.75,1,0.5669302392440202,0
659,754,0.2,0.6,0.75,0.5833,1.0,1,0.4261291067202454,0
656,55,0.2,0.33,1.0,0.8333,0.25,1,0.39690107254859364,1
95,444,0.2,0.46,0.75,0.8333,0.25,1,0.43224628761753914,1
266,402,0.2,0.405,0.25,0.75,0.0,1,0.18299663083124262,0
528,905,0.2,0.765,0.5,0.75,0.25,1,0.36455473537406646,0
905,890,0.2,0.86,0.5,1.0,1.0,1,0.5816079673959993,0
384,17,0.2,0.88,1.0,0.25,0.25,1,0.5733639138237349,0
458,92,0.4,0.69,0.25,0.5,0.5,2,0.5194100140398827,1
172,318,0.2,0.74,1.0,0.0,0.5,1,0.40497293331593137,1
644,332,0.2,0.685,0.25,0.4167,0.75,1,0.4366526138801171,0
892,568,0.4,0.575,0.5,0.8333,0.75,2,0.4522963207292066,0
697,661,0.2,0.405,0.75,1.0,1.0,1,0.5942576641833313,1
908,752,0.2,0.76,0.25,0.3333,0.75,1,0.4293994179120374,0
618,146,0.2,0.145,1.0,0.5833,0.25,1,0.3384887395748662,1
612,33,0.4,0.61,0.25,0.4167,0.5,2,0.48228475249630653,1
246,691,0.2,0.96,0.5,0.6667,0.5,1,0.4934494074650948,0
244,910,0.2,0.55,0.0,0.75,1.0,1,0.3908972271396648,0
20,327,0.2,0.855,0.5,0.5833,0.75,1,0.3930555941600319,0
997,642,0.2,0.745,0.25,0.75,0.75,1,0.35332669557368335,1
399,413,0.2,0.77,0.75,0.3333,0.75,1,0.5898308148123002,1
811,708,0.2,0.47,0.75,0.5833,0.75,1,0.5373619475883722,1
264,30,0.2,0.805,0.5,0.3333,0.25,1,0.39488574576225555,1
710,351,0.2,0.455,0.75,0.8333,0.5,1,0.4815500996426413,0
879,477,0.2,0.96,0.75,0.9167,0.75,1,0.6267138199351665,1
595,366,0.2,0.68,0.75,0.8333,1.0,1,0.5827819352857608,0
777,633,0.2,0.955,0.25,0.75,0.75,1,0.5054127547289577,0
104,849,0.2,0.925,1.0,0.8333,0.75,1,0.5623114638996471,0
125,70,0.2,0.33,0.75,0.6667,0.75,1,0.48238560492795995,0
568,72,0.2,0.765,1.0,0.3333,0.75,1,0.632636201291019,1
257,175,0.2,0.57,0.75,0.6667,0.75,1,0.5542775703377826,0
623,466,0.2,0.62,0.25,0.8333,0.5,1,0.44067450893046867,0
911,677,0.2,0.97,0.75,0.5,1.0,1,0.627223741763946,1
647,868,0.2,0.14,0.5,0.75,0.25,1,0.2648369249520701,0
573,630,0.2,0.9,0.25,0.75,1.0,1,0.39432574417231064,0
368,105,0.4,0.92,0.75,0.75,0.75,2,0.6619718955478804,1
313,457,0.2,0.335,0.25,0.75,1.0,1,0.4095157568695137,0
394,185,0.4,0.32,0.5,0.6667,0.0,2,0.4091906551501619,1
225,788,0.2,0.64,0.75,0.5833,0.75,1,0.40608031181772136,0
418,493,0.2,0.96,0.75,0.1667,0.25,1,0.392116838663633,0
421,464,0.2,0.905,0.75,1.0,0.5,1,0.621416780081367,1
983,337,0.2,0.905,0.5,0.3333,0.25,1,0.3658254549653699,1
416,69,0.4,0.4,0.75,0.25,0.25,2,0.5268253584589561,0
485,877,0.2,0.83,1.0,0.5833,0.0,1,0.44073046502051166,1
421,493,0.2,0.49,0.5,0.0833,0.75,1,0.37775056087806513,1
164,338,0.2,0.345,0.75,0.0833,0.25,1,0.3168906877501566,0
244,380,0.2,0.95,0.0,0.5833,0.75,1,0.3628824204171057,0
447,474,0.2,0.62,1.0,0.75,0.75,1,0.5836350325780181,0
615,434,0.2,0.625,1.0,0.9167,0.5,1,0.6357974138585525,0
121,128,0.2,0.965,0.5,0.9167,0.5,1,0.43881365428980196,1
50,315,0.2,0.99,0.25,0.5833,0.5,1,0.4862374487119364,0
635,953,0.2,1.0,0.75,0.9167,1.0,1,0.5132821936235982,1
857,2,0.2,0.56,0.0,0.4167,0.25,1,0.14330205142718339,0
783,986,0.2,0.36,0.25,0.8333,0.0,1,0.2934204367685652,0
446,776,0.2,0.755,1.0,0.5833,1.0,1,0.5960944523668753,0
670,290,0.2,0.915,0.25,0.5833,0.25,1,0.352828406398957,0
482,438,0.2,0.75,0.5,0.5833,0.5,1,0.34760035486597285,0
766,39,0.2,0.78,0.5,0.9167,0.75,1,0.41164962660550597,0
301,926,0.2,0.575,0.0,0.4167,0.75,1,0.3685984971030135,1
52,693,0.2,0.6,0.0,0.8333,0.5,1,0.36998726782033553,1
860,657,0.2,0.985,0.75,0.5,0.5,1,0.5122969601209277,0
876,305,0.2,0.96,0.75,0.5,0.0,1,0.5527120013149812,0
50,200,0.2,0.545,0.5,0.75,0.5,1,0.467342750200322,1
937,117,0.2,0.5,0.5,0.9167,0.0,1,0.40909412348479485,0
604,362,0.2,0.88,1.0,0.6667,0.25,1,0.5216128267367431,0
356,408,0.2,0.31,0.75,0.3333,0.5,1,0.403256407612927,0
614,206,0.4,0.255,1.0,0.0,0.75,2,0.4749264475104897,0
21,844,0.2,0.785,0.75,0.9167,0.5,1,0.44664956650000465,0
971,214,0.2,0.815,1.0,0.75,0.75,1,0.5387564993429855,0
53,31,0.2,0.205,0.75,0.8333,1.0,1,0.4164549639605529,0
607,4,0.2,0.86,0.0,0.6667,0.0,1,0.1865939111417208,0
783,190,0.4,0.77,0.75,0.75,0.5,2,0.5225612613796817,0
252,856,0.2,0.925,0.75,0.5833,0.75,1,0.5428381449210405,0
165,73,0.2,0.775,0.75,0.0833,1.0,1,0.4379418285836365,0
403,955,0.2,0.445,0.75,0.9167,0.75,1,0.4843542437082037,0
248,727,0.2,0.94,1.0,1.0,0.75,1,0.5584961658728473,0
33,480,0.2,0.6,0.75,1.0,0.75,1,0.5434589158567152,0
99,807,0.2,0.48,0.75,0.6667,0.75,1,0.5245888220629001,0
526,723,0.2,0.83,0.5,0.9167,0.5,1,0.5210319731396718,1
635,831,0.4,0.76,0.5,1.0,0.25,2,0.5739294833014088,1
921,771,0.2,0.965,0.25,0.0833,0.75,1,0.36239984202616526,0
421,203,0.2,0.67,1.0,0.8333,0.75,1,0.49608663562166283,0
587,387,0.2,0.805,1.0,0.3333,0.75,1,0.4959298904295469,1
284,114,0.4,0.99,1.0,1.0,0.75,2,0.6811176817186638,1
577,621,0.2,0.82,0.25,0.5,1.0,1,0.465098176993954,0
367,300,0.2,0.86,0.5,0.5833,0.5,1,0.4595189817040287,0
675,370,0.2,0.85,0.5,0.9167,0.75,1,0.490812940327964,1
80,143,0.2,0.805,1.0,0.5833,0.75,1,0.600400277325431,0
156,618,0.2,0.375,0.25,0.6667,0.5,1,0.27024193784795403,0
860,33,0.4,0.8,0.75,0.5,1.0,2,0.593417879165204,0
576,777,0.2,0.965,0.5,1.0,1.0,1,0.641500222843029,1
845,306,0.2,0.68,0.75,0.9167,0.75,1,0.5301960499572467,1
947,279,0.2,0.82,0.5,0.8333,0.5,1,0.4486539668097062,0
690,52,0.2,0.555,0.5,0.1667,0.0,1,0.2965087067437612,0
305,560,0.2,0.615,0.0,1.0,0.75,1,0.4067889130667085,1
560,81,0.2,0.155,0.75,0.0833,0.75,1,0.2770154026839348,0
885,389,0.2,0.705,0.0,0.8333,0.0,1,0.22427382375814917,1
892,712,0.2,0.41,0.25,0.8333,1.0,1,0.4675225823497463,0
649,798,0.2,0.38,0.25,0.8333,0.75,1,0.3218315669815581,0
157,853,0.2,0.445,0.25,0.5833,0.75,1,0.25727441226515735,0
904,582,0.2,0.565,1.0,0.6667,0.75,1,0.575492471469157,1
84,322,0.2,0.58,1.0,0.4167,1.0,1,0.4979114522094902,1
629,90,0.2,0.915,0.75,0.5833,0.75,1,0.5568824577416956,1
398,115,0.2,0.81,0.25,0.75,0.5,1,0.29543018634586055,1
782,724,0.2,0.935,0.0,0.5833,0.5,1,0.2505654847440866,0
889,90,0.2,0.985,0.25,0.3333,1.0,1,0.33244794151907864,0
4,895,0.2,0.8,0.0,0.75,0.5,1,0.29795776636424637,0
490,332,0.2,0.18,0.5,1.0,0.5,1,0.4230232968124774,1
879,972,0.2,0.845,0.5,0.6667,0.75,1,0.4636229949424172,0
754,286,0.2,0.42,0.75,0.8333,0.75,1,0.394945727225274,0
69,370,0.4,0.075,1.0,0.9167,0.25,2,0.5626149862095333,0
379,816,0.4,0.21,0.75,0.0833,0.5,2,0.375987625490441,0
418,521,0.4,0.925,0.75,0.9167,1.0,2,0.6291943251515785,0
63,594,0.2,0.43,0.75,0.75,0.5,1,0.37203155858446046,1
599,429,0.2,0.41,0.75,0.5833,0.5,1,0.4213016319881787,1
625,609,0.2,0.315,0.75,1.0,0.75,1,0.46343367530594365,0
914,64,0.2,0.85,0.5,0.3333,0.5,1,0.3682400266791615,1
615,494,0.2,0.525,0.5,1.0,0.5,1,0.35863963135361077,0
636,813,0.2,0.92,0.25,1.0,1.0,1,0.5248631643285446,1
792,223,0.2,0.905,0.75,0.9167,1.0,1,0.610642929180463,0
837,407,0.2,0.855,0.25,0.8333,0.0,1,0.28527614584574196,0
670,656,0.2,0.93,0.75,0.8333,0.25,1,0.46959456593954507,0
329,531,0.2,0.815,1.0,0.3333,0.25,1,0.4975878515901396,0
388,247,0.2,0.745,0.5,0.0833,0.5,1,0.38970316328637433,0
199,415,0.4,0.89,0.75,0.5,1.0,2,0.6970165038251201,1
713,562,0.2,0.9,0.75,0.5833,0.25,1,0.41995588788247085,0
536,263,0.4,0.81,0.5,0.6667,0.5,2,0.51387450447564,1
601,232,0.2,0.885,0.75,0.75,1.0,1,0.595911961546384,0
330,579,0.2,0.575,0.25,0.9167,1.0,1,0.32961714562913025,0
687,860,0.2,0.94,1.0,0.75,0.5,1,0.5589666155371109,1
106,396,0.2,0.885,1.0,0.75,0.25,1,0.5365057567065064,0
819,957,0.2,0.835,0.75,1.0,0.5,1,0.5452560609309889,1
33,85,0.2,0.63,0.75,0.75,0.75,1,0.594035403836033,0
587,691,0.2,0.7,1.0,0.25,1.0,1,0.4809141401461643,0
213,446,0.2,0.825,0.5,0.4167,1.0,1,0.4392991136191362,0
785,353,0.2,0.495,1.0,0.75,0.5,1,0.5704800803348345,1
350,574,0.2,0.99,1.0,0.5,0.75,1,0.6671541629620034,0
870,722,0.2,0.37,0.75,0.25,0.5,1,0.4729984226892975,1
930,50,0.2,0.535,0.0,0.3333,0.5,1,0.27326349380619996,0
629,722,0.2,0.685,0.0,0.75,0.75,1,0.23903859231304128,0
798,454,0.2,0.88,0.0,0.9167,0.5,1,0.27463345484104973,0
530,661,0.4,0.365,0.5,0.8333,0.5,2,0.4286575762867135,0
563,767,0.2,0.51,1.0,0.9167,1.0,1,0.691825731843583,0
330,299,0.2,0.6,0.5,0.75,0.75,1,0.4741026296822377,0
180,23,0.4,0.305,0.5,0.6667,1.0,2,0.5152343261241584,0
782,248,0.2,0.91,1.0,0.5833,0.75,1,0.6439329194390193,1
933,776,0.2,0.95,0.75,0.75,1.0,1,0.6061812290015951,0
266,829,0.4,0.65,0.5,0.5,0.25,2,0.4252577883484756,1
922,297,0.2,0.46,0.5,0.9167,0.25,1,0.36268039379326,1
627,108,0.2,0.87,1.0,0.9167,0.75,1,0.5698527150362623,0
309,918,0.2,0.88,1.0,0.6667,0.0,1,0.4983938610318299,1
870,554,0.2,0.925,0.5,0.5833,0.5,1,0.47991878963034695,1
182,142,0.2,0.32,1.0,1.0,0.0,1,0.44250157100300447,1
591,543,0.2,0.52,0.75,0.8333,0.75,1,0.5888050328296803,0
225,244,0.2,0.615,0.0,0.9167,0.75,1,0.31333152636152156,0
692,672,0.2,0.405,1.0,0.9167,0.75,1,0.5136242434441014,0
127,460,0.2,1.0,0.25,0.8333,0.5,1,0.3810772928255617,1
983,790,0.2,0.87,0.25,0.3333,1.0,1,0.4149803580305914,0
433,722,0.2,0.91,0.25,0.75,0.5,1,0.3764460679366166,1
118,111,0.2,0.595,1.0,0.6667,0.5,1,0.5347419257951328,1
801,740,0.2,0.395,0.75,0.6667,0.75,1,0.42887078278225504,1
745,258,0.4,0.67,0.5,0.5833,0.75,2,0.424595197538917,0
683,759,0.2,0.985,0.75,1.0,0.5,1,0.6648070762178655,0
898,777,0.2,0.8,0.5,0.8333,0.0,1,0.34446772295604616,1
29,91,0.4,0.99,1.0,1.0,0.75,2,0.7237950042595204,1
846,655,0.4,0.965,0.75,1.0,0.25,2,0.6652440453259993,1
173,519,0.2,0.9,0.0,0.5833,0.25,1,0.3797934311756491,1
121,511,0.2,0.785,0.75,0.8333,0.75,1,0.47864039677782544,0
301,457,0.2,0.945,0.25,1.0,0.5,1,0.5257755799310444,0
793,718,0.2,0.515,0.75,0.1667,0.75,1,0.3775036844458275,0
928,185,0.4,0.72,0.75,0.9167,0.25,2,0.5518263775412314,0
106,561,0.2,0.89,0.75,0.4167,0.25,1,0.41179604845774437,1
128,531,0.6,0.425,0.5,0.3333,1.0,3,0.6175799038679356,0
903,693,0.2,0.715,0.75,0.9167,0.5,1,0.580259023457655,1
510,998,0.4,0.775,0.75,0.3333,0.75,2,0.4815155106789562,0
121,794,0.2,0.9,0.5,0.8333,0.5,1,0.5376113459116634,1
37,885,0.2,0.085,1.0,0.0833,0.0,1,0.30802265350596303,1
917,815,0.2,0.955,0.75,0.4167,0.5,1,0.5893949278885642,1
847,279,0.2,0.79,0.75,0.6667,1.0,1,0.5476361586105821,1
374,182,0.2,0.535,1.0,0.3333,0.75,1,0.5496656865433992,0
672,847,0.2,0.03,0.5,0.9167,1.0,1,0.3529601520315275,0
25,979,0.2,0.335,0.5,0.8333,1.0,1,0.5154581382332535,0
297,59,0.2,0.3,0.5,0.75,0.75,1,0.4341219359672581,0
390,754,0.2,0.31,0.25,0.8333,0.75,1,0.2844483143321801,0
998,478,0.2,0.32,0.5,0.6667,0.75,1,0.47555591962649335,1
862,811,0.2,0.845,0.75,0.5833,0.75,1,0.6104683555711242,0
719,635,0.2,0.795,0.5,0.8333,0.75,1,0.503423913359629,1
712,241,0.2,0.245,0.25,0.25,1.0,1,0.3749705162237916,0
268,537,0.4,0.765,0.5,1.0,0.5,2,0.6484409660157849,1
719,516,0.4,0.705,0.5,0.1667,0.5,2,0.49963062515255663,1
554,935,0.2,0.41,0.75,0.6667,0.75,1,0.5527761483830949,1
675,648,0.4,0.62,0.75,1.0,0.75,2,0.5895063464536028,0
600,258,0.2,0.415,0.0,0.3333,0.75,1,0.2658554713330543,0
678,539,0.2,0.6,0.75,0.6667,1.0,1,0.5742228384881173,0
482,68,0.4,0.835,1.0,0.75,1.0,2,0.7514056743013457,1
739,31,0.4,0.755,0.25,0.1667,0.25,2,0.47560658397259553,1
602,605,0.2,0.265,0.5,0.75,1.0,1,0.3707808755792654,0
359,472,0.4,0.285,0.75,0.8333,1.0,2,0.5537382711345921,1
429,604,0.2,0.94,0.25,0.8333,1.0,1,0.5307692009692522,1
250,694,0.2,0.665,0.5,0.9167,0.5,1,0.5258164188128911,0
875,80,0.2,0.81,0.75,0.9167,1.0,1,0.6198672543192052,0
531,556,0.2,0.985,0.75,0.5833,1.0,1,0.6396705077223837,1
220,910,0.2,0.37,0.0,0.6667,0.25,1,0.13157279306882175,0
990,583,0.4,0.79,0.75,0.1667,0.75,2,0.6475298457684847,1
487,93,0.2,0.77,1.0,0.6667,0.25,1,0.48812401372753766,0
360,310,0.2,0.875,0.75,0.8333,1.0,1,0.6626131647284932,0
53,507,0.2,0.49,0.25,0.25,0.75,1,0.2413730617036291,0
933,68,0.2,0.54,0.75,1.0,0.75,1,0.45038366583212225,0
444,583,0.2,0.4,0.0,0.9167,1.0,1,0.4041903498285761,0
740,9,0.2,0.75,0.5,0.6667,0.75,1,0.400710214747855,0
700,185,0.4,0.4,0.75,0.75,1.0,2,0.5995413695343844,0
15,114,0.2,0.68,0.5,0.3333,0.25,1,0.2754817288026018,0
696,622,0.2,0.605,1.0,0.9167,0.5,1,0.5686758484617422,1
233,790,0.2,0.79,0.5,0.9167,0.5,1,0.5552941305201418,1
866,338,0.2,0.99,1.0,0.9167,0.75,1,0.6813760158774015,0
43,506,0.2,0.56,1.0,0.5,0.75,1,0.49422002290775136,1
851,568,0.6,0.88,0.75,0.75,0.75,3,0.7714964479203869,1
933,201,0.4,0.465,1.0,0.6667,1.0,2,0.6521508101245108,1
653,58,0.2,0.795,0.5,0.9167,0.5,1,0.4919995636638289,1
680,77,0.2,0.85,0.75,0.5,0.5,1,0.5126948818744039,0
208,297,0.2,0.59,0.0,0.75,0.75,1,0.3372652636153963,0
757,490,0.2,0.45,0.75,0.8333,0.25,1,0.5274991480279893,1
419,511,0.2,0.57,0.25,0.9167,0.5,1,0.34017934617750795,0
365,187,0.2,0.685,1.0,0.75,0.0,1,0.5484531244471741,0
795,124,0.2,0.545,0.0,0.25,0.5,1,0.30944227617226194,0
922,568,0.6,0.68,1.0,1.0,1.0,3,0.825932696028994,1
537,255,0.2,0.52,0.75,0.75,0.0,1,0.4720106887401745,1
448,231,0.2,0.335,0.75,0.75,0.75,1,0.39274450621636914,1
322,991,0.2,0.865,0.25,0.1667,0.75,1,0.2871715992824455,0
14,608,0.2,0.17,0.0,0.9167,0.0,1,0.13276020106967615,0
69,251,0.4,0.87,0.0,0.4167,0.75,2,0.46156601410840403,1
174,906,0.2,0.75,0.5,0.6667,1.0,1,0.5392093409500249,0
968,945,0.2,0.59,0.5,0.8333,0.5,1,0.34749731123063754,0
27,844,0.2,0.7,0.75,0.75,0.5,1,0.47007144934198825,0
525,329,0.2,0.7,0.25,0.75,0.25,1,0.3203964974913749,0
105,841,0.2,0.82,1.0,0.5833,1.0,1,0.5180023603682187,1
867,334,0.2,0.725,0.5,1.0,0.25,1,0.3633842675958394,0
929,725,0.2,0.825,0.75,0.4167,1.0,1,0.5173717786317794,0
394,868,0.4,0.18,0.0,0.8333,0.25,2,0.2185599790311399,0
454,856,0.2,0.74,0.5,0.8333,0.75,1,0.49172392232221546,0
536,530,0.4,0.215,0.75,0.9167,1.0,2,0.48587482024794765,0
886,934,0.4,0.55,0.5,0.9167,0.25,2,0.5125602423138743,0
223,115,0.2,0.96,0.25,0.6667,0.25,1,0.45474116573797696,1
751,429,0.4,0.49,0.75,0.9167,0.75,2,0.5162138779500336,1
744,264,0.2,0.665,0.75,0.5833,0.0,1,0.35429017424464004,1
216,236,0.2,0.745,1.0,0.8333,0.0,1,0.46276126878457835,1
282,92,0.4,0.81,1.0,0.8333,0.75,2,0.6979454404162818,0
84,45,0.2,0.55,0.5,0.75,0.75,1,0.493007169192208,1
464,230,0.2,0.55,0.75,0.4167,0.25,1,0.4362903140347979,1
844,188,0.2,0.91,1.0,0.8333,0.25,1,0.602858759858081,1
583,611,0.2,0.58,0.5,0.4167,0.75,1,0.48060035292623166,1
760,715,0.2,0.685,0.5,0.8333,0.75,1,0.4600274206119553,0
891,923,0.4,0.45,0.5,0.25,0.0,2,0.2943583212629458,0
351,959,0.2,0.88,0.0,0.5833,0.75,1,0.31416515355625846,1
930,945,0.8,0.565,0.5,0.75,0.5,4,0.6369478480463446,1
601,373,0.2,0.73,0.25,0.75,0.5,1,0.4078421767729119,0
171,990,0.2,0.87,0.5,0.3333,0.5,1,0.4127115292056196,0
115,986,0.2,0.495,0.0,0.8333,0.0,1,0.2172471670187134,0
359,600,0.4,0.875,0.75,0.6667,1.0,2,0.6964122081077846,0
915,153,0.2,0.815,0.5,0.25,0.75,1,0.5139817351701468,0
573,199,0.2,0.67,0.25,0.5833,1.0,1,0.3334996573166147,1
872,357,0.2,0.65,0.75,0.9167,0.75,1,0.5904955685876911,0
307,23,0.2,0.91,0.5,0.9167,0.75,1,0.4769672501503035,0
335,563,0.2,0.895,0.75,0.6667,0.25,1,0.5582127817300226,1
722,321,0.2,0.66,0.5,0.4167,0.75,1,0.323036410605105,1
831,203,0.2,0.305,0.5,0.9167,0.5,1,0.4754012980935076,1
975,590,0.2,0.7,1.0,0.8333,0.75,1,0.6380698303511028,1
787,110,0.2,0.715,1.0,0.8333,0.75,1,0.5976708681966325,1
140,82,0.2,0.88,0.75,0.5,0.25,1,0.48131070514265306,0
706,184,0.2,0.65,1.0,0.9167,0.5,1,0.47843845536313034,1
221,297,0.2,0.545,0.5,0.5,0.5,1,0.31892179051534947,0
478,591,0.2,0.11,0.5,0.8333,0.25,1,0.26395499494436336,0
2,498,0.2,0.695,0.75,0.5,0.75,1,0.440623322109681,1
482,656,0.2,0.825,0.25,0.9167,0.5,1,0.3822182656349358,1
463,276,0.2,0.92,0.5,0.9167,0.75,1,0.4122532086965001,0
133,38,0.2,0.655,0.75,1.0,0.5,1,0.42361374053617684,1
545,15,0.2,0.995,0.0,0.8333,0.25,1,0.4292065825562902,0
72,836,0.2,0.96,1.0,0.6667,0.25,1,0.5127583939963576,0
448,132,0.2,0.59,0.75,0.8333,0.5,1,0.5358319961219289,1
176,734,0.2,0.77,0.75,0.75,0.5,1,0.45587262559739766,0
20,754,0.2,0.885,1.0,0.75,0.5,1,0.5007016069009457,0
179,809,0.2,0.685,0.5,0.4167,1.0,1,0.4870328198969668,1
617,568,0.2,0.795,0.75,0.4167,0.25,1,0.3793290613987788,0
675,800,0.2,0.77,1.0,0.75,0.75,1,0.6006819091924167,1
482,729,0.2,0.91,1.0,0.8333,0.75,1,0.5442348871329026,1
137,510,0.2,0.88,0.5,0.5833,0.75,1,0.5417305176981311,1
933,897,0.4,0.99,0.25,0.75,0.75,2,0.5574828923566522,0
784,271,0.2,0.635,0.0,1.0,0.75,1,0.4211599707034206,0
928,609,0.6,0.52,0.5,0.75,1.0,3,0.639154182957834,0
438,360,0.2,0.95,0.75,0.6667,0.75,1,0.6075685944388736,0
359,900,0.2,0.815,0.75,0.5833,0.75,1,0.5543445774649471,1
435,757,0.2,0.525,0.75,0.8333,0.5,1,0.37961025740795806,1
748,346,0.2,0.81,0.5,0.9167,0.75,1,0.5785065007318343,1
698,365,0.2,0.605,0.75,0.6667,0.75,1,0.5674728776238716,1
605,977,0.2,0.405,1.0,0.8333,0.25,1,0.5384894589224878,0
783,598,0.6,0.42,1.0,0.8333,0.0,3,0.5686757400209212,0
944,209,0.2,0.92,0.0,0.9167,0.5,1,0.3089940646825152,1
282,139,0.2,0.94,0.25,0.25,1.0,1,0.42041897211894425,1
323,829,0.2,0.915,0.5,0.4167,1.0,1,0.4811747197594059,0
546,683,0.4,0.825,0.0,0.0833,0.75,2,0.273804473684309,0
268,397,0.2,0.635,0.25,0.4167,0.75,1,0.333992697578166,1
156,559,0.2,0.73,0.0,0.9167,1.0,1,0.33480540756990823,0
466,791,0.2,0.585,0.75,0.75,1.0,1,0.5793507761844604,1
883,226,0.2,0.655,1.0,0.9167,1.0,1,0.5809661851218424,1
889,879,0.4,0.83,0.5,0.75,1.0,2,0.6237784818358756,0
378,836,0.4,0.485,0.75,0.5833,0.5,2,0.5199705050971042,0
10,313,0.6,0.065,0.0,0.75,0.5,3,0.3450849007806527,0
599,204,0.2,0.695,0.75,0.5,0.5,1,0.42674147188691647,0
66,458,0.2,0.765,0.5,0.75,0.25,1,0.45342856057129066,1
274,243,0.2,0.89,0.75,0.5,0.75,1,0.4519706580725405,1
59,409,0.2,0.785,0.75,1.0,1.0,1,0.6786772027971761,1
274,859,0.2,0.98,0.75,0.5,0.25,1,0.5252259222625,0
819,814,0.2,0.695,0.75,0.8333,1.0,1,0.63244791301139,0
310,111,0.2,0.57,0.75,0.9167,0.75,1,0.5190815033241982,1
699,769,0.4,0.42,1.0,0.9167,0.25,2,0.5644030996170813,0
960,411,0.2,0.305,0.75,0.6667,0.75,1,0.43431570569300837,1
194,193,0.2,0.375,1.0,0.9167,1.0,1,0.5180317572108092,0
326,132,0.2,0.84,1.0,0.6667,0.5,1,0.6467233742552494,0
465,594,0.2,0.35,0.75,0.25,0.25,1,0.34679715360336877,0
449,692,0.2,0.485,1.0,0.6667,1.0,1,0.4757036216905661,1
146,223,0.2,0.52,1.0,0.75,0.75,1,0.5338998845604068,1
382,495,0.2,0.91,0.5,0.0833,0.25,1,0.3346407046992783,0
737,468,0.2,0.645,0.25,0.9167,0.25,1,0.34302506374523717,1
273,549,0.2,0.665,0.5,0.3333,0.0,1,0.4215160564825825,1
382,876,0.2,0.86,1.0,0.5,0.75,1,0.6524433306848555,1
401,221,0.2,0.65,0.5,0.5833,0.75,1,0.5125711888477833,0
148,636,0.2,0.815,0.25,0.25,0.75,1,0.36908295092264476,0
121,168,0.4,0.305,0.75,0.5,0.75,2,0.4464214029918851,1
754,120,0.2,0.575,1.0,0.6667,0.5,1,0.568391879737983,1
718,5,0.2,0.38,0.5,0.4167,0.75,1,0.44728154061313596,0
335,7,0.2,0.99,0.25,0.5833,0.5,1,0.3987957956366511,1
719,536,0.2,0.245,0.5,0.3333,0.25,1,0.39672431297760047,1
161,241,0.2,0.725,1.0,0.5833,0.75,1,0.5744321536176134,1
382,828,0.2,0.595,0.75,0.1667,0.75,1,0.5001891037343364,1
69,523,0.2,0.36,0.75,0.8333,1.0,1,0.46477095761039233,1
747,505,0.2,0.255,0.75,0.6667,1.0,1,0.506154454169452,1
664,159,0.4,0.655,0.25,0.1667,1.0,2,0.42697051750721204,0
878,908,0.2,0.89,0.75,0.0833,0.5,1,0.40197911887521437,1
928,816,0.4,0.655,0.25,0.3333,0.5,2,0.3259290994258983,1
976,980,0.2,0.625,0.75,0.9167,0.75,1,0.624036877340707,1
6,871,0.4,0.29,0.75,0.75,1.0,2,0.6474689352870379,0
443,910,0.2,0.95,0.75,0.9167,0.75,1,0.576084012081681,1
147,743,0.2,0.75,1.0,0.8333,0.75,1,0.6671549284634518,1
981,724,0.2,0.895,0.25,0.75,0.75,1,0.42913514365645633,1
641,666,0.2,0.275,1.0,0.6667,0.5,1,0.4027090150752931,0
985,248,0.2,0.885,0.75,0.6667,0.75,1,0.5060463663616689,1
634,188,0.2,0.455,0.25,0.3333,0.25,1,0.27941114625456803,0
393,199,0.4,0.635,1.0,0.8333,0.75,2,0.7431046124618469,1
753,921,0.2,0.64,1.0,0.5,0.75,1,0.5911046956849857,0
435,404,0.2,0.95,0.5,0.6667,0.75,1,0.39668484215986305,1
988,579,0.4,0.425,1.0,0.6667,1.0,2,0.6306091643919576,1
703,15,0.2,0.36,0.25,0.75,1.0,1,0.4252726546811347,0
941,844,0.4,0.7,0.25,0.75,0.0,2,0.3701280892171249,0
7,840,0.2,0.745,0.25,0.9167,1.0,1,0.3683497259096057,0
710,584,0.2,0.775,0.5,0.5833,0.25,1,0.348811377599658,0
204,178,0.2,0.905,0.0,0.6667,0.25,1,0.23104813080461611,0
836,143,0.4,0.385,0.75,0.8333,0.0,2,0.5664635845279252,1
512,657,0.2,0.33,0.5,0.9167,0.75,1,0.4577708756542217,0
190,991,0.2,0.43,1.0,0.9167,0.75,1,0.4907524474957746,1
95,973,0.2,0.65,0.25,0.9167,1.0,1,0.4981330500127533,1
894,55,0.2,0.325,0.5,0.75,1.0,1,0.4650067295465167,1
822,968,0.2,0.925,0.5,1.0,0.0,1,0.5063509719486143,0
26,725,0.2,0.7,1.0,0.8333,0.75,1,0.5939855721226941,0
396,50,0.2,0.88,0.75,0.75,0.5,1,0.5372553244237429,0
756,589,0.2,0.835,0.75,0.1667,1.0,1,0.436420802431458,1
536,613,0.2,0.6,0.5,0.5833,0.75,1,0.35271110964818747,0
365,137,0.2,0.76,0.25,0.9167,0.75,1,0.37399809935924727,0
499,189,0.2,0.255,0.75,1.0,0.5,1,0.5127070202157569,0
809,545,0.2,0.715,0.25,0.75,0.75,1,0.3529045974744586,0
986,444,0.2,1.0,0.0,0.5833,0.75,1,0.35594876292013405,0
215,257,0.2,0.335,0.5,0.1667,1.0,1,0.32927663005856955,1
598,498,0.4,0.91,1.0,0.4167,0.75,2,0.5857238502377415,0
492,820,0.2,0.75,0.75,0.9167,0.5,1,0.4651408076573998,0
55,104,0.2,0.595,0.5,0.9167,0.75,1,0.3760234378286212,0
482,793,0.4,0.915,0.75,0.1667,0.5,2,0.5447588928797028,0
173,911,0.6,0.305,0.75,0.6667,1.0,3,0.6230679142975527,1
864,46,0.2,0.725,1.0,0.3333,0.75,1,0.5929188951746895,1
931,343,0.2,0.565,0.5,0.8333,1.0,1,0.5066258677562117,0
510,656,0.6,0.74,0.75,0.5,0.5,3,0.5614924657383364,0
877,818,0.4,0.615,0.5,0.4167,0.5,2,0.42449131103516813,1
649,990,0.4,0.655,1.0,0.1667,0.5,2,0.5978097520575,0
623,715,0.2,0.645,1.0,0.5833,0.75,1,0.6028904840971392,1
617,275,0.2,0.695,0.25,0.8333,0.75,1,0.3573255501253404,1
779,436,0.4,0.295,0.5,0.5833,1.0,2,0.5248113491971929,0
97,599,0.4,0.83,0.75,0.75,0.75,2,0.6623270659635763,1
474,714,0.2,0.88,0.75,0.6667,0.75,1,0.46289071906351126,0
109,933,0.4,0.265,0.75,1.0,0.25,2,0.498186868580367,0
405,879,0.2,0.845,0.5,0.75,1.0,1,0.4722149882889174,0
489,819,0.2,0.73,1.0,0.8333,0.25,1,0.6272405078363792,1
562,223,0.6,0.44,0.75,0.9167,1.0,3,0.6162567743023677,1
251,787,0.2,0.235,0.5,0.4167,1.0,1,0.3935885012896765,1
71,36,0.2,0.395,0.75,0.1667,0.75,1,0.32275531184780204,0
296,681,0.4,0.68,0.5,0.0833,0.75,2,0.5405442697159283,1
688,563,0.4,0.84,0.75,0.9167,0.75,2,0.6174678705674355,0
864,911,0.4,0.745,0.75,0.4167,0.75,2,0.49890423780597665,0
334,533,0.2,0.975,0.25,0.8333,0.25,1,0.30945717056325456,1
856,708,0.2,0.585,0.5,0.75,1.0,1,0.5295992348294392,1
90,713,0.2,0.465,1.0,0.4167,0.75,1,0.5631566322418715,0
642,481,0.2,0.925,0.0,0.4167,0.75,1,0.24948972268385322,0
822,436,0.2,0.975,0.75,0.6667,1.0,1,0.534401140505118,1
310,144,0.2,0.625,1.0,0.5833,1.0,1,0.6539961335401574,1
695,535,0.2,0.9,1.0,0.8333,0.75,1,0.5521137402950878,0
225,265,0.2,0.685,0.5,0.5833,1.0,1,0.4056360412918284,0
391,673,0.4,0.5,0.25,0.9167,0.5,2,0.5314529604866001,1
851,446,0.4,0.97,0.75,0.75,0.5,2,0.6759002739675876,1
659,470,0.2,0.71,0.25,0.5833,1.0,1,0.3818726261813734,0
767,162,0.2,0.79,0.0,0.9167,0.5,1,0.31222928279059586,1
659,441,0.2,0.95,0.5,0.4167,0.0,1,0.3957015354746503,1
822,673,0.2,0.56,0.5,0.5833,0.5,1,0.43076014121282846,0
419,93,0.2,0.895,0.25,0.75,0.75,1,0.37476140373547384,1
474,28,0.2,0.63,1.0,0.8333,1.0,1,0.6107568690364279,0
730,891,0.2,0.25,0.0,0.9167,0.0,1,0.3023203190890235,1
394,458,0.2,0.89,0.0,0.3333,1.0,1,0.2693290714550141,0
33,71,0.4,0.575,0.75,0.5,0.75,2,0.6068632401954518,0
338,491,0.2,0.46,0.75,0.8333,0.5,1,0.454263493285213,0
73,676,0.2,0.325,0.75,0.0833,0.75,1,0.3436448075710019,1
568,787,0.2,0.755,1.0,0.8333,0.5,1,0.5007945089436662,0
804,776,0.2,0.47,0.75,0.5833,0.75,1,0.3976676875129488,0
107,814,0.2,0.86,0.75,0.3333,0.25,1,0.5140922288038381,0
290,74,0.2,0.995,0.25,0.5833,1.0,1,0.4477023152195996,1
980,673,0.2,0.7,0.25,0.4167,0.5,1,0.3323836151442074,0
255,990,0.2,0.825,0.5,0.6667,0.5,1,0.48247308249647014,1
820,999,0.2,0.695,0.25,0.0833,0.75,1,0.26153542357161247,0
851,909,0.4,0.865,0.25,0.9167,1.0,2,0.6364607138029499,1
264,492,0.2,0.465,0.5,0.0833,0.0,1,0.212710261356661,0
184,837,0.2,0.94,0.0,0.9167,0.0,1,0.27797003007513543,0
198,966,0.2,0.98,0.75,0.25,0.75,1,0.4281496648474042,1
846,94,0.2,0.855,0.75,0.9167,0.5,1,0.48123130739549247,0
680,751,0.2,0.72,0.25,0.9167,0.75,1,0.4696203666736678,1
798,359,0.4,0.365,0.75,0.5,1.0,2,0.48357789953783636,0
961,751,0.2,0.35,0.75,0.5833,1.0,1,0.52741322875166,1
316,313,0.2,0.48,0.5,1.0,0.75,1,0.39345482532749326,1
808,377,0.2,0.3,1.0,0.4167,0.75,1,0.4116956722534522,0
570,620,0.2,0.41,1.0,0.6667,0.25,1,0.41629836830107925,0
445,446,0.2,0.755,1.0,0.8333,0.75,1,0.6399884252043784,1
329,674,0.4,0.78,0.75,1.0,1.0,2,0.7566790281915441,1
766,215,0.2,0.57,0.25,0.8333,0.75,1,0.485669739963436,1
972,223,0.2,0.895,0.25,1.0,0.25,1,0.39940244092033983,0
642,929,0.2,0.95,0.5,1.0,0.5,1,0.5421812973000697,1
945,251,0.6,0.615,0.5,0.3333,1.0,3,0.6208977492213881,1
497,716,0.2,0.955,1.0,0.6667,0.75,1,0.7140486510602061,1
725,642,0.2,0.775,0.25,0.4167,0.5,1,0.25762541106437364,1
870,9,0.2,0.715,0.75,1.0,0.75,1,0.5416848133446661,1
418,448,0.2,0.205,0.75,0.5,0.5,1,0.4384974919020802,0
91,552,0.2,0.195,0.75,0.8333,0.5,1,0.5300151876421136,1
173,508,0.2,0.505,0.0,0.5833,0.75,1,0.2309214466788881,0
680,450,0.2,0.605,0.75,0.5833,0.75,1,0.43750750940622884,1
587,694,0.2,0.56,1.0,0.75,0.5,1,0.44628457314363396,0
322,559,0.2,0.59,0.75,0.9167,0.75,1,0.48097898190580746,0
712,510,0.2,0.6,0.75,1.0,0.75,1,0.48818213725012555,0
609,22,0.2,0.595,0.75,0.1667,0.75,1,0.5102698960302546,1
846,667,0.2,0.885,1.0,1.0,0.75,1,0.6087429681093521,1
754,484,0.2,0.345,0.25,0.75,0.75,1,0.2940782135555687,0
17,565,0.2,0.945,0.75,0.9167,0.75,1,0.4965197828713465,0
998,458,0.2,0.99,0.75,0.1667,0.25,1,0.5003069541016274,0
788,172,0.2,0.835,1.0,0.75,0.75,1,0.661539811233969,1
849,310,0.2,0.91,0.25,0.4167,0.5,1,0.43476592842333717,0
53,697,0.2,0.175,0.75,0.9167,0.5,1,0.38120461112651294,0
58,162,0.2,0.41,0.0,0.5,0.75,1,0.25359233774417506,0
871,95,0.2,0.675,1.0,1.0,0.75,1,0.5418737051682175,0
76,798,0.2,0.985,0.75,0.9167,0.75,1,0.5380904290112656,0
947,901,0.2,0.805,0.5,0.5833,0.75,1,0.5262346605466126,1
587,605,0.2,0.98,0.75,0.6667,0.25,1,0.5178205557663957,1
247,563,0.2,0.93,0.5,0.1667,0.5,1,0.46953549774364234,1
268,278,0.2,0.6,0.75,0.6667,0.5,1,0.3779061957743909,0
611,93,0.2,0.365,0.5,0.9167,0.25,1,0.4561688310984735,0
853,115,0.4,0.795,0.75,0.5,1.0,2,0.6824774328046939,1
41,504,0.2,0.81,0.75,0.9167,0.75,1,0.5622187874544307,1
918,374,0.2,0.415,1.0,0.6667,0.75,1,0.5738189619904008,1
49,173,0.2,1.0,0.5,0.9167,0.5,1,0.4216949465988105,0
719,146,0.2,0.14,0.25,0.9167,1.0,1,0.3316265909876202,1
277,924,0.2,0.93,0.75,0.1667,0.5,1,0.4980166523122176,0
413,20,0.2,0.47,0.75,0.8333,0.75,1,0.5023851935789907,1
485,835,0.2,0.84,0.5,0.4167,1.0,1,0.522857884492693,0
147,131,0.2,0.385,0.0,0.8333,0.25,1,0.28452298527818176,1
53,258,0.2,0.8,0.25,0.5,0.75,1,0.28763546426796754,0
813,579,0.2,0.625,0.75,0.6667,0.25,1,0.36314299811920586,1
792,307,0.2,0.775,0.5,0.8333,0.75,1,0.4725637316914852,1
248,545,0.4,0.925,0.0,0.5,0.75,2,0.36095482857142386,0
413,162,0.4,0.45,0.5,1.0,0.5,2,0.4182668900594201,0
966,334,0.2,0.985,0.25,0.6667,0.5,1,0.31780488768798126,0
138,755,0.2,0.945,1.0,0.4167,0.0,1,0.5932631018305934,1
394,644,0.2,0.685,0.25,0.8333,0.5,1,0.3559219225730585,0
708,911,0.4,0.37,0.25,0.75,0.75,2,0.3748875430636319,0
107,235,0.2,0.74,0.5,0.8333,0.75,1,0.4595179847443633,0
926,91,0.2,0.975,0.75,0.4167,0.25,1,0.4613906277989248,0
869,314,0.2,0.255,0.75,0.5833,0.75,1,0.3716434129294919,0
810,390,0.6,0.93,0.25,0.75,0.5,3,0.6092179149044684,1
828,405,0.2,0.535,1.0,0.6667,0.25,1,0.4729349861928098,1
342,957,0.2,0.515,0.75,0.3333,0.75,1,0.5526429059658718,0
913,361,0.2,0.82,0.25,0.5833,0.75,1,0.4214848092112943,1
723,678,0.2,0.98,1.0,0.75,0.75,1,0.7084261783504907,1
537,977,0.4,0.87,0.75,0.5,0.0,2,0.48697073486289943,1
453,930,0.2,0.79,1.0,0.5,0.5,1,0.525360030560636,0
92,112,0.2,0.955,0.5,0.9167,0.75,1,0.6064278946349941,0
688,291,0.2,0.54,0.75,0.4167,0.75,1,0.4626819803822031,0
877,908,0.2,0.98,0.75,0.5,0.5,1,0.45716705292712456,1
231,649,0.4,0.52,1.0,0.5833,0.5,2,0.6106660513399281,1
536,813,0.2,0.75,0.75,0.4167,0.75,1,0.4342913795472278,1
860,172,0.2,0.845,0.75,0.1667,1.0,1,0.5232433572076484,0
466,374,0.2,0.76,0.25,1.0,1.0,1,0.5454725194616761,1
69,339,0.2,0.72,0.0,0.9167,0.75,1,0.40068790416532196,1
715,271,0.2,0.875,1.0,0.75,0.5,1,0.5027001311421258,0
590,575,0.4,0.48,0.5,0.5,0.75,2,0.5604211116405136,0
663,811,0.2,0.7,0.75,0.8333,0.75,1,0.5636838104290345,1
589,702,0.2,0.6,0.75,0.25,1.0,1,0.5123795776234442,0
173,889,0.2,0.9,0.0,0.8333,1.0,1,0.38108782057186713,1
527,174,0.2,0.74,0.75,0.9167,0.75,1,0.5270837205631697,1
243,816,0.2,0.94,0.5,0.9167,0.75,1,0.4681019747044195,0
148,491,0.2,0.55,1.0,0.3333,0.75,1,0.6178756154848012,1
416,644,0.2,0.785,1.0,0.75,0.5,1,0.5716733807549775,0
857,671,0.2,0.66,0.0,0.3333,0.25,1,0.29630466730155,1
81,231,0.2,0.305,1.0,0.5833,1.0,1,0.48490107195829324,0
613,502,0.2,0.8,0.0,0.8333,0.0,1,0.18848509624879323,0
461,870,0.2,0.955,0.25,0.8333,0.5,1,0.4688721016201052,1
531,505,0.4,0.885,0.75,0.25,0.75,2,0.5068332238191704,1
753,640,0.2,0.5,0.75,0.75,0.5,1,0.40632219480688886,1
707,490,0.2,0.18,0.75,0.0833,0.5,1,0.396665492367936,0
544,284,0.2,0.13,0.75,0.8333,0.0,1,0.313637790874608,0
439,510,0.4,0.775,0.5,0.75,1.0,2,0.5138322703881468,1
392,783,0.4,0.76,1.0,0.75,0.0,2,0.5303632644338077,1
841,107,0.2,0.59,0.75,0.3333,0.75,1,0.3644362617550402,0
816,656,0.2,0.45,0.75,0.75,0.75,1,0.5606407253016109,1
507,603,0.2,0.81,0.75,0.5,0.0,1,0.35676053973900423,1
715,239,0.2,0.64,0.25,0.75,0.75,1,0.41620317436349213,1
396,219,0.2,0.985,0.75,0.3333,0.5,1,0.540546487976025,1
902,664,0.4,0.595,0.0,0.3333,1.0,2,0.4500624190022837,0
997,156,0.2,0.825,0.25,0.6667,1.0,1,0.3739853618129927,0
10,976,0.2,0.45,0.5,0.4167,0.25,1,0.34543476580050436,1
756,413,0.2,0.57,1.0,0.3333,0.75,1,0.6169451461284643,1
993,371,0.2,0.38,0.5,0.8333,0.75,1,0.4720464272307894,1
432,492,0.2,0.735,1.0,0.5833,0.0,1,0.589327624164764,0
503,90,0.2,0.72,1.0,0.3333,0.5,1,0.6171923703431021,1
678,497,0.2,0.7,0.5,0.6667,0.25,1,0.31455581289679085,0
954,298,0.2,0.73,1.0,0.3333,0.75,1,0.5670868006559334,0
836,591,0.2,0.055,0.75,0.8333,0.75,1,0.3585234587970175,1
546,985,0.2,0.695,0.25,0.5833,0.5,1,0.45417824267604423,0
27,629,0.2,0.755,1.0,0.6667,1.0,1,0.5608866867115351,1
931,357,0.2,0.435,0.5,0.9167,0.0,1,0.3133938691464654,0
365,187,0.2,0.685,1.0,0.75,0.0,1,0.4227271292685898,0
763,941,0.2,0.57,0.75,0.9167,0.75,1,0.5109014199031888,0
649,511,0.2,0.755,0.75,0.0,0.0,1,0.312829432174881,0
556,428,0.2,0.425,0.5,0.75,0.75,1,0.34074376441126264,0
239,626,0.4,0.65,1.0,0.8333,1.0,2,0.716534088953313,0
993,142,0.2,0.13,1.0,0.8333,0.25,1,0.516178663568288,1
800,717,0.2,0.795,0.5,0.5833,0.75,1,0.3639773346838075,0
751,576,0.2,0.91,0.5,0.5833,0.5,1,0.43740268714799446,0
143,458,0.2,0.87,0.25,0.3333,0.0,1,0.25163762981812243,1
948,843,0.6,0.45,0.75,0.8333,0.75,3,0.6773607486140263,0
81,706,0.2,0.285,0.75,0.3333,1.0,1,0.37215720888493,0
766,722,0.2,0.69,0.75,0.9167,0.5,1,0.4969010058400384,0
956,222,0.2,0.485,0.75,0.75,0.75,1,0.5828702807463937,0
411,930,0.2,0.325,1.0,0.5833,0.25,1,0.4355240038734953,1
442,189,0.2,0.535,0.75,0.8333,0.0,1,0.5270693228414599,1
838,165,0.2,0.925,0.5,0.75,0.75,1,0.41566597790230847,1
583,783,0.4,0.96,0.25,0.6667,0.25,2,0.3612567693024486,0
295,524,0.4,0.705,0.75,0.5833,0.5,2,0.49234427341986853,1
493,862,0.2,0.79,1.0,1.0,0.5,1,0.5413825075929616,1
29,476,0.2,0.385,0.25,0.9167,0.75,1,0.39142935443771765,1
630,477,0.2,0.545,1.0,0.3333,0.5,1,0.5589344945236128,0
108,110,0.2,0.68,1.0,0.9167,0.25,1,0.63185446246998,1
998,912,0.2,0.805,0.5,0.1667,0.5,1,0.3193976801899273,1
320,814,0.2,0.735,1.0,0.4167,0.5,1,0.6107623503687399,1
867,990,0.4,0.97,0.75,0.5,0.5,2,0.5284937230876282,1
104,607,0.2,0.825,0.25,0.9167,0.5,1,0.38683614584408743,0
128,464,0.2,0.95,1.0,0.3333,0.5,1,0.5399725471316501,0
110,342,0.2,0.78,0.5,0.75,0.5,1,0.3601512544280697,1
116,931,0.2,0.395,0.0,0.9167,0.25,1,0.3019164286067366,0
162,825,0.2,0.835,0.25,0.75,0.75,1,0.48920546791594943,0
350,297,0.2,0.965,1.0,1.0,0.25,1,0.6044511635709456,1
641,414,0.2,0.195,1.0,0.75,1.0,1,0.5026155752530105,0
22,912,0.2,0.99,0.75,0.1667,0.75,1,0.5827620650474495,0
162,328,0.2,0.655,0.75,0.25,0.75,1,0.5637830993207358,1
702,373,0.4,0.77,0.5,0.9167,0.75,2,0.5800832281100103,0
173,364,0.2,0.825,0.0,1.0,0.75,1,0.4531683646190843,0
472,253,0.2,0.13,1.0,0.25,0.75,1,0.44617763301241886,1
863,461,0.2,0.875,1.0,0.8333,1.0,1,0.6150271216672736,1
810,840,0.2,0.915,0.5,0.6667,0.75,1,0.5796722703831884,1
485,810,0.2,0.515,0.75,0.6667,0.75,1,0.40914613706768826,1
575,453,0.2,0.78,0.5,0.8333,0.75,1,0.38215240639615455,0
908,672,0.4,0.28,0.75,0.5,0.75,2,0.5808233703012677,0
380,149,0.2,0.925,0.25,0.6667,0.75,1,0.3962240010625983,1
873,408,0.2,0.845,0.75,0.3333,1.0,1,0.49419615830679625,1
855,967,0.2,0.875,0.5,1.0,1.0,1,0.6064484711387472,1
782,35,0.2,0.84,0.75,0.9167,0.5,1,0.5936779565446211,1
340,901,0.2,0.825,0.25,0.9167,0.5,1,0.5072156640206537,1
67,377,0.2,0.525,0.75,0.25,0.5,1,0.33448279341501413,0
272,909,0.2,0.81,0.0,0.5,0.25,1,0.19441377243480434,0
584,564,0.2,0.915,0.5,0.75,0.75,1,0.43421285516315944,1
919,404,0.2,0.15,0.25,0.0,1.0,1,0.32824348304863116,0
347,525,0.2,0.575,0.25,0.5,0.25,1,0.3231588984995072,0
625,762,0.2,0.425,0.75,0.25,1.0,1,0.3980548843296754,0
356,363,0.2,0.91,0.25,0.6667,1.0,1,0.39703579496070607,1
352,549,0.2,0.945,1.0,0.5833,0.0,1,0.49053592972258636,1
13,783,0.2,0.75,0.5,0.6667,0.0,1,0.41720434596381645,1
839,243,0.2,0.32,0.5,1.0,0.25,1,0.47311068568422376,1
512,601,0.2,0.865,1.0,0.6667,1.0,1,0.6655781422359603,1
707,108,0.2,0.78,0.75,0.25,0.25,1,0.5298555082637608,0
532,471,0.2,0.895,1.0,0.4167,0.25,1,0.45489661739891973,0
173,507,0.2,0.865,1.0,0.3333,0.75,1,0.6542531493454896,1
912,961,0.2,0.765,0.75,1.0,0.75,1,0.48952987301001394,1
910,103,0.2,0.22,0.5,0.8333,0.25,1,0.2656795176595654,0
323,351,0.2,0.305,0.25,0.9167,0.75,1,0.3242717830901236,0
390,584,0.2,0.52,0.75,0.75,0.5,1,0.41217248606151446,1
194,642,0.4,0.53,0.25,0.4167,0.75,2,0.4984016494803958,1
411,68,0.2,0.58,1.0,0.9167,0.75,1,0.4847933316053097,0
13,689,0.6,0.865,0.25,0.9167,0.75,3,0.6666974246777533,1
347,706,0.2,0.76,0.75,0.6667,0.5,1,0.5388623009310001,0
873,141,0.2,0.285,0.5,0.75,0.25,1,0.3394432311659781,0
227,138,0.2,0.52,0.75,0.5833,0.25,1,0.3703930958349615,0
225,903,0.2,0.37,0.25,0.75,0.5,1,0.25600549341480716,0
66,22,0.2,0.98,1.0,0.4167,0.75,1,0.5714812928950566,0
727,470,0.4,0.555,0.75,0.5833,0.25,2,0.44776939560256174,1
770,3,0.2,0.935,1.0,0.5833,0.75,1,0.5533269198465403,0
669,211,0.2,0.975,0.75,0.5833,0.25,1,0.466513421544377,1
749,383,0.2,0.875,0.75,0.5,0.75,1,0.4571233383276904,1
860,289,0.2,0.925,1.0,0.9167,0.75,1,0.6092795157922429,0
346,504,0.2,0.975,1.0,0.9167,0.25,1,0.6316194243895858,1
391,185,0.2,0.22,0.75,0.9167,0.0,1,0.32812599365744977,0
674,635,0.2,0.85,1.0,0.4167,0.25,1,0.4657599320949486,0
992,756,0.2,0.98,0.75,0.3333,0.5,1,0.5727947455119844,0
548,703,0.2,0.85,0.25,0.75,0.5,1,0.34877037792563154,1
5,827,0.2,0.605,0.0,0.3333,0.5,1,0.18091775397612836,0
416,746,0.4,0.815,0.25,0.8333,0.5,2,0.4835449530797185,1
367,408,0.2,0.895,0.75,0.5,0.5,1,0.5919800226916305,1
364,173,0.2,0.825,0.0,1.0,0.75,1,0.389073841869295,1
669,32,0.2,0.92,0.5,0.5,0.25,1,0.42403293274715875,0
507,189,0.2,0.59,0.75,0.0833,0.0,1,0.4495774006178044,0
102,688,0.2,0.89,0.75,0.75,0.75,1,0.4530946993910089,1
354,91,0.4,0.925,0.75,0.5,0.0,2,0.5406186439369867,1
566,832,0.2,0.985,0.5,1.0,0.25,1,0.45097708749771837,1
618,520,0.2,0.47,0.75,0.9167,1.0,1,0.59782925114781,0
944,474,0.4,0.88,0.5,0.4167,0.5,2,0.4749393559110813,1
789,787,0.2,0.595,0.75,0.8333,1.0,1,0.5806054184798285,0
23,508,0.2,0.285,0.5,0.6667,0.75,1,0.38982261885925795,1
714,122,0.2,0.745,0.25,0.75,1.0,1,0.3704014253599921,0
151,128,0.2,0.805,0.75,0.5833,0.75,1,0.5966296800763911,1
818,934,0.2,0.645,1.0,0.9167,0.75,1,0.518635236076444,1
342,111,0.2,0.975,0.25,0.8333,0.75,1,0.5294490375435836,0
916,758,0.2,0.69,0.75,0.3333,0.5,1,0.3745935526936474,0
729,187,0.2,0.95,0.75,0.8333,0.75,1,0.5069685339147165,1
379,925,0.2,0.935,1.0,0.8333,0.75,1,0.5788350794500866,1
68,127,0.2,0.96,1.0,0.75,0.75,1,0.5796433043373654,1
880,406,0.2,0.655,0.25,0.75,0.75,1,0.48032436876674967,0
107,568,0.2,0.975,1.0,0.9167,0.25,1,0.6403284116178929,0
443,390,0.2,0.115,0.75,0.5,0.75,1,0.43194620109528425,1
580,390,0.4,0.085,0.0,0.8333,0.75,2,0.39624463961708933,0
269,198,0.2,0.94,0.0,0.5,0.75,1,0.25125827050726035,0
906,509,0.4,0.45,1.0,0.5833,0.75,2,0.6606412540493551,1
626,214,0.2,0.825,0.75,0.5833,0.5,1,0.5211713401255438,0
126,508,0.2,0.74,0.5,0.8333,0.75,1,0.4825268095450044,0
608,367,0.2,0.725,0.25,0.9167,0.25,1,0.3287176246935766,1
732,58,0.2,0.98,0.75,0.5,1.0,1,0.6520968627984982,1
538,975,0.2,0.51,0.25,0.5,1.0,1,0.43170601893823185,1
762,700,0.2,0.95,1.0,0.8333,0.0,1,0.4563483194331082,0
727,225,0.4,0.675,1.0,0.5,0.75,2,0.7268351527757302,1
470,356,0.2,0.13,1.0,0.9167,0.25,1,0.405214803775028,0
330,511,0.2,0.98,0.75,0.5,0.25,1,0.5723938840824274,1
381,268,0.2,0.695,0.5,0.75,0.75,1,0.3701955194781055,0
199,533,0.2,0.92,1.0,0.75,1.0,1,0.6967887244575156,1
309,596,0.2,0.85,0.0,0.9167,0.5,1,0.44573560468839013,0
410,681,0.2,0.72,0.5,0.8333,0.75,1,0.43738784113927465,0
84,475,0.2,0.845,0.75,0.8333,0.5,1,0.5846368361694139,1
415,989,0.2,0.945,0.75,0.5833,0.0,1,0.5668947661396426,0
608,14,0.2,0.17,0.0,0.9167,0.0,1,0.22766901100128167,0
600,845,0.2,0.765,0.0,0.9167,0.25,1,0.3959895780840821,1
292,112,0.2,0.65,1.0,0.6667,1.0,1,0.6020073630440822,0
775,310,0.2,0.625,0.25,0.5,0.75,1,0.2991658743466269,1
333,208,0.2,0.975,0.25,0.6667,0.75,1,0.34893002368442133,1
661,991,0.2,0.98,0.75,0.0833,1.0,1,0.5242267533532003,1
78,760,0.2,0.925,1.0,0.6667,0.75,1,0.7068326217952459,0
852,981,0.2,0.795,0.75,0.8333,0.5,1,0.4622040458754319,0
298,786,0.2,0.895,0.75,0.8333,0.5,1,0.6121132058103842,1
150,788,0.2,0.89,0.25,0.75,0.75,1,0.41140924455551003,1
490,995,0.4,0.325,0.5,0.75,0.75,2,0.40195770122289487,1
327,412,0.4,0.98,0.5,0.4167,0.75,2,0.513558868533739,1
605,885,0.2,0.89,0.25,0.6667,0.75,1,0.35020973924730336,0
449,455,0.2,0.7,0.0,0.5,1.0,1,0.39282484406706575,1
396,378,0.2,0.985,1.0,0.6667,0.5,1,0.5295260075435873,0
838,446,0.2,0.6,1.0,0.9167,0.25,1,0.4576680594425464,1
58,103,0.2,0.95,0.5,0.8333,0.5,1,0.5148474486891709,1
309,788,0.2,0.705,0.75,0.5,0.25,1,0.3552571043174277,1
537,972,0.2,0.435,0.5,0.5833,1.0,1,0.34776343424819,0
747,635,0.2,0.925,0.75,0.6667,0.75,1,0.5382063127385684,0
278,725,0.2,0.72,1.0,0.75,1.0,1,0.5433574893750092,0
242,933,0.2,0.34,0.5,0.6667,0.75,1,0.48574446363893553,0
232,802,0.4,0.69,0.75,0.9167,0.25,2,0.48920617465735106,1
332,186,0.2,0.145,0.5,0.5,0.25,1,0.33368991116601243,0
721,969,0.2,0.43,0.5,0.0833,0.5,1,0.41850265480288107,0
325,159,0.2,0.645,0.75,0.9167,0.75,1,0.530280231898557,0
10,932,0.2,0.055,0.5,0.6667,0.25,1,0.33857256345810915,0
475,414,0.2,0.88,1.0,0.5,0.25,1,0.57619370667442,1
754,687,0.2,0.9,0.75,1.0,1.0,1,0.651861262496567,0
896,672,0.2,0.765,1.0,0.75,0.5,1,0.5840316360597024,1
587,844,0.2,0.65,0.75,0.5,1.0,1,0.4642729426130732,0
282,311,0.2,0.87,0.5,0.9167,0.75,1,0.5094216943882459,1
566,478,0.4,0.18,0.75,0.75,0.25,2,0.3781126781392551,0
742,644,0.2,0.735,0.75,0.9167,1.0,1,0.5508228380109016,0
951,95,0.4,0.65,0.75,0.5833,1.0,2,0.571903395485703,0
966,785,0.2,0.575,1.0,0.5,0.25,1,0.43789209466847656,0
55,275,0.2,0.455,0.75,0.9167,0.75,1,0.48281209950360804,1
443,878,0.2,0.71,0.75,0.25,0.5,1,0.50472548051931,1
389,223,0.6,0.92,0.25,0.9167,0.75,3,0.6230385512093938,0
629,597,0.2,0.455,0.0,0.6667,0.5,1,0.27235430302520675,1
703,659,0.2,0.335,0.75,0.5833,1.0,1,0.38847698144175324,0
461,610,0.2,0.86,1.0,0.4167,1.0,1,0.5087991102327721,0
972,324,0.2,0.345,0.0,0.6667,1.0,1,0.3055381247376473,0
638,119,0.2,0.55,0.5,0.8333,0.25,1,0.3308356246407871,0
92,4,0.2,0.885,0.25,0.8333,0.5,1,0.42523013420983735,1
330,642,0.2,0.745,0.25,0.75,0.75,1,0.45354930633753066,1
902,100,0.2,0.725,1.0,0.4167,1.0,1,0.5567974254334674,0
166,858,0.2,0.905,0.25,0.6667,0.25,1,0.383634961804765,0
523,489,0.2,0.81,0.75,0.4167,0.5,1,0.4075134460814821,0
529,138,0.2,0.995,0.5,0.1667,0.75,1,0.5101424524427561,1
645,483,0.2,0.72,0.0,0.8333,0.25,1,0.20285712889173957,0
116,232,0.2,0.465,0.5,0.5,1.0,1,0.3812351918140034,1
590,655,0.2,0.79,0.75,0.8333,0.5,1,0.5363936370125564,0
138,691,0.2,0.84,0.5,0.1667,0.0,1,0.3613404489156832,0
426,286,0.2,0.995,0.0,0.9167,0.25,1,0.43429264729094835,1
828,792,0.2,0.545,0.5,0.8333,0.75,1,0.4532731776440879,0
834,225,0.2,0.955,0.75,0.75,0.75,1,0.56747171558397,0
805,30,0.2,0.92,0.0,0.5,0.75,1,0.3256653777736092,0
121,571,0.2,0.77,1.0,0.6667,0.75,1,0.4974971075349902,1
956,462,0.2,0.87,0.75,0.8333,0.5,1,0.6074231059607123,1
43,976,0.2,0.74,0.75,0.75,0.75,1,0.5339824426900689,0
958,48,0.2,0.405,1.0,0.6667,0.0,1,0.3939057182419179,0
832,187,0.2,0.575,0.75,0.6667,0.0,1,0.361667212984615,1
69,624,0.2,0.265,1.0,0.25,0.75,1,0.4090819404454338,1
975,773,0.2,0.465,0.25,0.9167,1.0,1,0.3424260768555389,0
90,46,0.2,0.4,0.75,0.9167,1.0,1,0.42866952400398417,1
179,743,0.2,0.955,0.75,0.75,0.5,1,0.4827238361363543,0
91,996,0.2,0.64,0.75,0.9167,0.0,1,0.38052300463079053,0
316,543,0.2,0.95,0.5,0.5,0.75,1,0.509411383926644,1
374,406,0.2,0.48,0.0,0.4167,1.0,1,0.2183654157473782,1
303,598,0.2,0.47,0.5,1.0,1.0,1,0.49689264954509005,1
325,801,0.2,0.105,0.75,0.9167,0.5,1,0.39600701655085574,1
129,94,0.2,0.21,1.0,0.8333,0.75,1,0.4756863596227,0
970,302,0.2,0.925,0.75,0.5,0.75,1,0.4648030606820347,0
871,677,0.2,0.205,0.25,0.3333,1.0,1,0.22881620535218788,0
685,161,0.2,0.85,0.75,0.9167,0.75,1,0.4719390474375149,1
393,146,0.2,0.69,0.5,0.1667,0.25,1,0.3251370385963009,0
461,681,0.4,0.905,1.0,1.0,0.75,2,0.6767931344469013,1
414,269,0.2,0.76,0.5,0.3333,1.0,1,0.5479576917636364,1
466,273,0.2,0.935,0.75,0.4167,0.75,1,0.5106287525590046,1
880,790,0.8,0.88,0.25,0.6667,0.5,4,0.6978396237488824,1
2,857,0.2,0.56,0.0,0.4167,0.25,1,0.16348946057736358,1
523,111,0.2,0.785,0.5,0.9167,0.75,1,0.4131037135556962,0
705,118,0.2,0.975,0.5,0.5,0.25,1,0.39868751309620415,1
444,355,0.2,0.2,0.75,0.4167,0.5,1,0.4412497765608862,0
837,389,0.2,0.98,1.0,0.4167,1.0,1,0.6652395403939979,1
125,186,0.2,0.865,1.0,0.9167,0.75,1,0.7233782406951141,1
955,413,0.2,0.14,1.0,0.75,0.25,1,0.5210061681202129,1
419,605,0.2,0.89,1.0,0.5,0.75,1,0.5298654054999912,0
303,766,0.2,0.95,0.5,0.3333,0.25,1,0.33519003764882577,1
227,681,0.2,0.85,0.25,0.5833,0.75,1,0.386455649008423,0
415,739,0.2,0.79,0.25,0.9167,0.0,1,0.37125721539748857,1
570,859,0.2,0.85,0.75,0.1667,0.25,1,0.41107167969162584,1
586,988,0.4,0.81,0.25,0.3333,0.25,2,0.4386454445584606,1
236,223,0.2,0.525,0.75,0.6667,0.25,1,0.49984556838183736,1
457,155,0.2,0.62,1.0,0.3333,1.0,1,0.5622953745696423,1
768,625,0.2,0.4,0.75,0.1667,0.75,1,0.37128258944982023,0
442,421,0.2,0.94,0.5,0.25,0.25,1,0.3653849557982882,0
864,958,0.2,0.895,0.75,0.5833,1.0,1,0.607214696811393,0
988,701,0.2,0.74,1.0,0.6667,0.25,1,0.45106557452805757,1
134,419,0.2,0.835,0.75,0.3333,0.5,1,0.3815325442486217,0
836,490,0.4,0.965,1.0,0.4167,0.25,2,0.5230415288131072,1
635,2,0.4,0.735,0.5,0.9167,0.75,2,0.5034157277502348,1
946,945,0.2,0.53,0.5,0.4167,0.5,1,0.3221371484943741,1
916,739,0.2,0.755,0.75,0.9167,0.5,1,0.6059188912263807,1
977,202,0.2,0.895,1.0,1.0,1.0,1,0.5900938300917989,1
946,960,0.2,0.985,0.25,0.75,1.0,1,0.4713892899907458,1
482,43,0.4,0.785,0.25,0.5,1.0,2,0.4318188826415607,0
373,62,0.4,0.945,0.75,1.0,0.75,2,0.7055658548741446,1
335,580,0.2,0.505,0.25,0.9167,1.0,1,0.40444280261878396,0
220,480,0.2,0.275,0.0,0.6667,0.75,1,0.19491129718884137,0
616,960,0.2,0.515,0.75,0.9167,0.0,1,0.3933625954936452,0
790,971,0.2,0.68,0.5,0.6667,0.5,1,0.41315274962000437,1
9,785,0.2,0.69,0.75,0.6667,0.5,1,0.5586191539826284,1
108,976,0.2,0.745,1.0,0.9167,0.25,1,0.5615863094121585,1
860,79,0.6,0.495,0.75,0.25,0.75,3,0.6770199374416223,1
252,583,0.2,0.73,0.25,0.1667,1.0,1,0.2725879663108061,1
139,712,0.2,0.925,0.75,0.75,0.5,1,0.487391482882304,1
414,747,0.2,0.975,0.75,0.5833,0.75,1,0.5695146352782371,0
94,836,0.4,0.985,0.75,0.5833,0.25,2,0.645610679314635,1
711,340,0.2,0.65,1.0,0.8333,0.5,1,0.5462598227814901,1
133,169,0.2,0.23,1.0,0.8333,0.5,1,0.5011045995132782,1
315,919,0.2,0.48,0.5,0.5,0.25,1,0.40694348679067605,1
227,49,0.2,0.475,0.75,0.75,1.0,1,0.5094410074727568,1
242,319,0.2,0.535,0.75,0.5,0.5,1,0.3626393052787812,1
168,554,0.2,0.715,0.75,0.75,0.25,1,0.49432479144308067,1
341,70,0.2,0.845,0.5,0.0833,0.5,1,0.46000913308969504,1
91,736,0.2,0.905,0.25,0.5,0.25,1,0.3255474017321238,0
722,82,0.4,0.25,0.75,0.5833,0.75,2,0.4207410440113795,1
34,393,0.2,0.96,0.25,0.5,1.0,1,0.40586896476261847,0
677,39,0.2,0.31,0.75,1.0,0.75,1,0.5632504236710248,0
217,700,0.2,0.945,0.5,0.5,0.25,1,0.37552408972542894,1
186,734,0.2,0.98,1.0,1.0,0.5,1,0.6890346564760983,0
531,889,0.8,0.53,0.25,0.1667,0.5,4,0.5949199065047599,0
879,668,0.2,0.87,0.5,1.0,1.0,1,0.598574018799914,1
860,52,0.2,0.295,0.5,1.0,0.5,1,0.3845740243451716,0
406,621,0.2,0.53,0.75,0.9167,0.75,1,0.43920610191746057,1
67,691,0.2,0.98,0.5,1.0,0.75,1,0.5873210052122358,1
104,167,0.2,0.73,0.75,0.5833,0.5,1,0.39058786765602266,1
525,713,0.2,0.965,0.25,0.6667,0.25,1,0.33291676622419236,0
129,561,0.2,0.92,0.75,0.0,0.0,1,0.32975457920525175,1
989,277,0.6,0.345,1.0,0.6667,0.25,3,0.6117324959640941,0
482,595,0.2,0.67,1.0,0.8333,0.75,1,0.6872472359453311,1
376,846,0.2,0.895,1.0,0.8333,0.5,1,0.6863437772543808,1
684,143,0.2,0.395,0.5,0.3333,1.0,1,0.4385233741534582,0
818,295,0.4,0.91,0.25,0.4167,0.5,2,0.5331342049439547,1
822,800,0.2,0.485,1.0,0.8333,0.5,1,0.5743551894090214,0
328,904,0.2,0.165,0.75,0.8333,0.5,1,0.3592493823864792,0
596,806,0.2,0.775,1.0,0.6667,0.75,1,0.5788946452809751,0
77,670,0.4,0.625,0.25,0.1667,1.0,2,0.33471969365603305,0
586,753,0.2,0.62,0.75,0.75,0.75,1,0.5688034653761098,1
922,731,0.2,0.89,0.75,0.9167,0.75,1,0.5619552643208418,1
377,151,0.2,0.53,0.25,0.75,0.25,1,0.3929168856057738,0
423,119,0.2,0.865,0.5,0.3333,0.5,1,0.47588696779086204,0
752,992,0.2,0.97,0.75,0.4167,0.25,1,0.40707112009134383,1
461,640,0.2,0.335,0.75,0.75,1.0,1,0.5509378406192708,1
554,887,0.4,0.94,0.5,1.0,0.25,2,0.6350760873093402,0
591,670,0.8,0.235,0.25,0.8333,1.0,4,0.5012888161621971,1
374,650,0.2,0.32,1.0,0.3333,0.75,1,0.49536461755405997,0
130,74,0.2,0.995,0.75,0.5,0.75,1,0.5774639082758855,1
760,36,0.6,0.48,0.75,1.0,0.75,3,0.7395001990144202,1
909,854,0.2,0.575,0.5,0.5,1.0,1,0.5230774461815949,1
120,623,0.2,0.405,0.25,0.6667,0.75,1,0.3288386644711421,0
79,840,0.4,0.93,0.5,0.25,0.75,2,0.4591310364754425,1
215,521,0.2,0.94,0.5,0.0833,0.75,1,0.4783200381005557,0
684,757,0.2,0.425,0.5,0.9167,0.0,1,0.2995333386268585,0
702,145,0.2,0.855,0.5,0.3333,0.75,1,0.34404461669938946,1
943,212,0.2,0.66,0.75,0.8333,0.75,1,0.5953144598461753,1
945,922,0.2,0.815,1.0,0.75,0.5,1,0.5115515262082622,0
535,727,0.2,0.555,0.5,0.4167,0.5,1,0.43497206778088554,1
921,831,0.2,0.11,1.0,0.8333,1.0,1,0.47246749310956804,0
281,265,0.2,0.88,0.75,0.75,0.75,1,0.6034543292726422,0
790,357,0.2,0.715,0.5,0.9167,0.0,1,0.40374156273708034,0
440,329,0.2,0.695,0.5,0.4167,0.5,1,0.38484715341375436,1
465,301,0.2,0.975,0.5,0.25,0.75,1,0.5299884299761799,1
800,63,0.2,0.83,0.5,0.9167,1.0,1,0.558600166638356,0
791,222,0.2,0.72,0.75,0.25,0.75,1,0.5358701093249094,1
240,690,0.2,0.99,0.5,0.8333,0.25,1,0.3730715599538404,1
5,73,0.2,0.67,0.75,0.75,0.25,1,0.3681778866384391,0
444,148,0.2,0.315,0.75,0.25,0.5,1,0.4689934786466854,0
255,151,0.2,0.98,0.75,0.8333,1.0,1,0.6124787897011433,1
683,247,0.2,0.775,0.5,1.0,0.25,1,0.527846991671493,1
495,907,0.2,0.3,0.25,0.0833,1.0,1,0.2294461455152683,0
319,851,0.2,0.93,0.75,0.9167,0.75,1,0.5237539407238985,1
794,287,0.2,0.5,1.0,0.4167,0.75,1,0.568902662084422,1
763,198,0.6,0.97,0.75,1.0,0.75,3,0.7361288868522814,1
258,269,0.2,0.71,1.0,0.9167,0.75,1,0.6750989735621159,1
805,214,0.2,0.905,0.5,1.0,0.25,1,0.36796265834013336,1
221,38,0.2,0.835,0.5,0.8333,0.75,1,0.5571323569469817,0
477,23,0.2,0.81,0.75,0.25,0.75,1,0.5329145315526346,1
182,264,0.2,0.595,0.5,0.9167,1.0,1,0.5121889668721293,0
484,262,0.2,0.535,0.5,0.8333,1.0,1,0.5136144554317497,1
177,446,0.2,0.95,0.5,0.5,0.25,1,0.4621572939323582,1
383,563,0.2,0.35,0.0,0.8333,0.25,1,0.24706174241602474,0
418,500,0.2,0.94,1.0,0.9167,0.75,1,0.7039120070285756,1
299,701,0.2,0.99,0.75,0.8333,0.0,1,0.4045772778694186,1
695,749,0.2,0.95,0.75,0.9167,0.75,1,0.5129458523714479,1
767,114,0.2,0.19,0.5,0.9167,1.0,1,0.5247925859710786,1
166,985,0.4,0.48,1.0,0.75,0.75,2,0.60295873068192,1
103,36,0.2,0.345,0.75,0.5,0.5,1,0.44074074979712546,0
897,816,0.4,0.32,1.0,0.8333,0.75,2,0.5477578252075306,1
340,548,0.4,0.74,1.0,0.8333,0.5,2,0.6279063910849827,1
260,954,0.2,0.72,0.75,0.5833,1.0,1,0.49134498700410806,0
236,347,0.2,0.595,0.75,0.6667,1.0,1,0.5387694749153991,1
802,47,0.2,0.34,1.0,0.8333,0.0,1,0.4660217375557427,1
77,800,0.2,0.825,0.75,0.75,0.75,1,0.557737338431163,0
539,678,0.2,0.6,0.75,0.6667,1.0,1,0.5118882202081343,0
47,323,0.2,0.43,0.5,0.75,0.75,1,0.3928451093450799,0
948,83,0.4,0.96,0.5,0.75,0.75,2,0.5823426394931892,1
405,883,0.2,0.85,0.25,0.8333,0.75,1,0.39870578960513775,0
134,397,0.2,0.93,0.75,0.9167,0.75,1,0.6537786478822928,0
823,991,0.2,0.665,0.75,0.1667,0.75,1,0.488268299040145,1
648,137,0.2,0.86,0.75,0.4167,0.75,1,0.5380501161756797,1
755,25,0.2,0.515,0.0,0.5833,0.25,1,0.19242132973492937,0
847,727,0.2,0.49,0.5,0.5,0.5,1,0.443375527268692,1
509,269,0.4,0.445,0.25,0.8333,0.75,2,0.477865396980133,1
554,24,0.2,0.7,0.75,0.75,0.75,1,0.4852109215102479,1
656,106,0.2,0.635,1.0,0.6667,0.75,1,0.5769495877416765,1
408,420,0.2,0.7,0.75,0.1667,0.75,1,0.4925992959679075,0
482,104,0.6,0.91,0.75,0.8333,1.0,3,0.7078763778337893,1
948,680,0.2,0.625,0.75,0.8333,0.75,1,0.5829320317675518,1
573,811,0.2,0.73,0.25,0.75,0.25,1,0.40949463614138965,1
703,971,0.2,0.9,0.75,0.8333,0.5,1,0.5519591330838909,0
352,336,0.2,0.855,0.0,0.75,0.0,1,0.251482751876922,0
591,106,0.4,0.67,0.5,0.6667,0.5,2,0.44583986505436835,1
676,899,0.6,0.575,0.75,1.0,0.0,3,0.6832124157294251,1
679,711,0.2,0.26,1.0,0.4167,0.75,1,0.49584720312704267,1
905,863,0.4,0.985,0.25,0.8333,0.25,2,0.47585804583213354,1
234,168,0.4,0.185,0.75,0.75,0.0,2,0.38984956063451487,1
730,659,0.6,0.91,1.0,0.4167,0.0,3,0.6514776776207205,1
951,803,0.2,0.665,0.5,0.75,1.0,1,0.48635592289313767,0
284,983,0.2,0.58,0.75,0.9167,0.0,1,0.5112351484365755,0
907,587,0.2,0.15,0.5,0.1667,0.0,1,0.1523922856069811,0
952,286,0.4,0.83,0.75,0.5,0.75,2,0.6622573047533434,0
176,447,0.2,0.345,0.75,0.8333,0.25,1,0.429684679458273,0
316,457,0.2,0.855,0.75,0.75,0.75,1,0.5390443387195052,0
530,159,0.2,0.365,0.5,0.4167,1.0,1,0.45588398855789025,0
935,477,0.2,0.88,0.75,0.5,1.0,1,0.6398430883684001,0
5,339,0.2,1.0,1.0,0.9167,0.0,1,0.5730376018156016,1
473,793,0.4,0.91,0.5,0.3333,0.0,2,0.5080437958602825,0
71,903,0.2,0.965,0.25,0.9167,0.75,1,0.552036543292752,0
223,857,0.2,0.47,0.75,0.5,0.5,1,0.5322391652673141,1
106,926,0.2,0.565,0.25,0.6667,0.5,1,0.43773237072106597,1
657,20,0.2,0.83,1.0,1.0,0.5,1,0.5395383788723566,0
751,851,0.2,0.73,1.0,1.0,0.75,1,0.649471821791336,1
870,905,0.2,0.845,1.0,0.8333,0.75,1,0.7016057370018882,0
83,960,0.4,0.955,0.5,0.8333,0.75,2,0.6314818348046614,1
21,857,0.2,0.32,1.0,0.8333,0.75,1,0.4371288460093984,0
598,134,0.4,0.305,0.75,0.9167,1.0,2,0.611806333808661,0
637,992,0.2,0.68,0.75,0.5833,0.25,1,0.44709428636563403,1
883,958,0.2,0.39,1.0,1.0,0.5,1,0.5397722928666238,0
112,670,0.4,0.7,0.25,0.5833,1.0,2,0.42160626165908766,1
299,493,0.2,0.215,0.75,0.25,1.0,1,0.488803187143118,0
980,945,0.2,0.655,0.75,1.0,0.5,1,0.5920140326249543,1
472,579,0.2,0.99,1.0,0.5833,1.0,1,0.5442535437213618,1
306,531,0.4,0.845,1.0,0.0833,0.5,2,0.5648324400144793,0
33,79,0.4,0.695,0.5,0.75,0.75,2,0.5298447278132552,0
995,92,0.4,0.725,0.25,0.6667,0.5,2,0.41227305203412334,1
232,524,0.2,0.6,0.5,0.3333,0.75,1,0.4041674156793146,0
293,920,0.2,0.37,0.5,0.9167,0.0,1,0.2635372096782553,0
101,800,0.4,0.87,0.5,0.8333,0.5,2,0.4503834380814283,1
920,503,0.2,0.52,0.75,0.1667,0.75,1,0.41943123373123425,0
351,847,0.2,0.845,0.5,0.5833,0.75,1,0.5034332238074023,1
565,830,0.2,0.975,0.75,0.8333,0.0,1,0.44689887219624186,0
400,599,0.4,0.115,0.5,0.5833,0.25,2,0.47368892723225575,1
860,695,0.2,0.94,1.0,0.75,1.0,1,0.5734716472759436,1
667,411,0.2,0.895,0.5,0.5833,0.75,1,0.5320796203459508,1
347,258,0.2,0.815,0.75,0.3333,0.5,1,0.47259477266403394,0
661,395,0.4,0.66,0.75,0.25,1.0,2,0.6669418152196338,0
922,912,0.2,0.945,0.75,0.8333,0.25,1,0.6084047861790494,1
175,603,0.2,0.555,1.0,0.9167,0.25,1,0.4359309171435249,1
788,782,0.2,0.935,0.75,0.6667,0.5,1,0.6137784006169926,0
543,4,0.2,0.915,1.0,0.5,0.5,1,0.6102713574041863,1
656,368,0.2,0.64,0.75,0.9167,0.75,1,0.6078462311091549,0
699,896,0.2,0.275,0.25,0.9167,0.75,1,0.30343247575253335,0
495,797,0.2,0.445,0.75,0.6667,0.75,1,0.45687833757655355,0
659,441,0.2,0.95,0.5,0.4167,0.0,1,0.42041357773306853,0
591,456,0.2,0.66,0.75,0.75,0.75,1,0.4864139805026871,0
48,246,0.2,0.785,0.25,0.75,0.5,1,0.29751497583043296,1
948,350,0.2,0.31,0.25,0.5833,0.5,1,0.39730399896483215,0
947,818,0.2,0.775,0.75,0.5,0.75,1,0.48416099823179226,0
26,600,0.2,0.265,0.25,0.3333,1.0,1,0.32608938156914963,1
416,478,0.4,0.73,0.5,0.75,0.0,2,0.440871606952639,0
66,218,0.2,0.735,1.0,0.5833,0.5,1,0.6389733456006935,1
635,31,0.2,0.835,0.5,0.1667,0.5,1,0.48184925686028496,1
59,607,0.2,0.935,0.5,0.8333,0.5,1,0.4493266471408281,0
9,303,0.2,0.915,0.25,1.0,0.5,1,0.5256168946615403,1
596,114,0.2,0.14,0.5,0.5,0.75,1,0.4122367165855244,0
73,362,0.2,0.48,0.5,0.25,0.25,1,0.30655723060110207,1
64,580,0.4,0.265,1.0,0.75,1.0,2,0.6996456844822645,1
892,370,0.2,0.3,0.0,0.9167,0.25,1,0.20098112245301547,0
586,293,0.6,0.38,0.75,0.25,1.0,3,0.672226580742153,1
97,750,0.2,0.88,0.0,1.0,0.0,1,0.36311556954947377,0
155,644,0.4,0.74,1.0,0.75,1.0,2,0.6779048125335768,1
873,993,0.2,0.13,0.25,0.5833,0.5,1,0.32416170659290955,0
277,911,0.2,0.9,0.5,0.4167,1.0,1,0.4856989379493274,0
671,525,0.2,0.695,1.0,0.6667,0.75,1,0.5650380474031531,1
602,583,0.4,0.475,0.75,0.3333,0.5,2,0.5597924820180865,1
74,800,0.2,0.72,0.5,0.75,0.5,1,0.41504360147243546,0
875,97,0.4,0.605,0.5,1.0,0.25,2,0.41831869282894585,1
822,460,0.4,0.735,0.75,1.0,0.25,2,0.5300146022539008,0
689,649,0.4,0.98,0.25,0.9167,0.75,2,0.5182677839112052,1
426,534,0.2,0.165,0.25,0.75,1.0,1,0.2595768549388209,1
931,264,0.2,0.955,0.5,0.25,0.0,1,0.3440410172092684,0
44,889,0.2,0.79,0.25,1.0,0.5,1,0.49289915476006696,1
566,673,0.2,0.58,0.0,0.75,0.75,1,0.3984344595271745,0
252,666,0.2,0.59,0.75,0.5,0.5,1,0.35632756306968183,1
101,191,0.2,0.325,0.0,0.5,0.25,1,0.2325550764166238,0
218,169,0.2,0.995,0.75,0.9167,0.75,1,0.6249984726529051,0
307,475,0.2,0.835,0.5,0.6667,0.0,1,0.3745960621913719,0
355,306,0.2,0.52,0.5,0.6667,1.0,1,0.4538683340854975,1
345,687,0.2,0.9,1.0,0.5833,1.0,1,0.6801265421720402,0
736,104,0.2,0.735,0.25,1.0,0.75,1,0.4975709831455084,1
908,408,0.4,0.475,0.75,0.9167,0.75,2,0.6519020409623795,0
846,91,0.2,0.995,0.75,0.9167,0.25,1,0.5172021244998085,0
717,200,0.2,0.75,0.5,0.9167,0.75,1,0.5273834414220846,1
313,50,0.2,0.615,1.0,0.5,1.0,1,0.5466775654073063,0
239,375,0.2,0.885,1.0,0.75,0.5,1,0.6574360713742102,1
860,770,0.2,0.79,0.5,0.9167,0.75,1,0.5407294244361519,1
232,182,0.4,0.62,0.5,0.75,0.75,2,0.5267318457923212,1
249,154,0.4,0.29,0.5,0.9167,0.5,2,0.5679046292968082,1
169,638,0.2,0.215,0.75,0.5,0.75,1,0.4170204672853127,1
429,915,0.2,0.83,1.0,0.6667,0.75,1,0.6885475273605492,1
874,648,0.2,0.575,0.75,0.3333,1.0,1,0.509585773446899,0
569,773,0.2,0.705,1.0,0.8333,1.0,1,0.5648827444065256,1
899,656,0.4,0.525,0.5,0.8333,0.0,2,0.49058130882572326,0
881,811,0.2,0.245,0.5,1.0,0.75,1,0.37421691716690986,1
426,693,0.2,0.69,0.0,0.6667,0.5,1,0.3531789809224515,0
292,5,0.2,0.815,0.25,0.9167,0.75,1,0.3784663321328543,1
126,643,0.2,0.135,0.75,0.8333,0.75,1,0.34794677989497047,1
659,336,0.2,0.72,1.0,1.0,1.0,1,0.5688895838655949,1
601,135,0.2,0.985,1.0,0.8333,0.75,1,0.680119284873134,1
151,414,0.2,0.725,0.5,0.4167,0.75,1,0.3531169343635698,1
836,241,0.2,0.135,0.5,0.5833,0.25,1,0.2654241991561768,1
941,740,0.4,0.925,0.5,0.6667,0.25,2,0.5372925217873399,0
865,976,0.2,0.69,1.0,0.9167,0.5,1,0.5654519590305214,1
637,79,0.2,0.95,0.25,0.5,0.5,1,0.4375941564322252,0
698,59,0.2,0.79,0.5,0.8333,0.75,1,0.5606386758100822,0
309,535,0.2,0.815,0.5,1.0,0.75,1,0.5909129001974065,0
523,599,0.4,0.76,0.5,0.9167,0.5,2,0.5409616496172229,1
368,144,0.4,0.515,1.0,1.0,0.5,2,0.6878305687347204,1
494,953,0.2,0.495,0.75,1.0,0.75,1,0.512597447372951,1
166,497,0.2,0.285,0.5,0.75,0.0,1,0.24886325699046022,1
51,513,0.2,0.68,0.5,0.6667,0.75,1,0.37428015098549605,0
715,829,0.6,0.515,0.25,0.25,0.75,3,0.5722367843424013,0
114,913,0.4,0.63,0.75,0.5833,0.5,2,0.5758047295613715,1
250,857,0.2,0.96,0.0,0.4167,0.75,1,0.4302823577282848,0
454,190,0.2,0.125,0.0,0.8333,0.75,1,0.1785416382155824,1
972,977,0.2,0.565,0.75,0.9167,0.0,1,0.5193187294310551,1
841,445,0.2,0.47,0.75,0.9167,1.0,1,0.5299807822687792,1
804,86,0.2,0.905,0.25,0.6667,1.0,1,0.495138631552133,1
383,614,0.2,0.16,0.25,0.0,1.0,1,0.3102083126431131,0
421,951,0.2,0.705,1.0,0.4167,0.25,1,0.5198707720781146,0
641,571,0.2,0.08,0.75,0.8333,0.25,1,0.3548003246667678,0
328,901,0.2,0.43,1.0,1.0,1.0,1,0.5708143725793942,0
735,161,0.2,0.49,0.0,0.5833,1.0,1,0.2981695121405417,0
188,392,0.4,0.99,0.5,0.3333,0.25,2,0.5701617631748275,1
948,946,0.2,0.9,0.25,0.8333,0.5,1,0.5008884609847655,1
602,18,0.2,0.59,1.0,0.9167,0.75,1,0.49880232371108996,1
685,83,0.2,0.92,1.0,1.0,1.0,1,0.6666799740192236,0
580,58,0.2,0.09,0.0,0.9167,0.5,1,0.19988089969842626,0
615,798,0.2,0.425,1.0,0.9167,0.25,1,0.5921775781398543,1
879,739,0.4,0.835,0.75,0.5,0.25,2,0.6217281595879863,1
13,24,0.4,0.705,0.75,0.6667,1.0,2,0.5205694386465477,1
79,142,0.2,0.8,0.25,1.0,0.75,1,0.514221377888758,1
434,864,0.2,0.98,0.0,0.3333,0.5,1,0.27294590387173057,0
43,59,0.2,0.885,0.75,0.75,1.0,1,0.6618263748924671,1
244,765,0.2,0.57,0.75,1.0,0.5,1,0.4797122825532303,0
767,352,0.2,0.35,1.0,0.8333,0.75,1,0.5487355703853528,1
352,672,0.2,0.83,0.0,0.8333,0.25,1,0.2371504873110769,1
435,555,0.2,0.875,0.5,0.4167,0.75,1,0.4399822452272172,0
190,263,0.2,0.11,1.0,0.0833,0.75,1,0.39493835376360154,0
323,406,0.2,0.345,0.25,0.8333,1.0,1,0.4359666218148988,1
181,160,0.2,0.39,1.0,0.25,0.0,1,0.4397931016815785,1
816,350,0.2,0.29,1.0,0.3333,0.75,1,0.4272292597914701,0
421,389,0.2,0.97,0.5,0.8333,0.75,1,0.48999455597582703,0
349,812,0.2,0.51,1.0,0.8333,1.0,1,0.6285258188622624,1
531,613,0.4,0.595,0.25,0.8333,0.25,2,0.5049484264285146,0
760,170,0.2,0.955,1.0,0.5,0.5,1,0.631409464364675,0
103,696,0.2,0.77,0.5,0.6667,0.25,1,0.3473486392097711,0
420,612,0.2,0.66,0.75,0.9167,0.0,1,0.5268821846219671,0
50,655,0.2,0.745,0.75,0.3333,0.5,1,0.3963992997606182,1
206,399,0.2,0.405,0.5,0.1667,0.25,1,0.25924201335551,0
154,239,0.2,0.955,1.0,0.6667,0.75,1,0.5811955462496345,0
994,759,0.2,0.675,0.75,0.1667,0.75,1,0.4844494007106651,1
629,937,0.2,0.705,0.75,0.9167,0.5,1,0.4783280569968478,1
109,209,0.2,0.86,0.5,0.5833,0.0,1,0.32199150383637587,0
83,773,0.2,0.75,0.5,0.8333,1.0,1,0.5736142446395203,1
583,722,0.2,0.75,0.0,0.0833,1.0,1,0.2216953653943054,0
557,882,0.2,0.81,1.0,0.75,0.25,1,0.6300074919138389,1
603,464,0.2,0.9,0.5,0.5,0.25,1,0.3975817521706683,0
945,922,0.2,0.815,1.0,0.75,0.5,1,0.6358606551273138,0
471,912,0.2,0.865,1.0,0.0833,0.5,1,0.46563588872322564,0
271,659,0.2,0.91,0.0,0.75,0.0,1,0.302439501894031,0
595,625,0.2,0.845,0.5,0.4167,0.75,1,0.4224762193123982,0
379,669,0.4,0.98,0.75,1.0,0.75,2,0.7144312362967058,0
841,490,0.2,0.325,0.75,0.1667,0.75,1,0.5022977565346152,0
646,934,0.2,0.185,0.0,0.5,0.75,1,0.17170804056590788,0
799,509,0.6,0.48,1.0,0.6667,0.75,3,0.7370332209028918,1
817,233,0.2,0.9,0.75,0.9167,1.0,1,0.5410710732659711,1
571,252,0.2,0.395,0.5,0.6667,0.25,1,0.43936769489919936,0
605,93,0.2,0.995,0.25,0.75,1.0,1,0.4204843508683588,1
115,268,0.2,0.815,0.0,0.9167,0.5,1,0.2819801282649123,0
309,584,0.2,0.775,0.75,0.75,0.25,1,0.5012364490856359,1
931,969,0.2,0.88,0.75,0.75,0.5,1,0.5183633818380677,0
843,267,0.2,0.68,0.75,0.25,0.5,1,0.3529532928493555,1
378,669,0.2,0.515,0.75,0.0833,0.5,1,0.47363202342551913,1
391,932,0.2,0.03,0.75,0.5,0.75,1,0.3677749644097813,1
944,617,0.2,0.425,0.25,0.25,0.75,1,0.30048698188474665,1
546,931,0.2,0.94,0.0,0.3333,0.25,1,0.2590983049300256,0
268,499,0.2,0.385,0.5,0.75,1.0,1,0.5235319168970997,1
273,327,0.2,0.885,0.75,0.4167,0.25,1,0.36978402915905884,1
511,189,0.2,0.7,0.75,1.0,0.0,1,0.5627349721020435,0
913,621,0.2,0.925,0.5,0.5,0.25,1,0.4027236924497246,0
415,258,0.4,0.44,0.0,0.9167,0.5,2,0.4393623467564215,1
375,497,0.2,0.565,1.0,0.8333,0.75,1,0.5962859729017889,1
620,894,0.2,0.915,1.0,0.5833,0.75,1,0.5904675980476876,1
836,633,0.2,0.865,0.5,0.9167,0.75,1,0.4947332672417645,0
111,945,0.2,0.66,0.75,0.8333,1.0,1,0.6461860267791011,0
406,687,0.2,0.97,0.5,0.5833,0.25,1,0.49229905605789637,0
681,828,0.2,0.825,0.0,0.9167,0.5,1,0.41561841224269114,1
258,386,0.2,0.93,0.75,0.75,0.5,1,0.6158680858263195,0
441,702,0.2,0.53,1.0,1.0,0.5,1,0.5836965256160828,0
366,186,0.2,0.585,0.75,0.6667,0.25,1,0.4567395970631327,0
719,884,0.2,0.995,0.25,0.4167,0.75,1,0.5058146634202451,0
277,128,0.2,0.4,1.0,0.75,0.5,1,0.46099048429474343,1
124,942,0.2,0.425,0.75,0.8333,0.75,1,0.4993060966808023,1
791,40,0.2,0.115,0.75,0.5,1.0,1,0.39494456044924847,0
730,699,0.4,0.255,0.25,1.0,1.0,2,0.5489368597334712,0
868,401,0.2,0.875,1.0,0.5,0.75,1,0.5371893189381659,1
132,151,0.2,0.965,0.75,0.8333,0.25,1,0.42363305087799535,0
182,264,0.2,0.595,0.5,0.9167,1.0,1,0.5836956476297849,1
835,160,0.2,0.525,0.25,1.0,1.0,1,0.41110221721400897,0
141,756,0.2,0.735,0.75,0.5833,0.5,1,0.4550263412416091,1
251,211,0.2,0.26,0.25,0.8333,0.75,1,0.26325195376907684,1
30,692,0.2,0.915,0.0,1.0,0.75,1,0.4908412973701717,1
992,847,0.2,0.54,0.75,0.5,0.75,1,0.49702495852561984,1
990,562,0.2,0.595,0.75,0.5833,0.75,1,0.5282083865591449,0
661,979,0.2,0.505,0.75,0.9167,0.5,1,0.39112644834044186,1
377,844,0.2,0.595,1.0,0.5,0.25,1,0.5887488897079036,1
459,77,0.2,0.835,0.75,1.0,0.25,1,0.43262136135555096,0
885,997,0.2,0.55,0.75,0.5833,0.25,1,0.47121492154590494,1
750,655,0.2,0.79,0.25,0.8333,1.0,1,0.4883769624006425,1
568,591,0.6,0.33,0.75,0.5,0.25,3,0.5172958402239228,0
159,719,0.2,0.395,0.75,0.8333,0.25,1,0.516813145942973,0
723,426,0.2,0.74,0.75,0.9167,0.0,1,0.5050024001045481,0
343,225,0.2,0.92,0.5,0.75,0.5,1,0.4473000573306377,0
68,313,0.2,0.405,0.0,0.8333,1.0,1,0.32816233711934867,0
935,747,0.6,0.91,0.75,0.75,0.5,3,0.7027219758830427,1
511,254,0.2,0.75,0.0,0.8333,0.0,1,0.3170015761163418,0
279,956,0.2,0.355,0.75,0.6667,1.0,1,0.4008559492341721,1
670,243,0.2,0.32,0.5,1.0,0.25,1,0.4401304867853837,0
253,507,0.2,0.695,0.0,1.0,0.5,1,0.4281618971276173,0
314,245,0.2,0.565,0.75,0.75,1.0,1,0.502306793190109,0
41,589,0.2,0.62,1.0,0.9167,0.75,1,0.6228509941197731,1
299,745,0.2,0.75,0.75,0.5,0.25,1,0.5369861513060442,0
789,510,0.2,0.925,0.75,1.0,1.0,1,0.6202034114492571,0
644,930,0.4,0.695,0.75,0.6667,0.5,2,0.5593441226763141,1
788,170,0.2,0.735,0.75,0.75,1.0,1,0.560660558809837,1
870,82,0.4,0.88,1.0,0.6667,0.25,2,0.5472747494657775,1
770,939,0.2,0.04,1.0,0.0833,0.5,1,0.4900552164665409,0
903,466,0.2,0.66,1.0,0.8333,0.25,1,0.5611106736419454,1
963,237,0.2,0.66,0.75,0.0833,0.0,1,0.38831684775201214,0
135,733,0.2,0.6,1.0,0.75,0.5,1,0.4909764635715186,1
711,170,0.2,0.95,0.5,0.6667,0.75,1,0.43526287155608645,1
1000,192,0.2,0.385,0.5,0.5,0.75,1,0.4504049573860299,1
811,174,0.2,0.315,0.5,0.75,1.0,1,0.46964689488905487,0
671,677,0.2,0.715,0.0,0.25,0.25,1,0.162358564283955,0
505,355,0.2,0.25,0.75,0.8333,0.25,1,0.31560185078480574,0
689,883,0.4,0.955,0.25,0.5,0.75,2,0.5202973965178288,1
495,600,0.2,0.805,0.25,0.0,0.25,1,0.3732960305594212,1
138,199,0.2,0.95,0.75,0.25,1.0,1,0.45139578538725306,0
359,866,0.2,0.965,0.75,0.4167,1.0,1,0.5910190379290543,1
714,133,0.2,0.355,1.0,0.3333,0.75,1,0.43246309830276564,0
379,63,0.4,0.46,0.25,0.6667,0.75,2,0.3593055346060982,1
575,169,0.2,0.915,0.75,0.9167,0.75,1,0.6297399394197608,0
658,713,0.2,0.365,0.75,0.9167,0.5,1,0.41039096163466326,1
123,61,0.2,0.915,0.5,0.1667,1.0,1,0.4050193453982461,1
402,623,0.2,0.895,0.0,0.5833,0.25,1,0.28091393155796307,1
757,339,0.2,0.94,0.75,1.0,0.0,1,0.46528440132575566,0
811,469,0.2,0.3,0.75,0.75,1.0,1,0.5866786744864645,0
953,722,0.2,0.87,0.25,0.3333,1.0,1,0.3611779586544042,1
395,739,0.2,0.34,0.25,1.0,0.75,1,0.42237597073740263,0
561,177,0.2,0.75,0.5,0.25,0.0,1,0.3742680305255384,1
700,620,0.2,0.555,0.5,0.75,0.0,1,0.4003594590518902,1
534,356,0.2,0.92,0.5,0.75,0.75,1,0.3978137667571965,1
348,266,0.4,0.735,0.75,0.5,1.0,2,0.5372161122231436,1
887,671,0.2,1.0,0.75,0.5833,0.0,1,0.5616960611852408,1
109,119,0.2,0.57,1.0,0.5833,1.0,1,0.6342295091309856,0
316,19,0.2,0.705,0.5,0.6667,0.25,1,0.41853696746512214,1
113,246,0.2,0.985,0.75,0.5,0.5,1,0.47145270312532594,0
560,906,0.2,0.53,0.25,0.0833,0.5,1,0.19431273237038865,1
373,659,0.2,0.81,1.0,0.3333,0.75,1,0.514995291904253,1
490,459,0.2,0.315,1.0,0.9167,0.75,1,0.45572448394898596,0
206,662,0.2,0.46,0.25,0.5,0.75,1,0.345785006634315,0
192,465,0.2,0.545,1.0,0.25,0.5,1,0.46621130006016065,0
798,288,0.2,0.885,0.75,0.1667,1.0,1,0.5912208138392289,0
973,347,0.4,0.585,0.75,0.1667,1.0,2,0.5269494806150011,1
287,990,0.2,0.715,0.5,0.5833,1.0,1,0.47747562753825046,1
743,98,0.2,0.81,0.0,0.6667,0.75,1,0.40454798812726117,0
971,678,0.2,0.54,0.75,0.5833,0.75,1,0.580686389070996,1
73,899,0.2,0.75,0.5,0.0833,0.25,1,0.32318145860559394,0
608,732,0.4,0.985,0.75,0.5833,0.5,2,0.5372759378385269,1
263,386,0.2,0.76,0.25,0.0833,0.25,1,0.290021123357371,0
1,487,0.2,0.735,0.75,0.5,0.5,1,0.5058437998142702,1
150,427,0.2,0.71,0.5,0.5,0.0,1,0.45124203391099454,0
819,824,0.2,0.715,0.75,0.9167,0.75,1,0.47393568280592696,0
30,835,0.2,0.9,0.0,0.9167,0.25,1,0.3026726163080369,0
217,209,0.2,0.895,0.75,1.0,0.75,1,0.5205374450336224,0
766,603,0.2,0.75,0.5,0.75,0.25,1,0.32926365467918484,0
454,725,0.2,0.555,0.75,0.9167,0.25,1,0.43520376672633193,0
279,181,0.2,0.515,0.5,0.6667,0.75,1,0.45671586128795516,0
848,219,0.4,0.74,0.25,0.5,0.5,2,0.43995830483998294,1
377,815,0.2,0.535,0.75,0.6667,0.75,1,0.4076014524548004,1
35,232,0.2,0.69,0.75,0.8333,1.0,1,0.4761506538106985,0
582,206,0.2,0.67,0.25,0.5833,1.0,1,0.36426788655780074,0
512,825,0.2,0.645,1.0,0.8333,0.25,1,0.5983009238026811,1
853,398,0.2,0.985,0.5,0.25,0.5,1,0.353726496315668,0
44,326,0.2,0.925,0.5,0.9167,1.0,1,0.5524187952387589,0
679,309,0.2,0.77,1.0,0.5,0.75,1,0.6511856745164363,1
571,46,0.2,0.085,0.75,0.8333,0.75,1,0.3528221458917465,0
227,507,0.2,0.61,0.25,0.6667,0.25,1,0.32156887243280496,0
41,993,0.2,0.795,0.75,0.8333,1.0,1,0.527245412017444,1
325,230,0.2,0.725,1.0,0.5833,0.0,1,0.5279506637013751,1
436,197,0.2,0.76,0.75,0.75,0.5,1,0.4452586978052149,0
644,229,0.2,0.69,1.0,0.9167,0.75,1,0.6010250236854695,0
473,841,0.2,0.89,1.0,0.8333,0.5,1,0.6649405239181952,1
59,838,0.2,0.93,1.0,0.9167,0.5,1,0.6957786526198144,1
491,395,0.4,0.745,0.75,1.0,0.75,2,0.6637702220433888,1
732,264,0.2,0.725,0.75,0.8333,0.5,1,0.5944481000875059,1
750,932,0.2,0.65,0.5,0.4167,0.25,1,0.4545658847684486,1
645,370,0.2,0.745,1.0,0.3333,0.0,1,0.43820753589105643,0
563,826,0.2,0.81,1.0,0.9167,0.75,1,0.7175129615763838,1
347,536,0.2,0.695,0.75,0.6667,0.75,1,0.5307219222905339,1
850,911,0.2,0.82,0.75,1.0,1.0,1,0.5096239604306232,1
614,622,0.2,0.445,0.25,0.0833,0.75,1,0.3693343813015858,0
91,676,0.2,0.855,0.75,0.25,1.0,1,0.5608292771257218,0
462,904,0.2,0.875,0.75,0.4167,0.25,1,0.39011428402055726,1
461,795,0.2,0.81,0.0,0.8333,0.25,1,0.3701199473445649,0
991,677,0.2,0.77,0.0,0.0833,0.5,1,0.2706096646223208,1
26,666,0.2,0.4,0.75,1.0,0.5,1,0.474604093982312,1
394,467,0.4,0.185,0.0,0.75,0.25,2,0.19315669059903523,1
94,167,0.2,0.23,0.75,0.9167,0.75,1,0.48182870447314774,0
176,133,0.2,0.75,0.5,0.25,0.5,1,0.4304695468203817,0
87,376,0.2,0.18,0.5,0.4167,0.75,1,0.3192403817418667,1
472,329,0.2,0.685,0.25,0.9167,0.25,1,0.2801910607430888,0
674,587,0.2,0.74,1.0,0.3333,0.0,1,0.4888198514125796,1
417,176,0.2,0.895,0.75,0.9167,0.0,1,0.47590403424067634,0
615,973,0.2,0.8,0.0,0.9167,1.0,1,0.3007331482802576,0
356,809,0.2,0.155,1.0,0.75,0.75,1,0.4706295709571223,0
844,255,0.2,0.915,0.5,0.9167,1.0,1,0.4675764082321574,0
116,592,0.2,0.855,0.5,0.9167,0.75,1,0.585748138894696,1
94,909,0.2,0.485,0.75,0.75,1.0,1,0.563160659678535,0
390,286,0.4,0.89,0.0,1.0,1.0,2,0.5607251389720751,0
278,525,0.2,0.33,0.25,0.9167,0.75,1,0.36679500274390964,0
943,698,0.2,0.77,0.25,0.9167,0.5,1,0.3957765161675736,0
267,848,0.2,0.805,1.0,0.6667,0.75,1,0.6351747657527529,1
419,49,0.2,0.815,0.75,0.75,0.75,1,0.5146630300039378,1
631,154,0.2,0.925,0.75,0.5,0.5,1,0.4505474095076063,1
762,68,0.2,0.765,0.25,0.75,0.5,1,0.29983615163094157,0
342,51,0.2,0.355,0.25,1.0,0.5,1,0.3499366671920184,0
621,952,0.2,0.99,1.0,0.8333,0.0,1,0.5637701018004082,0
248,71,0.2,0.72,1.0,0.3333,0.75,1,0.5296293352071022,1
459,474,0.2,0.805,1.0,0.4167,1.0,1,0.6882653993051452,1
695,592,0.4,0.925,1.0,0.6667,0.5,2,0.6906430376514696,1
738,249,0.4,0.325,0.75,0.8333,0.0,2,0.5519094109444992,1
846,476,0.2,0.38,0.5,1.0,0.25,1,0.3429358591748809,0
543,849,0.2,0.875,0.75,0.9167,0.75,1,0.5679337772631644,1
667,73,0.2,0.3,0.75,0.75,0.25,1,0.40939500087030434,0
184,138,0.2,0.895,0.0,0.25,1.0,1,0.25563971020889376,0
636,559,0.2,0.525,1.0,0.1667,0.25,1,0.4259168316825406,0
322,792,0.4,0.795,0.75,0.4167,0.75,2,0.6807450328524367,1
862,571,0.2,0.36,0.25,0.5,0.5,1,0.30784046744005905,0
953,661,0.2,0.6,0.5,0.3333,1.0,1,0.43087197498950564,1
17,847,0.2,0.635,1.0,0.5,0.5,1,0.4842625468731962,0
900,811,0.2,0.205,0.75,0.6667,0.75,1,0.4936313820229241,1
361,181,0.2,0.715,0.25,0.8333,1.0,1,0.43064160697926446,0
216,531,0.2,0.84,0.75,0.5833,0.75,1,0.46146696522104774,1
722,866,0.2,0.935,0.5,0.1667,1.0,1,0.4419297984776376,1
840,903,0.2,0.985,0.5,0.9167,0.5,1,0.47705125248538344,1
294,91,0.2,0.34,0.75,0.5,0.0,1,0.3256973073564792,1
362,648,0.2,0.925,0.5,0.3333,0.5,1,0.41560646106871174,1
733,17,0.2,0.995,0.75,0.6667,0.25,1,0.56487036433245,1
328,770,0.2,1.0,0.75,1.0,0.75,1,0.688509553513559,1
285,545,0.2,0.685,0.75,0.9167,0.75,1,0.45635171456362594,0
290,251,0.2,0.3,0.25,0.8333,0.5,1,0.24893924822343444,1
354,74,0.2,0.98,0.5,0.4167,0.0,1,0.4868843226977554,0
744,939,0.2,0.345,0.25,0.5833,0.75,1,0.2691421926260243,1
897,217,0.4,0.29,0.25,0.3333,0.75,2,0.46596069146272867,0
364,302,0.2,0.815,0.5,0.3333,0.75,1,0.43548509645298467,1
509,870,0.4,0.805,1.0,0.75,0.75,2,0.7751768589454379,1
530,889,0.2,0.68,0.25,0.8333,1.0,1,0.42355151125530144,0
59,319,0.2,0.57,1.0,0.8333,1.0,1,0.5263460126587176,0
210,133,0.4,0.63,0.75,0.0833,0.5,2,0.43453158203262365,0
818,289,0.2,0.535,0.5,0.0833,0.75,1,0.3605685380252215,0
629,636,0.2,0.965,1.0,0.4167,0.5,1,0.47899488145959496,0
179,170,0.6,0.805,0.75,0.8333,0.75,3,0.7735304274146435,1
270,692,0.2,0.86,0.0,0.6667,0.5,1,0.3181174298143322,0
507,421,0.2,0.995,0.5,1.0,0.25,1,0.5443886179704779,1
789,77,0.2,0.88,1.0,0.8333,0.75,1,0.7181286147599146,1
482,575,0.2,0.57,0.5,0.9167,0.75,1,0.4349824880858262,0
618,745,0.2,0.7,0.75,0.75,1.0,1,0.6393954699978254,1
561,197,0.2,0.905,0.5,0.25,0.5,1,0.3677351086327973,0
273,971,0.2,0.69,1.0,0.75,0.5,1,0.6253150161466094,1
222,790,0.2,0.92,0.75,0.5,0.5,1,0.4647418026648451,1
155,106,0.4,0.665,0.5,0.5833,0.75,2,0.42788906063598353,1
354,827,0.2,0.83,0.5,0.75,0.5,1,0.4741093780634206,1
993,504,0.2,0.605,0.5,0.9167,0.75,1,0.4592060644659592,1
102,646,0.2,0.565,0.5,0.4167,0.75,1,0.3656541614254289,0
261,39,0.2,0.465,0.75,0.4167,0.0,1,0.2908444422212022,0
377,419,0.2,0.155,0.5,0.1667,0.75,1,0.24012712108268658,1
295,388,0.2,0.93,0.25,0.5,0.25,1,0.3158320655081778,0
644,55,0.2,0.62,0.5,1.0,0.75,1,0.4654110376054521,0
627,932,0.2,0.22,1.0,0.0833,0.5,1,0.40656288615335456,1
171,965,0.2,0.495,0.75,0.5,1.0,1,0.4328472066771228,0
376,750,0.2,0.72,0.5,1.0,0.75,1,0.3936518023959325,1
631,270,0.2,0.675,0.5,0.25,1.0,1,0.4311630510551172,1
141,420,0.2,0.74,0.5,0.5833,0.0,1,0.40833592656644835,0
221,110,0.2,0.805,1.0,0.4167,0.5,1,0.530454953459892,1
536,739,0.2,0.53,0.75,0.5,0.25,1,0.3571053553848282,0
202,392,0.2,0.92,1.0,0.8333,1.0,1,0.6568719316262565,0
689,600,0.4,0.88,1.0,0.0833,1.0,2,0.6923592032925141,1
322,355,0.4,0.635,0.5,0.8333,0.75,2,0.48119183981287944,1
604,69,0.2,0.65,0.75,0.6667,1.0,1,0.5715735740969311,1
872,249,0.2,0.57,1.0,0.75,0.75,1,0.5215666164652453,0
849,633,0.2,0.545,0.75,0.8333,0.5,1,0.5676394632713857,0
768,94,0.2,0.165,0.5,0.25,0.5,1,0.37545371769136443,0
588,341,0.2,0.35,0.25,0.25,0.75,1,0.3191396448038433,0
814,119,0.2,0.995,0.75,0.3333,1.0,1,0.5819260284264149,1
977,771,0.2,0.82,1.0,0.3333,0.25,1,0.48609171093281445,1
770,15,0.2,0.375,0.0,0.9167,0.25,1,0.228725748528824,0
792,521,0.2,0.41,1.0,0.8333,0.5,1,0.6142297961630702,1
938,102,0.2,0.69,0.5,0.25,0.75,1,0.3853071220113966,1
30,142,0.4,0.53,1.0,0.4167,0.75,2,0.5923245154414014,1
810,248,0.2,0.685,0.25,0.6667,0.75,1,0.4009397138160671,0
149,15,0.2,0.945,0.25,0.6667,0.75,1,0.47960743221685215,1
763,134,0.4,0.855,0.75,0.5,0.25,2,0.45919528421306977,0
665,100,0.2,0.545,1.0,0.5,0.75,1,0.47673401873227994,0
998,590,0.2,0.6,0.25,0.5,0.75,1,0.28595315851516534,1
266,760,0.2,0.82,0.75,0.5833,0.75,1,0.45078844418246106,1
975,604,0.2,0.46,0.25,0.8333,0.5,1,0.33275497337860727,0
308,48,0.2,0.55,0.75,0.5833,0.0,1,0.3402902234322684,1
161,685,0.2,0.85,0.75,0.9167,0.75,1,0.499722200959749,0
638,137,0.2,0.595,1.0,0.6667,0.5,1,0.6292960466734543,1
91,591,0.2,0.21,1.0,0.4167,0.25,1,0.5188888324938798,0
155,365,0.2,0.87,1.0,0.9167,0.5,1,0.6437172400337603,1
735,275,0.2,0.705,0.0,0.6667,1.0,1,0.42239695101176256,1
88,913,0.2,0.995,0.75,0.75,0.75,1,0.639914973775126,1
363,535,0.2,0.93,0.5,0.75,0.5,1,0.5516062863097111,1
104,107,0.4,0.785,0.75,0.5,0.75,2,0.5634042476719474,1
460,787,0.2,0.4,0.75,0.9167,0.75,1,0.48072182414429526,0
105,604,0.2,0.955,0.5,1.0,0.75,1,0.508913598994333,1
343,271,0.2,0.69,0.5,0.5,0.0,1,0.2975038313323993,0
958,250,0.2,0.865,0.25,0.6667,1.0,1,0.3686122979182196,0
310,210,0.2,0.87,1.0,0.8333,0.75,1,0.598006131927321,0
566,362,0.2,0.58,0.25,0.9167,0.75,1,0.3449836068488599,0
500,811,0.4,0.955,1.0,0.5,0.25,2,0.5561635748228249,0
329,763,0.2,0.74,0.5,1.0,0.75,1,0.5591063403784094,0
530,468,0.2,0.955,0.5,0.8333,1.0,1,0.4751461556977581,0
265,860,0.6,0.725,1.0,0.4167,1.0,3,0.8104865365848328,1
499,24,0.2,0.66,1.0,0.3333,0.5,1,0.46302330655729246,1
889,857,0.2,0.38,0.0,0.9167,1.0,1,0.36570404480684654,0
968,819,0.2,0.925,0.5,0.5,1.0,1,0.39860115789699696,0
968,667,0.2,0.455,0.5,0.9167,0.0,1,0.2995398462227728,1
948,315,0.2,0.61,1.0,0.75,0.5,1,0.5146694138301858,0
658,140,0.2,0.26,0.5,0.9167,0.75,1,0.43609608727511295,1
132,525,0.4,0.54,0.75,1.0,0.5,2,0.6345674377507996,0
645,143,0.2,0.64,0.25,0.9167,1.0,1,0.5218944923100349,0
115,2,0.2,0.95,1.0,0.5833,0.0,1,0.5094745820381891,1
250,419,0.2,0.135,0.75,0.3333,0.5,1,0.45906470628819096,1
546,149,0.2,0.935,0.75,0.5833,0.5,1,0.43066562396890756,1
50,89,0.2,0.74,0.5,0.8333,1.0,1,0.4334197008062216,0
771,635,0.2,0.315,0.75,0.25,0.5,1,0.34469742743191795,0
969,738,0.2,0.91,0.75,0.8333,0.5,1,0.5134760527919857,1
129,341,0.2,0.845,0.5,0.0,0.5,1,0.44691389463941,0
243,742,0.2,0.945,0.5,0.75,0.5,1,0.4259298176272197,0
634,347,0.2,0.54,0.25,0.0833,0.0,1,0.25944667382918835,1
496,346,0.2,0.635,0.75,0.3333,0.75,1,0.5116508436136437,1
1,916,0.2,0.545,0.75,0.4167,1.0,1,0.5032151908712754,0
42,110,0.2,0.9,0.75,0.8333,0.5,1,0.44024142477936573,1
258,216,0.2,0.965,1.0,0.8333,0.5,1,0.5743862035903227,0
242,638,0.2,0.195,0.75,0.4167,0.75,1,0.40109384697984773,0
144,686,0.2,0.56,0.75,0.4167,1.0,1,0.43751971640539783,1
504,265,0.4,0.955,1.0,0.9167,0.5,2,0.7472512392707257,1
448,697,0.2,0.995,1.0,0.75,1.0,1,0.5683960822594724,0
66,843,0.2,0.72,1.0,0.4167,1.0,1,0.5307783420887124,0
994,659,0.4,0.93,0.5,1.0,0.25,2,0.5414096590081069,1
446,490,0.2,0.61,1.0,0.25,0.5,1,0.4564623899968462,0
459,394,0.4,0.865,0.5,0.3333,0.0,2,0.4974462910988112,1
625,425,0.2,0.76,1.0,0.9167,0.0,1,0.6029549240816247,0
505,771,0.2,0.985,0.75,0.9167,0.25,1,0.5155489707133707,1
906,126,0.2,0.405,0.75,0.8333,0.5,1,0.4953013133130621,1
68,490,0.2,0.445,0.5,0.4167,0.75,1,0.4509951531989388,0
265,805,0.2,0.88,0.5,0.9167,0.5,1,0.4770218507481013,0
102,584,0.4,0.885,0.75,0.5,1.0,2,0.5758534302408685,0
361,852,0.2,0.765,0.5,0.25,0.0,1,0.3481692563822339,0
189,951,0.2,0.3,0.75,0.6667,0.0,1,0.3668249159106617,1
148,649,0.2,0.95,0.5,0.1667,0.25,1,0.3242084353599053,1
257,132,0.4,0.735,0.75,0.6667,0.75,2,0.6510501714126231,1
402,703,0.2,0.99,0.75,0.5833,0.0,1,0.5680477486025862,1
733,994,0.2,0.765,0.75,0.6667,0.25,1,0.4175886295850107,0
408,232,0.6,0.855,1.0,0.6667,0.5,3,0.7776448838779781,1
473,476,0.2,0.82,0.75,0.5833,1.0,1,0.6060767271539135,1
680,167,0.2,0.62,0.5,0.6667,0.75,1,0.3952458182093464,0
128,81,0.4,0.79,0.5,0.25,0.75,2,0.527200044390452,1
844,640,0.2,0.55,1.0,0.6667,0.75,1,0.5140527278867738,0
968,874,0.2,0.285,0.5,0.4167,0.5,1,0.25120538169163936,0
791,102,0.2,0.47,1.0,0.0,1.0,1,0.574760539172177,1
613,49,0.2,0.835,0.5,0.5833,0.25,1,0.4103865661708187,1
857,134,0.2,0.26,0.0,0.4167,0.25,1,0.19099429121439576,0
995,86,0.2,0.905,1.0,0.8333,0.0,1,0.6368138060439797,0
295,172,0.2,0.855,0.5,0.4167,0.5,1,0.3476044443514847,0
167,540,0.2,0.57,1.0,0.25,0.0,1,0.40348264152060065,1
994,947,0.2,0.795,0.75,0.6667,1.0,1,0.48516079558595704,1
495,530,0.2,0.725,1.0,0.25,0.75,1,0.5490104928876846,1
852,650,0.2,0.39,0.5,0.1667,0.5,1,0.363665559600039,0
608,336,0.2,1.0,0.0,0.5833,1.0,1,0.4081937633764216,0
755,190,0.2,0.765,1.0,0.5,0.5,1,0.5410586127230839,0
669,97,0.2,0.815,0.5,0.6667,1.0,1,0.4166120383696926,0
490,568,0.2,0.76,1.0,0.75,0.75,1,0.6101817335182966,1
507,257,0.2,0.825,0.5,0.9167,1.0,1,0.42628007799513146,0
334,991,0.2,0.665,0.0,0.6667,1.0,1,0.3934854258853821,0
321,884,0.2,0.59,0.75,0.75,0.75,1,0.44040614929020766,1
69,476,0.2,0.855,0.0,0.8333,0.75,1,0.3542167191668597,0
750,429,0.2,0.7,0.0,0.8333,0.75,1,0.26780683635055463,0
483,133,0.4,0.465,0.75,0.8333,0.75,2,0.6475375664138907,0
436,208,0.2,0.595,0.25,0.9167,0.5,1,0.33615576028944516,1
157,202,0.2,0.465,0.25,0.6667,0.25,1,0.2735532652830842,0
102,704,0.2,0.895,1.0,0.75,0.25,1,0.52515945937125,1
679,470,0.2,0.065,0.75,0.6667,0.75,1,0.44293763331057623,1
240,233,0.2,0.845,0.5,0.3333,0.75,1,0.365988793412801,0
942,199,0.2,0.835,0.5,1.0,0.75,1,0.5534194424700831,1
137,645,0.2,0.865,0.0,1.0,0.75,1,0.3046618389344643,1
217,960,0.2,0.965,1.0,0.8333,0.75,1,0.6130060013889996,0
125,280,0.2,0.355,0.5,0.6667,0.75,1,0.48711528567947426,1
509,481,0.2,0.885,0.25,0.75,0.75,1,0.5063189389415753,1
304,604,0.2,0.595,0.75,0.5,1.0,1,0.42558593649563664,0
312,192,0.2,0.8,1.0,0.6667,0.25,1,0.45989359890305803,1
906,697,0.2,0.66,0.75,0.0833,1.0,1,0.46850499737197165,1
349,625,0.2,0.51,0.5,0.4167,0.5,1,0.3216820655674919,1
848,875,0.2,0.865,0.75,0.9167,0.25,1,0.46255513024424294,0
918,504,0.4,0.675,0.5,0.75,1.0,2,0.5692141251875785,0
421,303,0.2,0.995,0.75,0.9167,0.75,1,0.6536476284007309,1
642,151,0.2,0.67,1.0,0.5833,0.5,1,0.6379955747695367,1
859,450,0.4,0.24,0.75,0.25,0.5,2,0.47460933413216877,0
14,756,0.2,0.635,0.5,0.8333,0.5,1,0.35840429626304454,0
864,870,0.2,0.925,0.25,0.1667,0.75,1,0.44902543097251646,1
309,539,0.2,0.91,0.5,0.75,0.75,1,0.5251184710092187,0
179,908,0.2,0.635,1.0,0.75,0.5,1,0.5415590464532192,0
908,549,0.2,0.505,0.25,0.25,0.5,1,0.32117187990372964,0
955,672,0.2,0.08,0.5,0.8333,0.75,1,0.33571612451735344,1
658,525,0.2,0.33,0.0,0.5833,0.75,1,0.19100914562914206,0
20,336,0.2,0.435,0.75,0.8333,0.5,1,0.412941274548124,1
636,199,0.2,0.76,0.25,0.3333,1.0,1,0.42270876284730924,0
782,179,0.6,0.865,0.25,0.75,0.25,3,0.5219253686963885,1
265,79,0.4,0.77,0.75,0.8333,0.75,2,0.5696165939281088,0
663,579,0.2,0.605,1.0,0.6667,0.75,1,0.5895738033019551,0
288,658,0.2,0.28,0.25,0.9167,0.75,1,0.4395896553172902,1
118,926,0.2,0.705,0.25,0.75,0.25,1,0.41677347766656464,1
119,111,0.2,0.635,0.75,1.0,0.5,1,0.5917043218938818,0
173,511,0.2,0.755,1.0,0.75,0.75,1,0.6110547838855553,0
411,365,0.4,0.98,0.75,0.9167,0.25,2,0.6739685355462395,0
742,669,0.2,0.225,0.5,0.4167,0.5,1,0.24010115730325812,0
311,55,0.4,0.455,0.5,0.9167,0.75,2,0.5758905721071075,0
990,509,0.2,0.635,0.5,0.5833,1.0,1,0.37388909911833396,0
217,435,0.2,0.28,0.75,0.8333,0.75,1,0.5097523826946401,1
663,586,0.2,0.63,0.25,1.0,0.5,1,0.3928188162213395,0
309,679,0.2,0.77,1.0,0.5,0.75,1,0.5218625258935616,1
928,153,0.2,0.825,0.75,0.8333,0.5,1,0.4590451890747699,0
968,456,0.2,0.785,0.0,0.6667,0.0,1,0.3570739413258029,0
175,642,0.2,0.87,0.25,0.75,0.75,1,0.4628985337102737,1
132,870,0.2,0.71,1.0,0.6667,1.0,1,0.6930023313686311,0
730,512,0.2,0.875,0.25,0.5,0.75,1,0.4700205588567279,0
523,912,0.2,0.745,0.5,0.8333,0.5,1,0.4618713868218975,0
686,822,0.2,0.67,0.75,0.9167,0.75,1,0.47876990437186134,1
365,473,0.2,0.55,0.5,0.9167,1.0,1,0.4952496154708334,1
98,449,0.2,0.87,0.0,0.4167,0.75,1,0.2574150611700645,0
939,264,0.2,0.68,0.5,1.0,0.25,1,0.4020164734010533,0
264,244,0.4,0.915,0.5,0.4167,0.75,2,0.4796334999949795,1
922,599,0.6,0.45,0.75,0.9167,0.25,3,0.5167070914431706,0
960,251,0.2,0.93,0.25,0.6667,0.5,1,0.3852880284317496,0
511,689,0.2,0.735,0.0,0.0833,0.25,1,0.25733150791723236,1
852,938,0.2,0.635,0.5,0.8333,1.0,1,0.48646599320428346,1
476,112,0.2,0.7,0.25,0.75,0.25,1,0.3504353995056384,0
621,149,0.2,0.97,1.0,0.5833,0.25,1,0.5252872381423381,0
887,853,0.2,0.945,1.0,0.5833,1.0,1,0.638417306041519,1
231,48,0.4,0.47,1.0,0.8333,0.5,2,0.6494415067491957,0
719,198,0.4,0.715,1.0,0.25,0.5,2,0.6122215548221243,1
128,434,0.2,0.575,0.75,0.5833,0.75,1,0.40523671710728165,0
197,980,0.2,0.875,0.75,0.75,0.5,1,0.4714830408777659,0
106,523,0.4,0.67,0.5,0.8333,1.0,2,0.6078346877136216,0
583,929,0.4,0.665,0.5,0.25,0.75,2,0.4770589385464095,1
175,329,0.2,0.995,1.0,0.75,0.75,1,0.5589465270203464,0
853,25,0.2,0.85,0.25,0.1667,0.75,1,0.38726454222230405,0
579,615,0.2,0.355,1.0,0.8333,0.25,1,0.455796025317758,0
889,302,0.4,0.91,0.5,0.1667,1.0,2,0.5343350763626684,0
855,963,0.2,0.835,1.0,0.0833,1.0,1,0.5594067066872762,1
469,842,0.4,0.425,0.75,1.0,0.75,2,0.6378047237858553,0
456,460,0.2,0.975,0.25,0.6667,0.25,1,0.4517231043432831,1
785,53,0.2,0.895,1.0,0.6667,0.25,1,0.4580511453610642,1
127,944,0.2,0.985,0.0,0.75,0.75,1,0.4109201152561909,0
394,538,0.4,0.67,0.25,1.0,0.75,2,0.4705595284786344,1
366,370,0.2,0.585,0.75,0.1667,0.75,1,0.3878286696095314,1
212,204,0.2,0.915,1.0,1.0,0.25,1,0.618342495220396,1
790,971,0.2,0.68,0.5,0.6667,0.5,1,0.4559772933460431,1
656,841,0.2,0.54,1.0,0.9167,0.5,1,0.6108915262784919,1
680,77,0.2,0.85,0.75,0.5,0.5,1,0.5248083947604589,0
678,688,0.4,0.92,1.0,0.4167,0.75,2,0.5790081891846371,0
688,584,0.2,0.995,1.0,0.75,0.75,1,0.6845745958712517,0
761,134,0.2,0.665,1.0,0.8333,0.25,1,0.43896752737021794,0
997,494,0.2,0.745,0.75,0.75,0.75,1,0.5792186659230456,1
510,316,0.2,0.995,1.0,0.8333,0.75,1,0.6713673779266531,0
468,48,0.2,0.875,0.5,0.3333,0.25,1,0.44777270491202315,1
926,591,0.2,0.235,0.75,1.0,1.0,1,0.4446126491616075,0
155,457,0.2,0.62,1.0,0.3333,1.0,1,0.5451460436011036,1
716,103,0.2,0.405,0.75,0.6667,0.25,1,0.47282410296606026,1
940,179,0.2,0.715,0.75,0.75,0.5,1,0.5576434505809704,0
734,404,0.2,0.96,0.5,0.5,0.75,1,0.5024020579919031,1
198,536,0.2,0.53,0.5,0.9167,0.75,1,0.45572800501325883,0
271,790,0.2,0.845,0.0,0.6667,0.0,1,0.3511006507685345,0
198,890,0.2,0.875,0.25,0.5833,0.5,1,0.463247347948013,0
132,798,0.2,0.605,0.75,0.6667,0.5,1,0.385045526761232,0
50,684,0.2,0.63,0.25,0.1667,0.5,1,0.2146933828704366,0
888,361,0.2,0.63,1.0,0.5833,0.75,1,0.5791601259074128,0
227,67,0.2,0.66,0.25,0.5833,1.0,1,0.3464577318397703,0
144,651,0.4,0.97,0.25,0.8333,0.25,2,0.41930170173406117,0
616,779,0.2,0.785,0.75,0.5,0.0,1,0.4110986020522147,1
299,278,0.4,0.85,0.5,0.8333,1.0,2,0.5695474245377661,1
888,266,0.2,0.455,0.25,0.8333,0.75,1,0.2878525140565427,0
506,70,0.2,0.395,0.5,0.25,0.25,1,0.34316623510853655,1
587,34,0.4,0.585,0.5,0.6667,0.25,2,0.5074383986462265,0
472,871,0.2,0.17,0.75,0.4167,0.5,1,0.3181191940389189,0
395,917,0.2,0.485,0.25,0.1667,0.25,1,0.2607366049321701,1
664,39,0.2,0.905,0.75,0.9167,0.75,1,0.5857684340437314,1
113,202,0.2,0.765,1.0,0.25,1.0,1,0.6117509243446184,1
597,579,0.2,0.945,1.0,0.9167,0.25,1,0.5204506103367619,1
682,405,0.2,0.84,0.0,0.6667,0.75,1,0.41297026523937286,1
504,279,0.2,0.755,0.75,0.8333,0.25,1,0.47546616741899517,0
192,538,0.2,0.65,0.75,0.4167,0.5,1,0.4246664034033825,0
237,12,0.2,0.855,0.75,0.1667,0.75,1,0.5334478879393529,0
855,430,0.2,0.97,0.75,0.25,0.25,1,0.4571797067877236,0
157,694,0.2,0.535,0.5,0.75,0.75,1,0.5072904776291703,0
823,643,0.4,0.12,1.0,0.1667,0.5,2,0.410625142661796,0
51,538,0.2,0.785,0.5,0.25,1.0,1,0.44005323351946724,1
719,562,0.2,0.06,0.0,0.5833,0.75,1,0.2632389055311265,0
711,233,0.2,0.87,0.5,1.0,1.0,1,0.4981964875895689,1
504,463,0.2,0.54,0.75,0.75,0.75,1,0.4624949684189798,0
455,592,0.2,0.65,0.5,0.9167,0.5,1,0.46803008300227383,0
237,8,0.2,0.875,0.75,0.5,0.75,1,0.5536708693490257,1
166,931,0.2,0.725,0.75,0.5,1.0,1,0.43720828739702394,0
418,469,0.2,0.285,0.75,0.3333,0.5,1,0.4601070895152819,0
125,757,0.2,0.55,0.75,0.75,0.25,1,0.4546423786864399,0
594,460,0.2,0.35,0.5,1.0,0.75,1,0.44967358217017067,0
524,504,0.2,0.775,0.5,0.1667,0.5,1,0.321455176502874,0
22,875,0.4,0.92,1.0,0.5,0.75,2,0.7724580385270007,1
416,686,0.2,0.76,0.5,0.25,0.75,1,0.35306288229992416,1
148,864,0.2,0.61,0.25,0.8333,0.75,1,0.4463894651487861,0
857,906,0.4,0.44,0.25,0.1667,0.5,2,0.43342072932197545,0
284,877,0.4,0.26,1.0,0.5833,0.0,2,0.5014930276874418,1
208,365,0.2,0.685,0.75,0.8333,0.5,1,0.4499381760262709,0
214,526,0.2,0.535,0.75,0.5,0.75,1,0.3893798022292669,0
362,594,0.2,0.525,1.0,0.4167,0.0,1,0.5121610665918448,1
525,942,0.2,0.475,0.25,0.75,0.5,1,0.25179385830770273,0
792,586,0.2,0.83,0.75,0.5,0.25,1,0.40047051924842425,0
488,829,0.2,0.08,0.25,0.6667,0.5,1,0.31708399721318553,1
24,469,0.4,0.755,1.0,0.5,0.75,2,0.557223417239629,0
708,586,0.2,0.86,0.25,0.4167,0.5,1,0.26517806965093815,0
829,232,0.6,0.695,0.75,0.4167,1.0,3,0.7412414904189075,1
115,299,0.2,0.635,0.75,0.5833,0.0,1,0.3568633828767499,1
97,957,0.2,0.635,0.25,0.75,0.5,1,0.3592175895542093,0
656,961,0.2,0.475,0.75,0.3333,0.5,1,0.3996281570941372,1
874,73,0.2,0.13,0.75,0.25,0.75,1,0.45445735847279023,0
390,557,0.2,0.565,0.25,1.0,0.5,1,0.38367750226229086,0
875,670,0.2,0.57,0.5,0.5,0.5,1,0.4886681818443417,1
471,378,0.2,0.89,1.0,1.0,0.75,1,0.5707746882683686,1
387,689,0.2,0.88,0.5,0.3333,1.0,1,0.4385317534187274,1
534,688,0.2,0.525,0.5,0.8333,0.5,1,0.3571802457788329,1
754,374,0.2,0.55,0.25,0.8333,0.25,1,0.38761902311094143,1
921,326,0.4,0.72,0.25,0.1667,0.25,2,0.34680969166056147,0
779,109,0.2,0.3,0.75,0.6667,0.0,1,0.43789749618052143,1
775,197,0.2,0.755,0.25,0.5,1.0,1,0.48923414530345966,0
492,877,0.2,0.89,0.5,0.6667,1.0,1,0.4708639321271254,1
745,542,0.2,0.35,0.75,0.9167,0.25,1,0.5045943220649607,1
525,831,0.2,0.09,0.0,0.6667,0.25,1,0.1766038487436945,0
618,299,0.2,0.95,0.5,0.75,0.25,1,0.35920768679533427,0
501,637,0.2,0.885,1.0,0.5,0.75,1,0.631864687387994,0
972,942,0.2,0.925,0.25,0.5833,0.75,1,0.3482144948290103,1
225,546,0.2,0.425,0.0,0.4167,0.75,1,0.2923200843712551,0
599,50,0.4,0.665,0.75,0.25,0.75,2,0.5130921050210082,0
852,357,0.2,0.49,1.0,0.9167,1.0,1,0.6232207253551174,0
840,420,0.2,0.675,0.5,1.0,0.5,1,0.5004744249845197,1
779,588,0.2,0.855,0.75,0.3333,0.25,1,0.43421120182035927,1
493,347,0.2,0.61,0.25,1.0,0.0,1,0.29231341600959654,0
522,562,0.2,0.885,0.25,1.0,0.5,1,0.40354837103105523,0
278,306,0.2,0.6,1.0,0.4167,0.25,1,0.5312254389172235,0
452,732,0.2,0.735,0.5,0.8333,0.5,1,0.3525688673087389,0
225,653,0.2,0.44,0.5,0.9167,0.5,1,0.36862515125511774,0
426,549,0.2,0.905,1.0,0.8333,0.0,1,0.46856261836608004,0
823,531,0.2,0.8,0.5,0.25,0.75,1,0.3929378094492706,1
161,781,0.2,0.655,0.5,0.8333,0.75,1,0.4226872540336787,1
447,77,0.2,0.65,0.75,0.6667,0.5,1,0.4870895114982148,1
884,491,0.2,0.315,0.5,0.5833,0.75,1,0.34920456799531685,0
170,249,0.2,0.245,0.75,0.8333,0.75,1,0.3851202327459904,0
468,603,0.6,0.88,0.5,0.6667,0.25,3,0.5099814071792793,1
945,178,0.4,0.965,0.5,0.0,0.5,2,0.5733445358795439,1
239,390,0.4,0.855,0.25,0.6667,1.0,2,0.5870853399719222,1
800,482,0.2,0.955,0.5,0.5,1.0,1,0.49376819745793166,0
684,111,0.2,0.94,0.5,0.9167,0.5,1,0.5068047339618816,0
400,139,0.2,0.255,0.75,0.4167,0.25,1,0.4173584659479599,1
485,470,0.2,0.445,0.75,0.5833,0.0,1,0.31633480431893707,0
92,68,0.2,0.845,0.25,1.0,1.0,1,0.3722708780863593,1
483,109,0.2,0.67,0.5,0.75,0.25,1,0.46945342686221503,1
541,431,0.2,0.39,0.25,0.6667,0.25,1,0.22535133928520107,0
249,584,0.2,0.58,1.0,0.8333,0.75,1,0.589937705191723,1
69,137,0.2,0.465,0.0,0.4167,1.0,1,0.20568013508555116,1
88,952,0.2,0.91,0.25,0.4167,0.5,1,0.3834575471518073,1
149,17,0.2,0.67,0.75,0.6667,0.5,1,0.4411792528780438,1
297,274,0.2,0.305,0.25,0.9167,0.5,1,0.28371985119889565,0
990,586,0.2,0.58,1.0,0.9167,0.5,1,0.5279456091650016,1
313,186,0.2,0.995,0.5,0.9167,0.5,1,0.4284586812364549,1
493,615,0.4,0.395,1.0,0.25,0.0,2,0.5074895072871568,0
482,800,0.2,0.955,0.5,0.5,1.0,1,0.4517204017230107,0
703,264,0.2,0.345,0.75,0.4167,0.0,1,0.4336253656797946,0
210,450,0.4,0.64,0.25,0.9167,0.5,2,0.461765750388714,0
804,123,0.2,0.355,0.5,0.75,0.0,1,0.3131491990529692,0
722,654,0.4,0.425,0.0,0.25,0.25,2,0.3289279951736649,0
530,511,0.2,0.535,0.75,0.75,0.75,1,0.5646240067862208,1
448,697,0.2,0.995,1.0,0.75,1.0,1,0.6174375244506023,1
395,268,0.2,0.66,0.0,0.4167,0.75,1,0.3505587300173343,1
739,615,0.2,0.95,0.25,0.9167,0.0,1,0.41223260428733205,0
897,954,0.2,0.42,0.5,0.3333,1.0,1,0.38018403244787524,0
97,591,0.4,0.27,0.25,0.6667,0.75,2,0.3695718853350918,0
750,561,0.2,0.61,0.5,0.4167,0.0,1,0.35821839395416794,0
502,772,0.2,0.75,0.25,0.5833,0.75,1,0.31624752877337886,0
232,501,0.2,0.965,0.5,0.75,0.75,1,0.5567317140613552,1
279,41,0.2,0.945,0.5,0.75,0.5,1,0.5013650877830834,0
768,909,0.2,0.68,0.25,0.5,0.5,1,0.31443076445870205,0
756,504,0.6,0.975,1.0,0.3333,0.5,3,0.645962546793522,1
608,181,0.2,0.75,0.75,0.4167,1.0,1,0.6081527764496197,1
270,182,0.2,0.735,1.0,0.0833,0.0,1,0.45998612046089893,1
241,476,0.2,0.915,1.0,0.25,0.75,1,0.5856893979603538,1
617,161,0.2,0.48,0.25,0.75,0.75,1,0.29715075503551663,1
35,309,0.2,0.93,0.75,0.75,0.25,1,0.42685532318349095,0
494,236,0.2,0.855,0.5,0.5833,0.5,1,0.45463951202001324,0
229,717,0.2,0.645,0.25,0.9167,1.0,1,0.4166531136525883,0
313,899,0.2,0.27,0.25,0.5,0.5,1,0.20455556842263034,0
396,568,0.2,0.775,0.75,0.5833,0.0,1,0.42218643696231,1
926,311,0.2,0.805,0.75,0.9167,0.75,1,0.5030881132344801,0
326,389,0.2,0.725,0.75,0.4167,0.75,1,0.48115182349390634,0
997,889,0.2,0.835,0.25,0.5833,0.5,1,0.42239832912176944,0
517,407,0.2,0.805,0.5,0.9167,0.25,1,0.37115158935167003,1
758,984,0.2,0.685,1.0,0.5833,1.0,1,0.5895930114236827,1
932,926,0.2,0.805,0.5,0.75,1.0,1,0.5100109080365983,0
504,449,0.2,0.565,0.5,0.8333,0.5,1,0.419596234928359,0
299,615,0.2,0.82,0.75,1.0,0.0,1,0.47892040369951117,0
168,299,0.2,0.14,0.25,0.9167,0.0,1,0.3509601784681208,0
453,616,0.2,0.745,1.0,0.6667,0.5,1,0.5020612830165668,1
343,504,0.4,0.81,1.0,0.25,0.0,2,0.5567981771969982,1
105,251,0.2,0.735,0.75,0.75,1.0,1,0.5565712038917091,1
655,998,0.2,0.39,0.5,0.3333,0.75,1,0.3116343349278735,1
750,995,0.4,0.625,1.0,0.8333,1.0,2,0.766688310328646,1
998,995,0.4,0.975,0.75,0.3333,0.75,2,0.649546854888978,0
826,286,0.2,0.605,0.0,0.5,0.25,1,0.25479405664033566,0
355,763,0.2,0.81,1.0,0.9167,1.0,1,0.6244590471319477,1
635,481,0.2,0.42,0.5,1.0,0.5,1,0.36068224062016474,1
68,822,0.4,0.695,0.5,0.5833,0.5,2,0.48875358769431,1
770,352,0.2,0.215,0.0,0.5,0.75,1,0.22586616982404153,0
991,140,0.4,0.68,0.5,0.0,0.5,2,0.37196796179302594,0
747,921,0.2,0.275,0.75,0.5,0.0,1,0.2782559369448179,0
458,251,0.4,0.95,0.0,0.4167,0.5,2,0.3639996809339805,1
39,216,0.2,0.565,0.75,0.5833,0.0,1,0.4953404197511735,0
295,626,0.2,0.935,1.0,1.0,0.75,1,0.549659484543391,1
722,344,0.2,0.925,0.75,0.9167,1.0,1,0.6727344473905246,0
292,221,0.2,0.68,0.75,0.3333,0.5,1,0.42397781580524246,1
1,866,0.2,0.935,0.75,0.25,0.75,1,0.5842681903187172,1
477,188,0.2,0.625,0.5,1.0,0.75,1,0.5585881555734827,0
293,288,0.2,0.81,0.25,0.0,0.25,1,0.2877717451776739,0
82,277,0.2,0.96,1.0,0.5,0.25,1,0.5734926694152457,1
30,147,0.4,0.64,0.0,0.9167,0.5,2,0.40324996932050833,1
634,121,0.2,0.77,0.25,0.25,0.25,1,0.3268160364004583,0
820,20,0.2,0.99,1.0,0.3333,1.0,1,0.5905185032951259,0
285,239,0.2,0.85,1.0,0.8333,0.25,1,0.5531019350070807,0
730,232,0.4,0.875,0.5,0.5833,0.75,2,0.6490101703835554,1
341,312,0.2,0.015,0.75,0.5,0.5,1,0.3996775805782966,0
457,450,0.2,0.35,1.0,1.0,1.0,1,0.4989331106310831,1
836,465,0.6,0.37,1.0,0.6667,0.75,3,0.700984251924972,0
992,383,0.2,0.53,0.25,0.8333,1.0,1,0.37766799388839356,1
843,32,0.2,0.88,0.5,0.6667,1.0,1,0.5578956292230967,1
408,328,0.8,0.24,0.75,0.0833,0.75,4,0.699916593059669,0
394,465,0.4,0.775,0.5,0.8333,0.75,2,0.6322272788757596,1
46,630,0.2,0.71,0.25,0.75,0.75,1,0.39048808244617467,0
588,213,0.2,0.94,0.0,0.9167,0.5,1,0.326579278470534,1
588,204,0.2,0.96,0.0,0.5833,1.0,1,0.3523215942523168,1
10,846,0.6,0.23,0.5,0.5833,0.25,3,0.5092768476187127,0
654,537,0.2,0.81,0.5,0.4167,1.0,1,0.3776475561554182,0
605,338,0.4,0.965,0.75,0.5833,0.25,2,0.6527890367501938,1
854,819,0.2,0.36,1.0,0.75,0.75,1,0.5674191816085159,1
447,349,0.2,0.835,0.5,0.75,0.75,1,0.5683302936956786,1
292,894,0.2,0.415,1.0,0.3333,1.0,1,0.5628798895650862,1
155,144,0.4,0.845,0.25,0.8333,0.75,2,0.42800830180609173,0
959,817,0.2,0.545,0.25,0.75,0.75,1,0.4237115350476592,1
606,563,0.4,0.885,0.5,1.0,0.75,2,0.657803368945207,1
231,355,0.2,0.455,0.5,0.75,0.75,1,0.34831904454363194,1
389,530,0.4,0.67,0.25,0.5,0.25,2,0.39453891298015653,0
370,645,0.2,0.745,1.0,0.3333,0.0,1,0.4418687328181081,1
972,682,0.4,0.84,0.0,0.5833,0.5,2,0.3244452181385642,1
500,76,0.2,0.945,1.0,1.0,0.0,1,0.5770527764476331,0
830,614,0.2,0.505,0.75,0.25,1.0,1,0.5468174019251859,0
197,568,0.2,0.645,0.5,1.0,0.5,1,0.4505834668401464,1
622,214,0.4,0.99,0.5,0.9167,0.5,2,0.566556190062127,1
10,86,0.4,0.875,1.0,0.75,0.0,2,0.6504005468489733,0
930,625,0.4,0.405,0.5,0.8333,0.0,2,0.39579991645441254,1
444,521,0.2,0.95,0.5,1.0,0.5,1,0.4803101952099911,1
376,800,0.2,0.675,1.0,0.9167,0.75,1,0.5989989826168991,1
568,70,0.2,0.47,0.75,0.8333,1.0,1,0.52399347565085,1
156,115,0.2,0.79,1.0,0.8333,0.25,1,0.5755869648484626,0
482,957,0.2,0.845,0.75,0.8333,1.0,1,0.6004408572684091,0
30,271,0.4,0.885,1.0,0.75,0.25,2,0.5933012502697748,0
822,274,0.4,0.855,0.75,0.75,0.25,2,0.6491171186577815,1
667,362,0.2,0.82,0.75,0.5,1.0,1,0.6059933018137956,1
721,265,0.2,0.75,0.75,0.8333,0.5,1,0.5900171776180864,0
183,829,0.2,0.295,0.75,0.0833,1.0,1,0.4327470392443933,0
828,747,0.4,0.39,0.25,0.5833,1.0,2,0.46444105212760906,0
3,653,0.2,0.335,0.5,0.75,0.5,1,0.40074811293589807,0
826,412,0.6,0.945,0.25,0.9167,0.5,3,0.5611462270700533,1
721,592,0.2,0.99,0.75,0.1667,1.0,1,0.5867965124125704,1
888,295,0.2,0.515,0.75,1.0,0.75,1,0.42489997850105105,0
661,146,0.2,0.745,0.5,0.1667,0.75,1,0.48161090535704143,0
102,549,0.2,0.845,0.5,0.1667,0.25,1,0.4602727696948292,1
546,98,0.2,1.0,0.0,0.1667,1.0,1,0.2957399593242849,0
670,74,0.2,0.92,1.0,0.1667,0.25,1,0.5184396020840106,1
147,888,0.2,0.22,1.0,0.8333,0.5,1,0.4531248185246256,0
915,29,0.2,0.7,0.25,0.25,0.75,1,0.26566801042431787,1
369,601,0.2,0.915,0.75,0.4167,0.25,1,0.48660498922294193,1
226,701,0.2,0.575,0.25,0.9167,0.5,1,0.47023031050927533,1
897,379,0.2,0.89,0.75,0.25,0.75,1,0.5581943464283072,1
635,507,0.2,0.88,0.5,0.9167,0.25,1,0.4493554484557416,0
706,293,0.2,0.955,1.0,0.3333,0.5,1,0.5274444734250124,1
197,292,0.2,0.8,0.25,0.9167,0.75,1,0.4918386544183998,1
735,316,0.2,0.565,0.5,0.4167,0.75,1,0.3979882611340403,0
500,338,0.2,0.41,0.75,0.9167,0.0,1,0.4922057189672211,0
706,587,0.4,0.405,0.5,0.4167,0.5,2,0.3410655848996984,0
456,251,0.2,0.81,0.0,0.8333,0.5,1,0.4047770380238259,0
922,995,0.2,0.885,0.5,1.0,1.0,1,0.523989783408956,1
476,645,0.2,0.475,0.0,0.5833,1.0,1,0.215296419152804,0
817,659,0.4,0.935,0.75,0.25,0.5,2,0.5813901836267988,1
554,44,0.2,0.87,1.0,0.6667,1.0,1,0.6003508821838643,1
153,425,0.2,0.73,1.0,0.8333,0.75,1,0.5875833540003893,0
504,913,0.4,0.865,0.75,0.5833,0.25,2,0.5368699697561319,1
386,444,0.2,0.78,0.25,1.0,0.25,1,0.42560036410832525,1
36,79,0.6,0.515,0.5,0.9167,0.75,3,0.6033013023657016,1
876,794,0.2,0.845,1.0,0.4167,0.75,1,0.6297852506578355,0
722,121,0.2,0.855,0.25,0.9167,0.5,1,0.4691549683124471,1
341,532,0.2,0.34,1.0,0.4167,0.5,1,0.5498084329456462,0
883,531,0.2,0.365,1.0,0.5,0.75,1,0.41463903542185476,1
389,355,0.4,0.825,0.75,0.5833,0.25,2,0.505814941824816,1
643,547,0.2,0.55,0.5,0.4167,0.75,1,0.4555075431088789,0
265,64,0.2,0.725,0.5,0.9167,0.5,1,0.4183983811745201,1
722,188,0.4,0.54,0.25,0.8333,0.5,2,0.44351253379821115,0
737,911,0.2,0.485,0.75,0.5833,0.25,1,0.42393528540234476,0
499,305,0.2,0.555,0.5,0.9167,0.5,1,0.5190242667118684,0
595,446,0.2,0.67,0.5,0.9167,1.0,1,0.5125442830217658,1
133,473,0.2,0.4,1.0,0.6667,0.5,1,0.4660682506253987,0
48,986,0.2,0.215,0.75,0.75,1.0,1,0.5078589820172068,1
817,336,0.2,0.785,0.75,0.25,0.5,1,0.5482574378770961,1
420,601,0.2,0.73,0.5,0.75,0.25,1,0.5105844577327557,0
575,409,0.2,0.685,0.75,0.6667,0.75,1,0.5398469299905286,0
344,972,0.2,0.725,0.75,0.3333,0.25,1,0.3426474217056125,0
555,235,0.2,0.805,1.0,0.0833,0.75,1,0.5855513765350628,1
943,645,0.2,0.48,0.25,0.8333,0.25,1,0.30166512863011274,1
481,562,0.2,0.845,1.0,0.75,0.5,1,0.5915436942310898,0
63,314,0.2,0.68,1.0,0.8333,1.0,1,0.5872974859878455,0
390,710,0.2,0.745,0.25,0.3333,0.75,1,0.3945413865698335,0
619,546,0.2,0.905,0.0,0.0833,0.75,1,0.24992324348536288,1
403,908,0.2,0.645,1.0,0.5833,0.75,1,0.5706192611141181,0
536,615,0.4,0.48,0.5,0.5833,0.75,2,0.5830342303683332,1
364,795,0.2,0.545,1.0,0.4167,0.5,1,0.48388428799202265,0
376,680,0.2,0.65,0.5,0.8333,1.0,1,0.41802975751728216,0
231,515,0.2,0.84,0.75,0.75,0.5,1,0.46162917199490816,0
1,393,0.2,0.525,0.5,0.9167,0.75,1,0.489953392175553,0
871,6,0.4,0.29,0.75,0.75,1.0,2,0.5632343908703459,1
981,295,0.2,0.915,0.5,0.8333,0.5,1,0.509553813878311,1
427,983,0.2,0.825,0.75,0.0833,1.0,1,0.5749258876634137,0
77,764,0.2,0.99,1.0,1.0,1.0,1,0.7263936095079419,1
249,88,0.2,0.47,0.75,0.8333,0.5,1,0.5155518414752231,0
35,15,0.2,0.68,0.75,0.6667,0.25,1,0.4277980329762748,1
190,713,0.4,0.215,0.25,0.25,0.5,2,0.31616442897543773,1
394,859,0.2,0.915,0.5,0.8333,1.0,1,0.49669458454165827,1
320,292,0.2,0.345,1.0,0.9167,0.75,1,0.5765657014634041,0
847,614,0.2,0.17,0.75,0.6667,0.75,1,0.3694352485221827,1
239,983,0.2,0.74,0.5,0.6667,0.75,1,0.4857148512777315,0
534,181,0.2,0.31,0.5,0.5833,0.0,1,0.2514503333478325,0
825,993,0.2,0.535,0.75,0.8333,0.25,1,0.3880912210693141,1
785,525,0.2,0.855,0.75,1.0,0.75,1,0.6014416058044912,0
712,833,0.2,0.785,0.25,0.8333,0.5,1,0.48645768471188444,1
77,316,0.2,0.96,0.75,0.6667,1.0,1,0.5817992245809166,1
995,680,0.2,0.695,1.0,0.6667,0.75,1,0.6130955133384609,0
813,863,0.2,0.97,0.25,0.9167,0.25,1,0.4418568478839602,1
53,682,0.2,0.6,0.25,0.9167,0.75,1,0.35889747691488505,1
586,907,0.2,0.17,0.25,0.8333,1.0,1,0.3857592972461497,1
558,474,0.2,0.95,0.5,0.5,0.25,1,0.4998817529604932,0
439,169,0.2,0.515,0.25,0.6667,0.5,1,0.36219459093194706,1
116,592,0.2,0.855,0.5,0.9167,0.75,1,0.4448364814750876,0
708,536,0.2,0.5,0.5,0.5,0.75,1,0.31664158250773655,1
625,998,0.2,0.515,0.75,0.1667,0.25,1,0.2927433637936306,0
599,400,0.4,0.115,0.5,0.5833,0.25,2,0.315182791603641,0
980,768,0.2,0.905,1.0,0.0833,0.75,1,0.6307075513850329,0
871,329,0.4,0.485,0.5,0.5,0.75,2,0.5773592125558085,1
545,14,0.2,0.47,1.0,1.0,0.75,1,0.5450905870183719,1
301,292,0.2,0.775,0.25,1.0,0.75,1,0.45547145556844076,0
701,866,0.4,0.905,0.5,0.6667,0.25,2,0.5132302496854453,1
290,478,0.2,0.96,0.5,0.9167,1.0,1,0.4649315095767744,0
394,960,0.2,0.99,0.25,0.5833,1.0,1,0.39429229098980006,0
604,298,0.2,0.855,0.75,0.5833,1.0,1,0.5923764683845916,0
996,607,0.2,0.825,0.5,0.5,0.0,1,0.41847585705460005,0
849,975,0.4,0.445,0.25,0.4167,0.5,2,0.36867291692532067,0
644,315,0.2,0.85,1.0,0.9167,0.5,1,0.6395114177759808,1
303,745,0.2,0.97,0.75,0.4167,0.25,1,0.4385208261658152,0
539,716,0.2,0.855,0.75,0.6667,0.5,1,0.5094941288569972,1
778,679,0.2,0.47,0.75,0.6667,1.0,1,0.5804473586250599,0
851,859,0.2,0.625,0.75,0.5833,0.25,1,0.48138818144319845,0
374,727,0.2,0.795,1.0,0.4167,1.0,1,0.5106743225643557,0
620,669,0.2,0.7,0.75,0.6667,1.0,1,0.524463182610882,1
650,3,0.2,0.955,0.0,0.5833,1.0,1,0.3440806069804279,0
302,771,0.2,0.31,0.75,0.1667,1.0,1,0.35916219144105266,0
366,86,0.4,0.61,0.75,0.5833,0.75,2,0.5008189395162995,0
672,114,0.4,0.99,0.5,0.5833,0.5,2,0.5676547923396211,1
361,420,0.2,0.935,0.75,0.3333,1.0,1,0.5441366532713039,0
669,585,0.2,0.375,0.75,0.9167,0.5,1,0.5212849322712177,0
545,451,0.2,0.52,1.0,0.6667,0.5,1,0.5813344779458269,1
557,535,0.2,0.545,0.75,1.0,0.5,1,0.5812462304034577,0
309,30,0.2,0.79,1.0,0.9167,0.75,1,0.6102710615543067,0
991,27,0.6,0.52,0.0,0.6667,0.75,3,0.3845826931697753,1
771,46,0.2,0.985,0.25,0.4167,1.0,1,0.4205754034842859,1
304,787,0.2,0.86,1.0,0.1667,0.75,1,0.5862346158082277,0
221,604,0.2,0.935,0.75,0.5833,1.0,1,0.6129097368622207,0
997,758,0.2,0.765,0.5,0.5833,0.75,1,0.5011252349069245,1
412,626,0.2,0.955,1.0,0.5833,0.75,1,0.5395989075550169,1
616,50,0.4,1.0,0.0,0.5,0.5,2,0.49913800472064207,0
82,500,0.2,0.915,1.0,0.5833,0.0,1,0.621897455999117,0
437,750,0.4,0.76,0.5,0.6667,0.5,2,0.561811128845983,1
269,469,0.4,0.74,0.5,0.4167,1.0,2,0.5875744999116533,1
336,449,0.4,0.945,1.0,0.8333,0.5,2,0.7279821098508565,1
909,218,0.2,0.755,0.5,0.6667,0.5,1,0.49622131736710734,1
35,337,0.2,0.675,0.5,0.75,1.0,1,0.44677862799286866,1
248,802,0.2,0.63,0.25,0.75,0.5,1,0.4014058943563622,0
107,620,0.2,0.97,0.75,0.75,0.75,1,0.6153022292880764,1
224,552,0.2,0.465,0.75,1.0,0.75,1,0.4844233439809625,0
775,73,0.2,0.9,0.5,0.25,0.75,1,0.3990456583569204,1
827,712,0.2,0.86,0.75,0.3333,0.75,1,0.5333619786935613,0
532,73,0.2,0.325,1.0,0.5833,0.25,1,0.4258948561187541,1
798,562,0.2,0.87,0.0,0.75,1.0,1,0.34979971826751866,1
104,55,0.2,0.595,0.5,0.9167,0.75,1,0.4337590229432129,1
24,689,0.4,0.84,0.5,0.75,0.75,2,0.5245359384077025,1
349,130,0.2,0.365,0.25,0.9167,0.75,1,0.2719146693807203,0
326,39,0.4,0.59,0.5,0.9167,0.25,2,0.5082418486157237,0
579,495,0.2,0.365,0.25,0.5833,0.25,1,0.26855693275569803,0
990,173,0.2,0.655,0.75,0.9167,0.75,1,0.5558273761713498,1
116,983,0.2,0.545,0.25,0.25,0.25,1,0.23084607196584955,0
141,802,0.2,0.275,0.5,1.0,0.0,1,0.3359800690317066,1
87,251,0.2,0.92,0.0,0.6667,1.0,1,0.4641458558670257,0
65,196,0.2,0.405,0.5,0.3333,1.0,1,0.30528165450632927,1
910,626,0.4,0.66,0.25,0.75,0.5,2,0.40138401834408477,0
787,360,0.4,0.405,0.75,1.0,0.75,2,0.5183362018855482,0
193,719,0.2,0.135,0.25,0.75,0.25,1,0.25759865004211113,0
63,221,0.2,0.96,0.5,0.5833,0.75,1,0.4254458397512032,0
399,699,0.2,0.33,0.5,0.9167,1.0,1,0.3819143680379646,0
630,254,0.2,0.93,0.75,0.25,0.0,1,0.5203904228750356,0
882,672,0.4,0.36,0.75,0.9167,0.75,2,0.6631739212219361,0
405,364,0.2,0.74,1.0,0.6667,0.75,1,0.5163079032496084,1
30,882,0.2,0.87,0.25,0.8333,0.75,1,0.3476460506085236,1
82,228,0.2,0.675,0.75,0.5,1.0,1,0.5522206418014781,1
336,179,0.2,0.67,0.75,0.8333,0.0,1,0.49172154751830477,0
769,170,0.2,0.78,0.75,0.6667,0.5,1,0.5050521398998298,1
366,915,0.2,0.95,0.25,0.9167,0.75,1,0.5080385966828038,0
310,616,0.2,0.88,0.0,0.8333,0.25,1,0.2534501964606058,1
594,274,0.2,0.23,1.0,0.75,0.75,1,0.4451386061880676,0
297,655,0.2,0.93,0.75,0.9167,0.25,1,0.43461938067065287,1
42,926,0.2,0.965,0.25,0.3333,0.5,1,0.32025297094955507,0
847,710,0.2,0.3,0.75,0.4167,0.75,1,0.40348688574897595,1
376,435,0.2,0.945,1.0,0.9167,0.75,1,0.5999774053299634,1
498,151,0.2,0.605,0.75,0.5833,0.75,1,0.46846035326749813,0
867,34,0.2,0.945,0.5,0.9167,0.75,1,0.495125495370752,0
811,60,0.2,0.84,1.0,0.9167,0.75,1,0.676874397635748,1
722,468,0.4,0.94,0.75,1.0,0.5,2,0.590534276564663,0
426,534,0.2,0.165,0.25,0.75,1.0,1,0.3124504355071586,0
741,781,0.2,0.905,0.75,1.0,0.25,1,0.5971561763280618,0
745,889,0.2,0.985,0.5,0.8333,1.0,1,0.6202709338458762,1
18,148,0.2,0.8,0.5,0.9167,0.75,1,0.4699163922614812,1
532,73,0.2,0.325,1.0,0.5833,0.25,1,0.47689189526279907,0
155,282,0.4,0.965,0.5,0.9167,0.75,2,0.6698286303758254,0
909,768,0.2,0.68,0.25,0.5,0.5,1,0.26780421599810056,0
643,287,0.2,0.26,1.0,0.5833,1.0,1,0.554776246603639,0
258,494,0.2,0.925,0.5,0.9167,1.0,1,0.6260588674221996,0
737,515,0.2,0.86,0.5,0.8333,1.0,1,0.4694977495247701,1
12,690,0.2,0.85,0.5,0.1667,0.25,1,0.41909356572089407,0
961,106,0.2,0.84,0.75,0.6667,0.75,1,0.5104998355672712,0
794,326,0.2,0.745,1.0,0.8333,1.0,1,0.703417827006236,1
659,41,0.2,0.6,0.25,0.9167,0.25,1,0.3892844891482785,0
960,304,0.2,0.305,0.75,0.4167,0.25,1,0.438241428106108,0
301,685,0.2,0.865,0.75,0.6667,0.75,1,0.5129453345300531,0
287,140,0.2,0.875,0.75,0.4167,0.75,1,0.4816761251121057,0
408,281,0.2,0.845,0.75,0.5,1.0,1,0.6418951051842945,0
243,437,0.2,0.235,1.0,0.8333,0.5,1,0.573857219539461,0
307,44,0.2,0.56,0.75,0.1667,0.75,1,0.5360251080093936,1
590,957,0.2,0.755,0.25,0.75,1.0,1,0.40682082518072027,0
318,182,0.4,0.87,0.75,0.0833,1.0,2,0.568908000457371,0
708,972,0.2,0.98,1.0,0.8333,0.5,1,0.5819200152168454,1
865,590,0.2,0.645,0.5,0.5833,0.75,1,0.3843028996753916,0
341,676,0.2,0.34,0.75,0.9167,0.5,1,0.4909099692677241,1
781,251,0.2,0.45,0.5,0.9167,0.75,1,0.3544587940088882,0
714,750,0.4,0.69,0.25,0.9167,0.75,2,0.4646872047942198,0
699,826,0.4,0.56,0.75,0.5,1.0,2,0.6479584735422877,0
293,173,0.2,0.455,1.0,0.25,0.75,1,0.4519143084789704,1
673,736,0.4,0.795,0.0,0.9167,0.75,2,0.41673409557743174,0
990,168,0.2,0.62,0.75,0.5,0.5,1,0.3785036010809942,0
644,94,0.2,0.475,1.0,0.5833,0.75,1,0.5923565617478114,1
379,73,0.2,0.035,1.0,0.9167,0.5,1,0.538001269484281,0
691,706,0.2,0.705,0.5,0.8333,0.5,1,0.35227366789827735,0
421,261,0.2,0.63,0.5,0.75,0.75,1,0.44517790043378624,0
241,130,0.2,0.24,0.75,0.5833,1.0,1,0.5444696066639192,1
635,694,0.2,0.67,1.0,0.8333,0.75,1,0.6530942807912989,1
60,277,0.2,0.84,1.0,0.5,0.25,1,0.6091897042276221,1
605,45,0.2,0.595,1.0,0.5833,0.5,1,0.6021254513054012,0
255,148,0.4,0.88,1.0,0.6667,0.25,2,0.5992378559255515,0
859,394,0.2,0.915,0.5,0.8333,1.0,1,0.4990837507098438,1
72,365,0.2,0.89,0.75,0.8333,0.75,1,0.6026268348672438,1
571,853,0.2,0.365,0.5,0.6667,1.0,1,0.3894824357795147,1
75,994,0.2,0.73,0.75,0.6667,1.0,1,0.5763178814351357,0
671,302,0.2,0.63,0.5,0.9167,0.25,1,0.4060915033511186,1
720,263,0.2,0.895,0.0,0.9167,0.75,1,0.2850999746015781,0
532,875,0.2,0.69,0.75,1.0,0.25,1,0.4568566570827777,1
415,54,0.4,0.67,0.0,0.9167,0.75,2,0.33783929729675327,1
602,407,0.2,0.575,1.0,1.0,0.75,1,0.5078376593008602,0
940,375,0.2,0.635,0.75,0.9167,0.75,1,0.570221183702863,0
249,206,0.2,0.97,1.0,0.3333,0.25,1,0.5907986175873994,0
648,294,0.2,0.715,0.25,0.4167,0.5,1,0.24908684597773617,0
653,248,0.2,0.825,0.5,0.4167,0.5,1,0.4905952449155291,0
479,339,0.2,0.845,0.0,0.25,1.0,1,0.3880434244149481,1
234,252,0.2,0.505,0.5,0.25,0.75,1,0.3558793173760974,0
546,994,0.2,0.835,0.5,0.9167,1.0,1,0.6193400714750887,1
435,651,0.2,0.985,0.75,0.5,0.5,1,0.5412617764702263,1
82,347,0.2,0.625,0.5,0.5,0.0,1,0.4409471757364416,1
316,125,0.2,0.62,1.0,1.0,0.5,1,0.5739351218892428,1
501,79,0.4,0.935,0.25,1.0,0.25,2,0.4119229002525148,0
729,51,0.2,0.775,0.25,0.3333,1.0,1,0.32666559990052113,0
483,714,0.2,0.89,0.75,0.5,0.5,1,0.5794480468012978,1
499,306,0.4,0.385,0.75,1.0,0.75,2,0.6520770617077147,1
46,509,0.2,0.995,0.25,0.9167,0.75,1,0.5474085967279227,0
129,409,0.2,0.735,0.5,0.4167,0.5,1,0.34846682633770903,0
12,232,0.4,0.995,0.5,0.5,1.0,2,0.5416218899218755,0
142,820,0.2,0.44,0.25,0.0833,0.5,1,0.2570086151847806,1
266,240,0.2,0.89,0.75,0.75,0.25,1,0.4104073663817843,0
520,929,0.2,0.875,1.0,0.6667,0.25,1,0.5644437562997008,1
465,568,0.6,0.645,1.0,0.3333,0.25,3,0.7229089531264721,0
511,418,0.2,0.635,0.25,0.1667,0.75,1,0.2818085601951601,1
307,708,0.2,0.805,0.0,0.9167,0.5,1,0.3849471799529272,0
111,105,0.2,0.54,1.0,0.75,1.0,1,0.5663577683959287,0
46,258,0.2,0.73,1.0,1.0,0.75,1,0.5149907090406338,0
121,579,0.2,0.34,0.25,0.5833,0.5,1,0.38200068673544696,0
505,560,0.2,0.945,0.5,0.9167,0.25,1,0.5568776322004492,0
746,400,0.4,0.21,0.25,0.9167,0.5,2,0.3652396466746464,1
252,610,0.2,0.795,0.25,0.75,1.0,1,0.45883786311580294,1
914,345,0.2,0.64,1.0,0.1667,0.5,1,0.451068469205321,0
505,507,0.2,0.45,0.5,0.25,0.0,1,0.3666359845121845,1
847,727,0.2,0.49,0.5,0.5,0.5,1,0.43374515861375584,1
55,762,0.2,0.905,1.0,0.75,0.75,1,0.523131374968431,1
894,197,0.2,0.615,0.25,0.4167,0.75,1,0.28110651287162125,0
294,685,0.2,0.925,0.25,0.8333,0.75,1,0.4134488709410393,0
756,266,0.4,0.895,0.75,0.5833,0.5,2,0.49769267930266,1
494,603,0.2,0.425,0.75,0.6667,0.5,1,0.3987489164614775,0
940,300,0.2,0.8,0.75,0.5,0.75,1,0.5347570856535941,1
50,332,0.2,0.525,1.0,0.0833,0.75,1,0.39608349115708685,0
512,470,0.2,0.925,1.0,0.6667,0.25,1,0.5249504418625669,1
70,532,0.2,0.495,0.5,0.6667,0.0,1,0.3424159365499801,1
602,953,0.2,0.355,1.0,0.5833,0.5,1,0.5513871588767814,0
106,241,0.2,0.75,0.75,0.4167,1.0,1,0.6012322657156892,1
464,562,0.4,0.295,0.25,0.6667,0.5,2,0.35632626765625963,0
860,281,0.2,0.605,0.75,0.6667,0.75,1,0.5075138428451899,0
234,973,0.4,0.935,0.75,0.9167,0.0,2,0.49828418309384814,1
905,469,0.2,0.535,0.75,0.5,0.25,1,0.5148929475385778,0
909,312,0.2,0.445,0.5,0.9167,0.25,1,0.36934924326582846,0
155,996,0.4,0.765,0.75,0.4167,0.5,2,0.46554130471892774,1
338,603,0.2,0.985,0.75,0.4167,1.0,1,0.5938454854483657,0
399,114,0.2,0.72,0.75,0.3333,0.75,1,0.428290556841336,0
370,379,0.2,0.99,0.25,0.9167,0.75,1,0.4529330161135295,0
11,215,0.2,0.635,0.0,0.9167,0.0,1,0.2040457091439573,0
708,389,0.2,0.955,1.0,0.9167,0.5,1,0.6943080289580054,1
725,979,0.2,0.625,0.75,0.3333,0.25,1,0.5184828270453384,0
694,433,0.2,0.63,0.75,0.6667,0.75,1,0.4138672941335024,0
231,573,0.2,0.845,0.75,0.9167,0.5,1,0.5264171380045597,0
74,107,0.2,0.8,0.5,0.9167,0.25,1,0.4764825330522389,0
562,2,0.2,0.53,0.0,0.8333,0.75,1,0.30153810378346885,0
777,133,0.2,0.82,1.0,0.9167,0.5,1,0.6205806652702385,1
108,627,0.2,0.87,1.0,0.9167,0.75,1,0.6416693744204901,1
659,878,0.2,0.695,0.5,0.1667,1.0,1,0.43023839182162693,0
156,355,0.4,0.495,0.75,0.8333,0.5,2,0.6468023194831429,1
672,732,0.4,0.96,0.25,0.5833,0.75,2,0.49574234274712303,0
774,479,0.2,0.91,0.5,0.25,0.75,1,0.4220464530158176,0
68,676,0.2,0.71,0.5,0.6667,0.5,1,0.33023498427239834,1
578,381,0.2,0.885,0.5,0.75,0.5,1,0.532994109215171,0
221,707,0.2,0.655,0.75,0.9167,0.5,1,0.5035337907689286,0
679,596,0.2,0.92,0.0,0.5833,0.75,1,0.41881849433806034,1
706,691,0.2,0.705,0.5,0.8333,0.5,1,0.5285665968858172,1
537,269,0.2,0.505,0.5,0.5,0.25,1,0.38141085856996504,1
795,986,0.2,0.545,0.0,0.6667,0.0,1,0.3241123487464844,0
931,172,0.2,0.68,0.75,0.25,0.5,1,0.3581380935736494,1
656,297,0.4,0.805,0.75,0.5833,0.25,2,0.5860116535232512,0
624,824,0.2,0.73,0.25,0.9167,0.75,1,0.49605623428300316,0
900,866,0.2,0.85,1.0,0.8333,0.75,1,0.6762629861188266,1
499,188,0.2,0.455,0.75,0.75,0.75,1,0.430833227506105,0
774,125,0.2,0.555,1.0,0.75,1.0,1,0.6357643566194721,1
941,602,0.2,0.895,0.25,0.8333,0.75,1,0.5078965978066035,1
994,778,0.2,0.955,0.75,0.5833,0.5,1,0.6017446776986897,1
656,366,0.4,0.835,0.5,0.9167,0.25,2,0.5745214800275428,1
774,379,0.2,0.43,0.75,0.9167,0.5,1,0.5512895004330154,0
700,210,0.2,0.595,0.75,0.4167,0.0,1,0.4042293950444211,1
165,10,0.2,0.82,0.0,0.75,0.75,1,0.3449081625432332,0
935,803,0.2,0.67,0.5,0.3333,0.5,1,0.32870195216118836,0
615,554,0.2,0.605,0.25,0.6667,0.25,1,0.27509479086980637,0
598,81,0.2,0.11,0.5,0.8333,0.5,1,0.2780948234265683,0
857,188,0.4,0.625,0.75,0.9167,1.0,2,0.6630967083803231,1
556,387,0.2,0.515,1.0,0.75,1.0,1,0.6760548921541177,0
715,286,0.2,0.605,0.0,0.4167,0.75,1,0.3548710320187034,1
141,363,0.2,0.78,0.25,0.4167,0.75,1,0.3925947142339333,0
730,141,0.4,0.46,0.25,0.6667,1.0,2,0.543673848551867,0
956,908,0.2,0.395,0.75,0.9167,0.75,1,0.4452931291482678,0
158,708,0.2,0.775,0.0,0.75,0.5,1,0.3787796354048222,1
843,130,0.2,0.875,0.75,0.6667,1.0,1,0.49693292448741155,0
124,334,0.2,0.365,1.0,0.4167,0.75,1,0.5489170439961908,1
419,758,0.2,0.785,1.0,1.0,0.5,1,0.5274751250016309,0
495,364,0.2,0.77,0.25,0.25,0.5,1,0.40657416460475826,0
467,874,0.2,0.935,0.5,0.75,0.75,1,0.406540726280054,1
675,436,0.2,0.28,0.75,0.5833,0.75,1,0.4608509039431764,0
71,237,0.2,0.64,0.25,0.1667,0.25,1,0.19282848019737617,0
412,237,0.2,0.985,1.0,0.8333,0.5,1,0.5660273074174405,1
792,393,0.2,0.735,0.75,0.3333,0.5,1,0.5458247232863507,0
998,532,0.2,0.565,0.5,0.5,0.25,1,0.2798196757236135,1
225,233,0.2,0.555,0.5,0.8333,1.0,1,0.39489571851718336,1
534,331,0.2,0.095,0.75,0.75,0.75,1,0.4813846532635576,0
109,92,0.2,0.57,0.75,1.0,0.5,1,0.5568686575617117,0
594,450,0.2,0.97,1.0,1.0,0.5,1,0.6004009432843227,0
698,814,0.2,0.895,0.75,0.5833,0.75,1,0.6251071667638979,1
536,747,0.2,0.375,0.75,0.8333,0.25,1,0.44801007432151047,1
334,615,0.2,0.945,0.0,0.9167,0.25,1,0.2564565475712209,0
676,742,0.2,0.495,0.5,0.75,0.5,1,0.36961975015342885,0
383,206,0.2,0.905,0.25,1.0,0.75,1,0.4103629041290862,0
1,772,0.2,0.77,0.5,1.0,0.75,1,0.5917087165400932,0
945,105,0.2,0.88,0.75,0.5833,1.0,1,0.5835293130784811,0
470,606,0.2,0.8,0.75,0.5833,0.5,1,0.43886617143594564,1
842,666,0.2,0.525,0.75,0.5,0.25,1,0.32783154469278186,0
158,140,0.2,0.085,0.5,0.4167,0.25,1,0.3180485666264491,0
586,691,0.4,0.72,0.75,0.9167,0.0,2,0.5600153592724929,1
526,7,0.2,0.795,0.75,0.75,1.0,1,0.4724110404288895,0
55,106,0.4,0.695,1.0,0.8333,0.5,2,0.7048212598065501,1
509,682,0.4,0.535,0.25,0.6667,1.0,2,0.5451949238450309,0
498,649,0.4,0.415,0.5,0.25,0.75,2,0.48593748160704164,1
828,905,0.4,0.81,0.75,0.75,0.0,2,0.4627101346237278,0
9,93,0.2,0.69,0.0,0.5,0.75,1,0.39434032567829547,1
260,980,0.2,0.665,1.0,0.4167,0.5,1,0.4875426226489609,0
836,143,0.4,0.385,0.75,0.8333,0.0,2,0.471044366642962,0
959,351,0.2,0.88,0.0,0.5833,0.75,1,0.26030557421296274,0
82,615,0.4,0.41,0.75,0.75,0.0,2,0.39052239865493754,1
701,973,0.2,0.99,0.0,0.75,1.0,1,0.35952857346013767,1
560,747,0.2,0.31,0.75,0.5833,0.25,1,0.36485810495415105,0
712,208,0.4,0.645,0.75,0.6667,0.75,2,0.6389316022129893,1
945,948,0.4,0.63,0.75,0.25,1.0,2,0.6000885156740183,0
865,94,0.2,0.325,0.75,0.8333,1.0,1,0.44310788391169176,1
970,37,0.2,0.355,0.25,0.5833,0.5,1,0.3854133442230395,0
770,678,0.2,0.455,0.25,0.9167,0.5,1,0.27636750695559387,0
715,546,0.4,0.69,0.0,0.9167,0.75,2,0.42267122911818544,0
95,6,0.2,0.615,0.75,0.75,0.75,1,0.4470076624027167,1
363,141,0.2,0.78,0.25,0.4167,0.75,1,0.2838467476639151,0
556,890,0.2,0.635,0.75,0.8333,0.25,1,0.39623529904728405,0
359,231,0.2,0.505,0.5,0.75,0.75,1,0.42810684711234936,1
178,616,0.2,0.935,1.0,0.4167,0.0,1,0.44661054548392015,0
801,640,0.2,0.93,1.0,0.9167,0.75,1,0.7322395262993668,1
178,590,0.2,0.89,0.0,0.4167,0.5,1,0.21812041143938748,1
947,408,0.4,0.615,0.75,0.5,0.5,2,0.5483899901918099,0
383,52,0.2,0.06,0.0,0.1667,0.0,1,0.11728413894250124,0
636,799,0.2,0.955,0.25,0.3333,0.25,1,0.35031083820119585,0
992,829,0.2,0.525,0.5,0.25,0.25,1,0.4067916558241168,0
1,493,0.4,0.235,0.25,0.8333,0.5,2,0.3499687925646286,0
467,63,0.2,0.49,1.0,0.4167,0.75,1,0.46916847985461135,1
912,639,0.2,0.825,0.5,0.4167,0.75,1,0.44478356515858136,0
656,968,0.2,0.43,0.75,0.4167,1.0,1,0.48173226265957897,1
229,523,0.2,0.945,1.0,0.5833,0.5,1,0.5026817796061713,1
414,202,0.2,0.5,0.75,0.3333,0.75,1,0.43322526734689304,0
257,76,0.2,0.355,0.75,0.9167,0.0,1,0.3585133313166224,0
859,599,0.2,0.275,0.75,0.25,0.75,1,0.4322265434843577,0
7,830,0.2,0.79,0.5,0.3333,0.5,1,0.3397183301812433,1
692,963,0.4,0.775,0.5,0.75,0.5,2,0.4928584137302773,1
922,411,0.2,0.575,0.5,0.5833,0.25,1,0.4146421329815096,1
422,529,0.4,0.785,0.75,0.5,0.5,2,0.5258545427139866,0
168,681,0.4,0.65,1.0,0.6667,0.5,2,0.7169474900664917,1
746,94,0.4,0.875,0.25,0.5,0.75,2,0.42522745401360906,1
906,355,0.2,0.775,1.0,0.3333,0.5,1,0.549608345422779,1
232,225,0.2,0.555,0.5,0.6667,0.75,1,0.4863724479056586,1
554,359,0.2,0.545,0.5,0.9167,1.0,1,0.41687326433132527,0
277,194,0.2,0.455,0.5,0.1667,1.0,1,0.3788975037790915,0
851,561,0.4,0.67,0.75,0.5,0.25,2,0.43008345929480357,1
221,411,0.2,0.66,0.5,0.8333,0.5,1,0.45427652194381307,1
489,827,0.2,0.775,0.5,0.9167,0.75,1,0.39871944156285805,0
446,197,0.2,0.795,0.5,0.5,0.75,1,0.5157999698452936,1
345,699,0.4,0.745,0.75,0.4167,0.0,2,0.5815022522615308,0
23,694,0.2,0.435,1.0,0.6667,0.75,1,0.5244292139585611,0
297,957,0.2,0.475,0.25,0.6667,0.75,1,0.29732419602851634,0
264,878,0.2,0.705,1.0,0.0,0.0,1,0.4313145964214572,0
310,490,0.2,0.535,0.5,0.75,0.5,1,0.3608487758923139,1
912,961,0.2,0.765,0.75,1.0,0.75,1,0.4661962978066387,0
327,408,0.2,0.75,0.75,0.25,1.0,1,0.5450615449705059,0
138,867,0.2,0.67,0.5,0.6667,1.0,1,0.40382530510175346,1
669,362,0.2,0.575,0.75,0.3333,1.0,1,0.47063721191293034,0
942,740,0.2,0.68,0.75,0.75,0.5,1,0.5847361217618563,0
750,144,0.2,0.79,0.0,0.75,0.25,1,0.37255311560449467,0
732,580,0.2,0.11,0.25,0.5833,0.5,1,0.2759701240693919,0
976,804,0.2,0.67,0.75,0.3333,0.75,1,0.4847848537031297,0
510,912,0.4,0.97,0.75,0.8333,0.75,2,0.5858522626517868,1
22,566,0.2,0.655,0.5,0.9167,0.75,1,0.3957777972054042,0
912,315,0.2,0.85,0.5,0.5833,0.75,1,0.3769803396117747,0
331,994,0.2,0.685,0.5,1.0,1.0,1,0.5076520548242697,1
211,409,0.2,0.515,0.5,0.9167,0.75,1,0.3994437160963876,0
859,781,0.2,0.475,1.0,0.8333,0.75,1,0.624690948642169,1
282,854,0.2,0.86,0.75,0.8333,0.5,1,0.5260101574903938,0
734,379,0.2,0.99,0.75,0.5833,0.75,1,0.5423223936958629,1
648,86,0.4,0.725,0.25,0.6667,0.5,2,0.43394727542540334,0
366,429,0.2,0.78,0.25,0.75,0.5,1,0.3789289538990966,0
280,435,0.2,0.33,0.5,0.75,1.0,1,0.45258398924150467,1
101,437,0.2,0.845,0.5,0.75,0.5,1,0.42209588662091396,1
618,299,0.2,0.95,0.5,0.75,0.25,1,0.4620437624494458,1
357,931,0.2,0.435,0.5,0.9167,0.0,1,0.3632045793694502,0
863,867,0.2,0.97,0.5,0.8333,0.25,1,0.45405348939832973,1
681,905,0.2,0.985,0.25,0.6667,0.5,1,0.4452468481864719,0
373,825,0.2,0.95,0.25,0.5833,0.75,1,0.4977365342459109,0
230,794,0.4,0.635,0.75,0.6667,0.75,2,0.4862042851223727,1
31,808,0.4,0.89,0.25,0.6667,0.75,2,0.4892094130303405,1
277,747,0.2,0.345,0.5,0.5,0.25,1,0.33186782080710675,0
428,146,0.2,0.34,0.25,0.8333,0.5,1,0.4166755719908267,1
436,312,0.2,0.105,0.75,1.0,1.0,1,0.4299569243214373,1
10,804,0.2,0.78,0.25,0.9167,0.0,1,0.40672371292559384,0
795,889,0.2,0.82,1.0,0.25,0.75,1,0.6031142118302707,0
450,667,0.2,0.735,0.75,0.9167,0.5,1,0.4878426510217435,1
50,655,0.2,0.745,0.75,0.3333,0.5,1,0.3932879594948624,1
191,717,0.2,0.66,1.0,0.25,0.5,1,0.6035677325845087,0
733,852,0.2,0.715,0.75,0.5833,0.0,1,0.45281125372621445,1
231,392,0.2,0.855,0.5,0.6667,0.5,1,0.5246504882318015,0
351,721,0.2,0.905,0.75,0.8333,0.5,1,0.48224761930466675,0
696,17,0.2,0.695,0.5,1.0,1.0,1,0.5462264610787992,1
881,175,0.2,0.45,1.0,0.9167,0.25,1,0.5241193364681197,1
920,330,0.2,0.65,0.75,0.5833,0.75,1,0.5293252951290517,1
144,453,0.2,0.49,0.0,0.9167,0.75,1,0.3014548824588419,0
490,394,0.4,0.18,0.5,0.25,0.25,2,0.3593566625295918,0
368,742,0.2,0.805,0.0,1.0,0.75,1,0.30500156726326694,1
309,225,0.2,0.935,1.0,0.9167,0.5,1,0.6329611162801226,1
525,583,0.6,0.45,0.0,0.5,1.0,3,0.5084280145727337,0
1000,304,0.4,0.38,0.5,0.75,0.75,2,0.5762187264417973,0
679,346,0.2,0.54,0.5,0.8333,1.0,1,0.4097418813020901,0
730,820,0.2,0.615,0.75,0.75,0.5,1,0.4127904300345131,0
146,1,0.2,0.215,1.0,0.25,0.5,1,0.4365188206785876,1
948,311,0.2,0.595,1.0,0.9167,1.0,1,0.5304118059228025,1
621,367,0.2,0.995,1.0,0.5833,0.75,1,0.5983060535338321,0
176,570,0.2,0.33,1.0,0.8333,0.25,1,0.4114122135733284,0
841,894,0.2,0.535,0.5,1.0,0.75,1,0.38528640230471567,0
102,504,0.4,0.865,1.0,0.8333,0.75,2,0.7671551171664384,1
59,411,0.2,0.415,0.5,0.9167,0.75,1,0.34411052706675405,0
732,548,0.2,0.22,0.75,0.3333,1.0,1,0.39379912135873946,0
107,130,0.2,0.805,0.75,0.5833,0.5,1,0.46828509425609566,1
895,10,0.2,0.42,0.0,0.5,0.5,1,0.2648094711350058,0
68,169,0.2,0.82,0.25,0.75,0.5,1,0.39124984171713534,1
140,415,0.2,0.13,0.5,0.25,0.75,1,0.2499833190260486,1
112,996,0.4,0.965,0.75,0.75,0.75,2,0.5786354556760378,0
451,878,0.2,0.805,0.5,0.3333,0.75,1,0.5254069552721331,0
200,112,0.2,0.645,0.75,0.8333,0.75,1,0.466410232580899,1
510,315,0.4,0.88,0.75,0.75,0.5,2,0.5229224641338294,1
436,458,0.2,0.875,0.25,0.5833,1.0,1,0.4564308279460198,1
833,686,0.2,0.76,0.75,1.0,1.0,1,0.6720147773049572,0
924,771,0.2,0.965,0.75,0.25,0.5,1,0.48686033619099195,1
657,589,0.4,0.565,0.5,0.6667,0.5,2,0.5166360712986732,1
453,538,0.2,0.89,0.75,1.0,0.75,1,0.6177373223712725,1
707,750,0.4,0.48,0.25,0.5,0.25,2,0.3981656017277902,0
438,588,0.2,0.635,0.5,0.8333,0.25,1,0.46333066065932726,0
351,279,0.2,0.945,0.75,0.9167,0.75,1,0.4792283915906164,0
68,111,0.2,0.48,0.25,0.5833,1.0,1,0.39393528490411234,0
432,826,0.2,0.935,0.0,0.75,1.0,1,0.42032195166177727,0
785,299,0.2,0.325,1.0,0.75,1.0,1,0.5928161542732617,0
755,917,0.2,0.86,0.25,0.5833,0.0,1,0.32461416843293,0
141,608,0.4,0.27,0.75,0.8333,0.0,2,0.4010739247968962,0
791,179,0.2,0.445,0.75,0.3333,0.75,1,0.43789547256957956,1
608,672,0.4,0.975,0.0,1.0,0.75,2,0.45412532535910355,1
243,396,0.2,0.64,0.75,0.75,0.0,1,0.4909536841040849,0
808,536,0.2,0.395,0.75,1.0,0.75,1,0.5391245490815697,0
277,823,0.4,0.825,1.0,0.8333,0.25,2,0.7360845292971014,1
996,836,0.2,0.485,1.0,0.6667,1.0,1,0.6017349443737918,0
63,217,0.2,0.72,0.75,0.75,0.75,1,0.5063556760274912,0
998,43,0.2,0.905,0.5,0.4167,0.75,1,0.40661690903000036,1
866,277,0.2,0.355,0.75,0.0833,0.5,1,0.46671245489504165,1
611,949,0.2,0.97,0.5,0.5833,0.75,1,0.541010178377668,1
386,972,0.2,0.57,0.25,0.75,1.0,1,0.49059645523085815,0
761,202,0.2,0.9,0.75,0.8333,0.25,1,0.4694545319439944,0
934,993,0.2,0.09,1.0,0.8333,0.5,1,0.41884356428947855,0
316,922,0.2,0.92,1.0,0.8333,0.25,1,0.6250751975934535,1
244,678,0.2,0.99,0.25,0.75,0.5,1,0.3910335657706799,0
583,132,0.4,0.91,0.25,0.5,0.5,2,0.4304253253646951,0
285,584,0.2,0.515,0.5,0.9167,0.75,1,0.444002186098011,0
228,761,0.2,0.995,1.0,0.4167,0.25,1,0.51494628900051,1
4,218,0.2,0.775,0.5,0.6667,0.75,1,0.4797886669993527,0
537,494,0.4,0.87,1.0,0.5,0.5,2,0.7028864432735654,1
866,193,0.2,0.275,0.75,0.8333,0.5,1,0.4859413979137455,0
282,757,0.2,0.66,1.0,0.4167,0.75,1,0.45899417878735993,0
289,548,0.2,1.0,0.5,0.9167,0.75,1,0.48131678788277205,1
719,942,0.2,0.65,0.25,0.25,0.25,1,0.3035040992220821,1
953,701,0.2,0.84,0.25,0.8333,0.25,1,0.3586117388160512,0
61,746,0.2,0.99,0.75,0.5,0.5,1,0.4456475903665269,0
717,280,0.2,0.805,1.0,0.3333,0.75,1,0.5432983212822843,1
33,470,0.2,0.47,1.0,0.75,0.5,1,0.4312087337109641,0
972,299,0.2,0.78,0.75,0.9167,0.0,1,0.40992245758841545,0
121,856,0.2,0.55,0.75,0.5833,0.75,1,0.4603429236482187,0
451,788,0.2,0.62,0.25,0.9167,0.5,1,0.33186271226652386,0
101,566,0.4,0.375,0.0,0.6667,0.75,2,0.38671734892969256,1
657,30,0.4,0.75,0.25,0.6667,0.25,2,0.35681343131053095,0
256,880,0.2,0.485,0.25,0.6667,0.5,1,0.29448197074734406,1
880,166,0.2,0.565,1.0,0.8333,0.5,1,0.5453509353142929,0
503,364,0.2,0.43,0.25,0.8333,0.75,1,0.4489518669588094,0
10,960,0.2,0.935,0.75,0.6667,0.0,1,0.4761503672484203,1
81,845,0.2,0.69,0.75,0.0833,0.5,1,0.3893480062367336,0
379,892,0.4,0.31,0.75,1.0,0.5,2,0.6051887989909389,0
545,967,0.2,0.795,1.0,0.3333,0.25,1,0.4983977504152137,1
92,735,0.2,0.645,0.25,0.5833,1.0,1,0.36972948276480244,1
625,632,0.2,0.88,0.5,0.9167,0.5,1,0.48149231541978293,1
727,145,0.2,0.88,0.0,0.9167,1.0,1,0.318551671478768,0
607,774,0.2,0.89,0.5,0.4167,0.75,1,0.5502281398695884,0
938,738,0.2,0.55,0.5,0.9167,0.0,1,0.31112683554566145,0
671,936,0.2,0.81,0.25,0.3333,0.25,1,0.42074299167314977,1
970,720,0.2,0.435,0.25,0.6667,0.5,1,0.35136252102639515,0
379,401,0.2,0.85,0.25,0.6667,0.25,1,0.35796250683920083,0
10,604,0.4,0.645,0.75,0.75,0.75,2,0.6247161014978663,1
592,659,0.4,0.575,0.5,0.25,0.0,2,0.3527350548158171,0
25,194,0.6,0.465,0.75,0.1667,1.0,3,0.6572957676543622,1
331,286,0.2,0.935,1.0,0.4167,0.5,1,0.48282260836726026,0
583,188,0.4,0.79,0.75,0.25,0.5,2,0.5444424158752496,0
501,817,0.4,0.935,0.25,0.1667,0.5,2,0.34896163535027763,0
641,193,0.2,0.955,0.75,0.5833,0.5,1,0.5386764252091846,0
718,458,0.2,0.28,0.5,0.25,0.75,1,0.3965420865533736,1
615,236,0.2,0.38,0.0,0.5833,1.0,1,0.35553038958720445,0
592,33,0.2,0.815,0.75,0.4167,0.5,1,0.5674771452132242,1
174,46,0.2,0.195,0.75,1.0,0.5,1,0.5074400488187105,1
219,819,0.2,0.74,0.5,0.3333,0.5,1,0.4957807886688906,0
134,706,0.2,0.48,0.0,0.5833,0.5,1,0.35798841125670955,0
828,958,0.2,0.995,0.25,0.5,0.0,1,0.385472950097073,0
631,374,0.2,0.875,0.5,0.5,0.25,1,0.43265029342127537,0
419,766,0.2,0.62,1.0,0.9167,0.75,1,0.5298622093178935,1
445,892,0.2,0.48,0.5,0.1667,0.75,1,0.29852453962889813,0
450,800,0.4,0.63,0.75,0.8333,1.0,2,0.5828893150300779,0
420,608,0.4,0.53,0.25,0.75,1.0,2,0.5670780818353808,1
59,204,0.2,0.595,0.5,0.9167,0.75,1,0.5015342591971572,0
684,63,0.4,0.46,0.75,0.6667,0.5,2,0.47264842131513973,0
472,556,0.2,0.885,0.5,0.6667,1.0,1,0.45513402830584726,1
257,799,0.2,0.77,0.75,0.4167,0.25,1,0.48854553041018955,1
291,348,0.2,0.91,0.5,0.9167,0.75,1,0.48067622527408876,1
222,756,0.2,0.86,0.75,0.4167,1.0,1,0.595334315573413,0
666,942,0.2,0.835,0.75,0.5833,1.0,1,0.614710912770928,0
767,650,0.2,0.885,1.0,0.8333,0.75,1,0.6431429198526967,1
198,973,0.4,0.75,0.0,0.4167,0.5,2,0.43378610579936794,0
768,849,0.4,0.74,0.5,0.9167,0.5,2,0.499307941898569,1
101,843,0.2,0.98,0.5,0.5833,0.25,1,0.40577267421699004,1
208,899,0.6,0.74,0.75,0.6667,0.5,3,0.6607528497513383,0
678,427,0.2,0.835,0.75,0.8333,0.75,1,0.6369213023477085,0
880,646,0.2,0.615,0.25,0.8333,1.0,1,0.5127262836096462,1
343,375,0.2,0.57,0.75,0.75,0.25,1,0.46049870806824555,0
384,182,0.2,0.765,0.5,0.1667,0.0,1,0.3537801763854235,0
829,769,0.4,0.655,0.5,0.9167,0.5,2,0.5214656910606758,0
629,444,0.2,0.465,0.0,0.4167,0.75,1,0.3162082599319575,1
136,490,0.2,0.985,0.75,0.4167,0.75,1,0.439050858536448,0
408,715,0.2,0.675,0.5,0.8333,0.75,1,0.3712865527666249,0
840,331,0.2,0.89,0.25,0.3333,0.75,1,0.35085677934262205,1
154,914,0.2,0.86,0.75,0.75,1.0,1,0.6465649172651492,1
676,91,0.2,0.855,0.75,0.25,1.0,1,0.6002047410290435,0
396,219,0.2,0.985,0.75,0.3333,0.5,1,0.42327034155305465,1
953,34,0.2,0.695,0.75,0.8333,0.5,1,0.5865894098136485,0
31,188,0.2,0.505,0.25,0.75,1.0,1,0.34049510088440194,1
682,13,0.2,0.6,0.75,0.25,0.5,1,0.5105045795008945,0
394,846,0.4,0.305,0.5,0.5,0.75,2,0.4006442178581543,0
714,523,0.2,0.64,0.5,0.9167,1.0,1,0.5000503101833144,0
115,344,0.2,0.58,0.75,0.6667,0.25,1,0.4722038372347007,0
408,399,0.2,0.905,0.75,0.1667,0.25,1,0.519828807477132,0
794,755,0.4,0.97,0.75,0.5833,0.75,2,0.5779595476655629,1
355,951,0.2,0.91,0.75,1.0,0.75,1,0.561266613048475,0
209,599,0.2,0.32,0.25,1.0,0.75,1,0.29718969164863135,0
111,609,0.4,0.135,1.0,0.9167,0.75,2,0.580969015238933,0
712,894,0.2,0.865,1.0,0.4167,0.5,1,0.5488953234035374,1
902,811,0.2,0.88,0.75,0.75,0.5,1,0.6132344907779428,0
531,156,0.4,0.87,0.25,0.25,1.0,2,0.5024533457074946,0
905,434,0.4,0.94,0.75,1.0,0.5,2,0.6329799549187528,1
117,808,0.2,0.555,0.5,1.0,1.0,1,0.48775895779011547,0
274,922,0.2,0.845,0.75,0.8333,0.75,1,0.6227046638387549,0
355,216,0.2,0.525,0.25,0.8333,0.25,1,0.29490310090884625,0
389,257,0.4,0.85,0.5,0.9167,0.0,2,0.5194508194115817,1
142,154,0.2,0.835,0.25,0.3333,0.5,1,0.4101546497458944,1
960,55,0.2,0.945,0.5,0.75,0.75,1,0.4437259559067597,1
295,716,0.2,0.78,1.0,0.75,0.25,1,0.5606265825090128,0
533,753,0.2,0.77,0.25,1.0,0.75,1,0.33892553901057265,0
892,445,0.2,0.48,0.5,0.1667,0.75,1,0.4680661671515367,1
4,839,0.2,0.63,0.0,0.5,0.75,1,0.2556635842481653,1
10,125,0.2,0.205,0.5,0.75,0.75,1,0.48139672663758426,1
